depot_id,site_name,customer,region,total_chargers,charging_uptime_pct,open_issues,vehicles_served,avg_annual_miles_per_vehicle,pct_offpeak_charging,status,match_notes,source_systems,electrada_site_id,as_of_date
INS-015,Tampa Yard,Tampa Food Service Distribution,AR,26,92.6,0,104,36995,83,Net New,No confirmed Electrada match,Inspiration only,,2026-06-17
INS-018,Cleveland Distribution Hub,Cleveland Logistics,SC,18,96.5,3,54,49291,51,Net New,No confirmed Electrada match,Inspiration only,,2026-06-17
,Omaha Fleet Center,Omaha Logistics,MS,13,96,2,52,68829,56,Net New,No confirmed Inspiration match,Electrada only,ELC-1170,2026-06-17
,Columbia Fleet Center,Columbia Food Service Distribution,VA,17,93.3,2,34,74089,73,Net New,No confirmed Inspiration match,Electrada only,ELC-1172,2026-06-17
,Spokane Charging Hub,Spokane Courier Services,AR,22,98,6,66,54580,64,Net New,No confirmed Inspiration match,Electrada only,ELC-1192,2026-06-17
,Macon Service Center,Macon Telecom Services,ID,18,92.6,0,54,72141,28,Net New,No confirmed Inspiration match,Electrada only,ELC-1194,2026-06-17
,Charlotte Charging Hub,Charlotte Auto Parts Distribution,MS,25,98.3,2,100,60566,64,Net New,No confirmed Inspiration match,Electrada only,ELC-1195,2026-06-17
,Eugene Yard,Eugene Utility Cooperative,AZ,23,93,0,46,47674,36,Net New,No confirmed Inspiration match,Electrada only,ELC-1203,2026-06-17
,Augusta Service Center,Augusta School District,UT,19,92.7,3,57,46416,37,Net New,No confirmed Inspiration match,Electrada only,ELC-1217,2026-06-17
,Phoenix Logistics Hub,Phoenix Parcel Delivery,KY,15,97.2,3,30,29781,30,Net New,No confirmed Inspiration match,Electrada only,ELC-1223,2026-06-17
,Chattanooga Depot,Chattanooga Distribution,NE,11,91.31,6,44,33900,53,Net New,No confirmed Inspiration match,Electrada only,ELC-1233,2026-06-17
,Memphis Depot,Memphis Equipment Rental,KY,21,94.9,4,63,26448,85,Net New,No confirmed Inspiration match,Electrada only,ELC-1253,2026-06-17
,Denver Yard,Denver Logistics,NV,28,99.2,5,112,61429,70,Net New,No confirmed Inspiration match,Electrada only,ELC-1266,2026-06-17
,Portland Fleet Center,Portland Auto Parts Distribution,FL,24,95.1,1,48,37363,76,Net New,No confirmed Inspiration match,Electrada only,ELC-1272,2026-06-17
,Knoxville Depot,Knoxville Logistics,PA,5,92.9,4,10,23299,66,Net New,No confirmed Inspiration match,Electrada only,ELC-1292,2026-06-17
,Huntsville Logistics Center,Huntsville Equipment Rental,CA,10,96.7,1,40,43063,64,Net New,No confirmed Inspiration match,Electrada only,ELC-1312,2026-06-17
,Fresno Logistics Hub,Fresno Logistics,MD,7,98.5,3,21,73417,59,Net New,No confirmed Inspiration match,Electrada only,ELC-1315,2026-06-17
,Richmond Distribution Hub,Richmond Beverage Co.,KS,14,97.7,3,56,31160,86,Net New,No confirmed Inspiration match,Electrada only,ELC-1316,2026-06-17
,Greenville Logistics Center,Greenville Leasing Corporation,MA,8,97.3,0,32,49071,31,Net New,No confirmed Inspiration match,Electrada only,ELC-1325,2026-06-17
,Birmingham Distribution Hub,Birmingham Food Service Distribution,AZ,15,97.9,4,60,75889,62,Net New,No confirmed Inspiration match,Electrada only,ELC-1333,2026-06-17
,Boston Logistics Center,Boston School District,CO,30,95.1,6,60,36203,86,Net New,No confirmed Inspiration match,Electrada only,ELC-1349,2026-06-17
,Orlando Logistics Center,Orlando Auto Parts Distribution,NC,4,98,3,12,35381,64,Net New,No confirmed Inspiration match,Electrada only,ELC-1364,2026-06-17
,Pittsburgh Depot,Pittsburgh Equipment Rental,LA,11,92.9,3,22,54267,46,Net New,No confirmed Inspiration match,Electrada only,ELC-1380,2026-06-17
,Dallas Charging Hub,Dallas Leasing Corporation,UT,24,94.7,5,48,25716,69,Net New,No confirmed Inspiration match,Electrada only,ELC-1387,2026-06-17
,Tulsa Fleet Center,Tulsa School District,AZ,17,98,2,34,61883,79,Net New,No confirmed Inspiration match,Electrada only,ELC-1400,2026-06-17
,Wichita Charging Hub,Wichita Telecom Services,AZ,9,99.5,0,18,70994,38,Net New,No confirmed Inspiration match,Electrada only,ELC-1420,2026-06-17
,Tallahassee Logistics Hub,Tallahassee Utility Cooperative,UT,15,93.3,4,30,12804,21,Net New,No confirmed Inspiration match,Electrada only,ELC-1424,2026-06-17
,Nashville Distribution Hub,Nashville Food Service Distribution,CA,10,98.3,1,20,43008,47,Net New,No confirmed Inspiration match,Electrada only,ELC-1434,2026-06-17
,Albuquerque Yard,Albuquerque Airport Authority,MS,14,94,3,28,17982,65,Net New,No confirmed Inspiration match,Electrada only,ELC-1449,2026-06-17
,Atlanta Logistics Hub,Atlanta Courier Services,UT,20,93.1,1,80,76918,22,Net New,No confirmed Inspiration match,Electrada only,ELC-1464,2026-06-17
,Bakersfield Depot,Bakersfield Auto Parts Distribution,NC,28,98.1,1,56,72061,35,Net New,No confirmed Inspiration match,Electrada only,ELC-1482,2026-06-17
INS-022,Jackson Depot,Jackson Food Service Distribution,NE,20,92.2,6,40,17447,51,Conflict - Needs Resolution,"Region match is true and name similarity is 0.72, but uptime delta exceeds 3%. | Source values - Inspiration uptime: 92.2%, Electrada uptime: 86.5%, Inspiration chargers: 20, Electrada chargers: 20",Both,ELC-1491,2026-06-17
INS-032,Mobile Distribution Hub,Mobile School District,MD,20,91.6,0,60,52678,84,Conflict - Needs Resolution,"Region match is true and name similarity is 0.81, but uptime delta exceeds 3%. | Source values - Inspiration uptime: 91.6%, Electrada uptime: 88.3%, Inspiration chargers: 20, Electrada chargers: 20",Both,ELC-1508,2026-06-17
INS-015,Tampa Yard,Tampa Food Service Distribution,AR,26,90.82,0,104,36995,83,Net New,No confirmed Electrada match,Inspiration only,,2026-06-18
INS-018,Cleveland Distribution Hub,Cleveland Logistics,SC,18,96.5,3,54,49291,51,Net New,No confirmed Electrada match,Inspiration only,,2026-06-18
,Omaha Fleet Center,Omaha Logistics,MS,13,95,3,52,68829,56,Net New,No confirmed Inspiration match,Electrada only,ELC-1170,2026-06-18
,Columbia Fleet Center,Columbia Food Service Distribution,VA,17,93.6,2,34,74089,73,Net New,No confirmed Inspiration match,Electrada only,ELC-1172,2026-06-18
,Spokane Charging Hub,Spokane Courier Services,AR,22,98.2,6,66,54580,64,Net New,No confirmed Inspiration match,Electrada only,ELC-1192,2026-06-18
,Macon Service Center,Macon Telecom Services,ID,18,93.3,0,54,72141,28,Net New,No confirmed Inspiration match,Electrada only,ELC-1194,2026-06-18
,Charlotte Charging Hub,Charlotte Auto Parts Distribution,MS,25,99,2,100,60566,64,Net New,No confirmed Inspiration match,Electrada only,ELC-1195,2026-06-18
,Eugene Yard,Eugene Utility Cooperative,AZ,23,91.8,0,46,47674,36,Net New,No confirmed Inspiration match,Electrada only,ELC-1203,2026-06-18
,Augusta Service Center,Augusta School District,UT,19,93.5,3,57,46416,37,Net New,No confirmed Inspiration match,Electrada only,ELC-1217,2026-06-18
,Phoenix Logistics Hub,Phoenix Parcel Delivery,KY,15,98,3,30,29781,30,Net New,No confirmed Inspiration match,Electrada only,ELC-1223,2026-06-18
,Chattanooga Depot,Chattanooga Distribution,NE,11,91.7,6,44,33900,53,Net New,No confirmed Inspiration match,Electrada only,ELC-1233,2026-06-18
,Memphis Depot,Memphis Equipment Rental,KY,21,94.5,4,63,26448,85,Net New,No confirmed Inspiration match,Electrada only,ELC-1253,2026-06-18
,Denver Yard,Denver Logistics,NV,28,98.9,6,112,61429,70,Net New,No confirmed Inspiration match,Electrada only,ELC-1266,2026-06-18
,Portland Fleet Center,Portland Auto Parts Distribution,FL,24,95.1,1,48,37363,76,Net New,No confirmed Inspiration match,Electrada only,ELC-1272,2026-06-18
,Knoxville Depot,Knoxville Logistics,PA,5,91.9,4,10,23299,66,Net New,No confirmed Inspiration match,Electrada only,ELC-1292,2026-06-18
,Huntsville Logistics Center,Huntsville Equipment Rental,CA,10,96.2,2,40,43063,64,Net New,No confirmed Inspiration match,Electrada only,ELC-1312,2026-06-18
,Fresno Logistics Hub,Fresno Logistics,MD,7,99,3,21,73417,59,Net New,No confirmed Inspiration match,Electrada only,ELC-1315,2026-06-18
,Richmond Distribution Hub,Richmond Beverage Co.,KS,14,96.6,3,56,31160,86,Net New,No confirmed Inspiration match,Electrada only,ELC-1316,2026-06-18
,Greenville Logistics Center,Greenville Leasing Corporation,MA,8,97,0,32,49071,31,Net New,No confirmed Inspiration match,Electrada only,ELC-1325,2026-06-18
,Birmingham Distribution Hub,Birmingham Food Service Distribution,AZ,15,97.7,4,60,75889,62,Net New,No confirmed Inspiration match,Electrada only,ELC-1333,2026-06-18
,Boston Logistics Center,Boston School District,CO,30,95.1,7,60,36203,86,Net New,No confirmed Inspiration match,Electrada only,ELC-1349,2026-06-18
,Orlando Logistics Center,Orlando Auto Parts Distribution,NC,4,98.7,3,12,35381,64,Net New,No confirmed Inspiration match,Electrada only,ELC-1364,2026-06-18
,Pittsburgh Depot,Pittsburgh Equipment Rental,LA,11,93.8,4,22,54267,46,Net New,No confirmed Inspiration match,Electrada only,ELC-1380,2026-06-18
,Dallas Charging Hub,Dallas Leasing Corporation,UT,24,94.1,5,48,25716,69,Net New,No confirmed Inspiration match,Electrada only,ELC-1387,2026-06-18
,Tulsa Fleet Center,Tulsa School District,AZ,17,99,2,34,61883,79,Net New,No confirmed Inspiration match,Electrada only,ELC-1400,2026-06-18
,Wichita Charging Hub,Wichita Telecom Services,AZ,9,99.5,0,18,70994,38,Net New,No confirmed Inspiration match,Electrada only,ELC-1420,2026-06-18
,Tallahassee Logistics Hub,Tallahassee Utility Cooperative,UT,15,93.9,4,30,12804,21,Net New,No confirmed Inspiration match,Electrada only,ELC-1424,2026-06-18
,Nashville Distribution Hub,Nashville Food Service Distribution,CA,10,99.4,1,20,43008,47,Net New,No confirmed Inspiration match,Electrada only,ELC-1434,2026-06-18
,Albuquerque Yard,Albuquerque Airport Authority,MS,14,94.4,3,28,17982,65,Net New,No confirmed Inspiration match,Electrada only,ELC-1449,2026-06-18
,Atlanta Logistics Hub,Atlanta Courier Services,UT,20,92.9,0,80,76918,22,Net New,No confirmed Inspiration match,Electrada only,ELC-1464,2026-06-18
,Bakersfield Depot,Bakersfield Auto Parts Distribution,NC,28,98.9,2,56,72061,35,Net New,No confirmed Inspiration match,Electrada only,ELC-1482,2026-06-18
INS-022,Jackson Depot,Jackson Food Service Distribution,NE,20,93.4,6,40,17447,51,Conflict - Needs Resolution,"Region match is true and name similarity is 0.72, but uptime delta exceeds 3%. | Source values - Inspiration uptime: 93.4%, Electrada uptime: 88.4%, Inspiration chargers: 20, Electrada chargers: 20",Both,ELC-1491,2026-06-18
INS-032,Mobile Distribution Hub,Mobile School District,MD,20,95.4,0,60,52678,84,Auto-Merged,"Region match is true, name similarity is 0.81, and uptime delta is below 3%. | Source values - Inspiration uptime: 95.4%, Electrada uptime: 92.6%, Inspiration chargers: 20, Electrada chargers: 20",Both,ELC-1508,2026-06-18
,Midland Charging Hub,Midland Telecom Services,MA,9,99,0,18,13054,41,Net New,No confirmed Inspiration match,Electrada only,ELC-1519,2026-06-18
,Duluth Yard,Duluth Auto Parts Distribution,WA,24,90.8,0,48,50607,20,Net New,No confirmed Inspiration match,Electrada only,ELC-1526,2026-06-18
,Little Rock Service Center,Little Rock Beverage Co.,MO,29,95,0,116,37713,76,Net New,No confirmed Inspiration match,Electrada only,ELC-1530,2026-06-18
,Toledo Logistics Hub,Toledo Courier Services,ID,15,97.8,5,45,17316,36,Net New,No confirmed Inspiration match,Electrada only,ELC-1533,2026-06-18
,Bozeman Logistics Hub,Bozeman Leasing Corporation,WA,8,91.2,2,16,33284,72,Net New,No confirmed Inspiration match,Electrada only,ELC-1535,2026-06-18
,Sioux Falls Logistics Center,Sioux Falls Distribution,KY,28,98.4,3,56,43763,35,Net New,No confirmed Inspiration match,Electrada only,ELC-1541,2026-06-18
,South Bend Yard,South Bend Utility Cooperative,WI,22,94.8,6,44,54228,47,Net New,No confirmed Inspiration match,Electrada only,ELC-1542,2026-06-18
,Fayetteville Depot,Fayetteville Leasing Corporation,NE,16,97.8,3,48,22145,43,Net New,No confirmed Inspiration match,Electrada only,ELC-1549,2026-06-18
,Boise Service Center,Boise Logistics,KS,28,96.9,3,56,50818,48,Net New,No confirmed Inspiration match,Electrada only,ELC-1556,2026-06-18
,Akron Service Center,Akron Equipment Rental,IN,26,92.1,5,104,42731,69,Net New,No confirmed Inspiration match,Electrada only,ELC-1569,2026-06-18
,Columbia Charging Hub,Columbia Beverage Co.,AZ,12,98.4,0,48,48408,61,Net New,No confirmed Inspiration match,Electrada only,ELC-1576,2026-06-18
,Scranton Yard,Scranton Telecom Services,MO,17,98.8,2,51,30895,56,Net New,No confirmed Inspiration match,Electrada only,ELC-1581,2026-06-18
,Lafayette Distribution Hub,Lafayette Leasing Corporation,NV,10,91.8,2,20,56568,57,Net New,No confirmed Inspiration match,Electrada only,ELC-1587,2026-06-18
,Augusta Logistics Center,Augusta Telecom Services,SC,25,97.5,3,100,40308,72,Net New,No confirmed Inspiration match,Electrada only,ELC-1592,2026-06-18
,Champaign Logistics Hub,Champaign Beverage Co.,ID,21,90,1,42,78432,59,Net New,No confirmed Inspiration match,Electrada only,ELC-1601,2026-06-18
,Lubbock Service Center,Lubbock Parcel Delivery,NV,27,98.9,6,108,64635,79,Net New,No confirmed Inspiration match,Electrada only,ELC-1606,2026-06-18
,Erie Yard,Erie Waste & Recycling,TX,13,99.5,0,52,14189,27,Net New,No confirmed Inspiration match,Electrada only,ELC-1619,2026-06-18
,Corpus Christi Fleet Center,Corpus Christi Airport Authority,KS,26,99.2,4,104,48688,44,Net New,No confirmed Inspiration match,Electrada only,ELC-1630,2026-06-18
,Fargo Charging Hub,Fargo Airport Authority,ID,12,93.8,3,36,26838,36,Net New,No confirmed Inspiration match,Electrada only,ELC-1633,2026-06-18
,Greensboro Charging Hub,Greensboro Courier Services,NM,9,94,2,27,37212,55,Net New,No confirmed Inspiration match,Electrada only,ELC-1645,2026-06-18
,Peoria Fleet Center,Peoria Beverage Co.,NM,19,91.7,4,76,72436,41,Net New,No confirmed Inspiration match,Electrada only,ELC-1660,2026-06-18
,Provo Logistics Center,Provo Telecom Services,FL,4,99.5,0,12,74765,29,Net New,No confirmed Inspiration match,Electrada only,ELC-1669,2026-06-18
INS-041,Pocatello Service Center,Pocatello Distribution,NC,12,95.4,5,24,51823,72,Net New,No confirmed Electrada match,Inspiration only,,2026-06-18
INS-042,Allentown Distribution Hub,Allentown Beverage Co.,MO,16,95.6,0,32,54877,85,Net New,No confirmed Electrada match,Inspiration only,,2026-06-18
INS-050,Rockford Fleet Center,Rockford Equipment Rental,MS,5,91.5,5,15,40094,44,Net New,No confirmed Electrada match,Inspiration only,,2026-06-18
INS-056,Wichita Falls Fleet Center,Wichita Falls School District,SC,6,92.6,4,12,32759,65,Net New,No confirmed Electrada match,Inspiration only,,2026-06-18
INS-059,San Antonio Yard,San Antonio Distribution,CO,8,96.9,4,16,14336,85,Net New,No confirmed Electrada match,Inspiration only,,2026-06-18
INS-063,Madison West Depot,Madison West Leasing Corporation,OK,23,98.3,4,92,31116,63,Net New,No confirmed Electrada match,Inspiration only,,2026-06-18
INS-068,Rochester MN Depot,Rochester MN Parcel Delivery,NE,27,95.3,0,54,75084,86,Conflict - Needs Resolution,"Region match is true and name similarity is 0.68, but uptime delta exceeds 3%. | Source values - Inspiration uptime: 95.3%, Electrada uptime: 89.7%, Inspiration chargers: 27, Electrada chargers: 27",Both,ELC-1672,2026-06-18
INS-072,Athens Logistics Hub,Athens Food Service Distribution,NM,18,96.3,5,72,20509,40,Conflict - Needs Resolution,"Region match is true and name similarity is 0.74, but uptime delta exceeds 3%. | Source values - Inspiration uptime: 96.3%, Electrada uptime: 88.7%, Inspiration chargers: 18, Electrada chargers: 18",Both,ELC-1682,2026-06-18
INS-073,Reno Depot,Reno Leasing Corporation,NV,16,91.4,0,48,30817,36,Conflict - Needs Resolution,"Region match is true and name similarity is 0.79, but uptime delta exceeds 3%. | Source values - Inspiration uptime: 91.4%, Electrada uptime: 86.5%, Inspiration chargers: 16, Electrada chargers: 16",Both,ELC-1692,2026-06-18
INS-075,Macon Logistics Hub,Macon Courier Services,MS,17,95.3,6,34,15281,65,Conflict - Needs Resolution,"Region match is true and name similarity is 0.83, but uptime delta exceeds 3%. | Source values - Inspiration uptime: 95.3%, Electrada uptime: 90.5%, Inspiration chargers: 17, Electrada chargers: 17",Both,ELC-1700,2026-06-18
INS-076,Springfield IL Logistics Hub,Springfield IL School District,IN,30,97.8,2,120,39705,90,Auto-Merged,"Region match is true, name similarity is 0.78, and uptime delta is below 3%. | Source values - Inspiration uptime: 97.8%, Electrada uptime: 95.8%, Inspiration chargers: 30, Electrada chargers: 30",Both,ELC-1707,2026-06-18
INS-083,Fort Smith Yard,Fort Smith Freight Lines,TX,20,97.1,5,40,32826,87,Auto-Merged,"Region match is true, name similarity is 0.85, and uptime delta is below 3%. | Source values - Inspiration uptime: 97.1%, Electrada uptime: 94.4%, Inspiration chargers: 20, Electrada chargers: 20",Both,ELC-1714,2026-06-18
INS-093,Newark Logistics Hub,Newark Leasing Corporation,KY,17,92.9,0,68,13763,45,Auto-Merged,"Region match is true, name similarity is 0.9, and uptime delta is below 3%. | Source values - Inspiration uptime: 92.9%, Electrada uptime: 92.1%, Inspiration chargers: 17, Electrada chargers: 17",Both,ELC-1716,2026-06-18
INS-015,Tampa Yard,Tampa Food Service Distribution,AR,26,90,0,104,36995,83,Net New,No confirmed Electrada match,Inspiration only,,2026-06-19
INS-018,Cleveland Distribution Hub,Cleveland Logistics,SC,18,97.6,3,54,49291,51,Net New,No confirmed Electrada match,Inspiration only,,2026-06-19
,Omaha Fleet Center,Omaha Logistics,MS,13,95.6,2,52,68829,56,Net New,No confirmed Inspiration match,Electrada only,ELC-1170,2026-06-19
,Columbia Fleet Center,Columbia Food Service Distribution,VA,17,93.9,2,34,74089,73,Net New,No confirmed Inspiration match,Electrada only,ELC-1172,2026-06-19
,Spokane Charging Hub,Spokane Courier Services,AR,22,98.1,6,66,54580,64,Net New,No confirmed Inspiration match,Electrada only,ELC-1192,2026-06-19
,Macon Service Center,Macon Telecom Services,ID,18,93.7,1,54,72141,28,Net New,No confirmed Inspiration match,Electrada only,ELC-1194,2026-06-19
,Charlotte Charging Hub,Charlotte Auto Parts Distribution,MS,25,99.7,2,100,60566,64,Net New,No confirmed Inspiration match,Electrada only,ELC-1195,2026-06-19
,Eugene Yard,Eugene Utility Cooperative,AZ,23,92,0,46,47674,36,Net New,No confirmed Inspiration match,Electrada only,ELC-1203,2026-06-19
,Augusta Service Center,Augusta School District,UT,19,93.9,2,57,46416,37,Net New,No confirmed Inspiration match,Electrada only,ELC-1217,2026-06-19
,Phoenix Logistics Hub,Phoenix Parcel Delivery,KY,15,98.6,3,30,29781,30,Net New,No confirmed Inspiration match,Electrada only,ELC-1223,2026-06-19
,Chattanooga Depot,Chattanooga Distribution,NE,11,93.3,6,44,33900,53,Net New,No confirmed Inspiration match,Electrada only,ELC-1233,2026-06-19
,Memphis Depot,Memphis Equipment Rental,KY,21,96.2,4,63,26448,85,Net New,No confirmed Inspiration match,Electrada only,ELC-1253,2026-06-19
,Denver Yard,Denver Logistics,NV,28,99.7,5,112,61429,70,Net New,No confirmed Inspiration match,Electrada only,ELC-1266,2026-06-19
,Portland Fleet Center,Portland Auto Parts Distribution,FL,24,96.7,1,48,37363,76,Net New,No confirmed Inspiration match,Electrada only,ELC-1272,2026-06-19
,Knoxville Depot,Knoxville Logistics,PA,5,92.2,4,10,23299,66,Net New,No confirmed Inspiration match,Electrada only,ELC-1292,2026-06-19
,Huntsville Logistics Center,Huntsville Equipment Rental,CA,10,96.7,1,40,43063,64,Net New,No confirmed Inspiration match,Electrada only,ELC-1312,2026-06-19
,Fresno Logistics Hub,Fresno Logistics,MD,7,99.3,4,21,73417,59,Net New,No confirmed Inspiration match,Electrada only,ELC-1315,2026-06-19
,Richmond Distribution Hub,Richmond Beverage Co.,KS,14,97.6,3,56,31160,86,Net New,No confirmed Inspiration match,Electrada only,ELC-1316,2026-06-19
,Greenville Logistics Center,Greenville Leasing Corporation,MA,8,97.8,0,32,49071,31,Net New,No confirmed Inspiration match,Electrada only,ELC-1325,2026-06-19
,Birmingham Distribution Hub,Birmingham Food Service Distribution,AZ,15,97.9,5,60,75889,62,Net New,No confirmed Inspiration match,Electrada only,ELC-1333,2026-06-19
,Boston Logistics Center,Boston School District,CO,30,96.2,7,60,36203,86,Net New,No confirmed Inspiration match,Electrada only,ELC-1349,2026-06-19
,Orlando Logistics Center,Orlando Auto Parts Distribution,NC,4,98.6,4,12,35381,64,Net New,No confirmed Inspiration match,Electrada only,ELC-1364,2026-06-19
,Pittsburgh Depot,Pittsburgh Equipment Rental,LA,11,93.8,4,22,54267,46,Net New,No confirmed Inspiration match,Electrada only,ELC-1380,2026-06-19
,Dallas Charging Hub,Dallas Leasing Corporation,UT,24,93.8,6,48,25716,69,Net New,No confirmed Inspiration match,Electrada only,ELC-1387,2026-06-19
,Tulsa Fleet Center,Tulsa School District,AZ,17,99.4,2,34,61883,79,Net New,No confirmed Inspiration match,Electrada only,ELC-1400,2026-06-19
,Wichita Charging Hub,Wichita Telecom Services,AZ,9,99.7,0,18,70994,38,Net New,No confirmed Inspiration match,Electrada only,ELC-1420,2026-06-19
,Tallahassee Logistics Hub,Tallahassee Utility Cooperative,UT,15,94.7,4,30,12804,21,Net New,No confirmed Inspiration match,Electrada only,ELC-1424,2026-06-19
,Nashville Distribution Hub,Nashville Food Service Distribution,CA,10,99.7,1,20,43008,47,Net New,No confirmed Inspiration match,Electrada only,ELC-1434,2026-06-19
,Albuquerque Yard,Albuquerque Airport Authority,MS,14,94.7,3,28,17982,65,Net New,No confirmed Inspiration match,Electrada only,ELC-1449,2026-06-19
,Atlanta Logistics Hub,Atlanta Courier Services,UT,20,93.7,0,80,76918,22,Net New,No confirmed Inspiration match,Electrada only,ELC-1464,2026-06-19
,Bakersfield Depot,Bakersfield Auto Parts Distribution,NC,28,99.7,2,56,72061,35,Net New,No confirmed Inspiration match,Electrada only,ELC-1482,2026-06-19
INS-022,Jackson Depot,Jackson Food Service Distribution,NE,20,93.5,6,40,17447,51,Auto-Merged,"Region match is true, name similarity is 0.88, and uptime delta is below 3%. | Source values - Inspiration uptime: 93.5%, Electrada uptime: 92.8%, Inspiration chargers: 20, Electrada chargers: 20",Both,ELC-1491,2026-06-19
INS-032,Mobile Distribution Hub,Mobile School District,MD,20,95.7,0,60,52678,84,Auto-Merged,"Region match is true, name similarity is 0.81, and uptime delta is below 3%. | Source values - Inspiration uptime: 95.4%, Electrada uptime: 92.6%, Inspiration chargers: 20, Electrada chargers: 20",Both,ELC-1508,2026-06-19
,Midland Charging Hub,Midland Telecom Services,MA,9,98.9,0,18,13054,41,Net New,No confirmed Inspiration match,Electrada only,ELC-1519,2026-06-19
,Duluth Yard,Duluth Auto Parts Distribution,WA,24,91.4,0,48,50607,20,Net New,No confirmed Inspiration match,Electrada only,ELC-1526,2026-06-19
,Little Rock Service Center,Little Rock Beverage Co.,MO,29,95.7,0,116,37713,76,Net New,No confirmed Inspiration match,Electrada only,ELC-1530,2026-06-19
,Toledo Logistics Hub,Toledo Courier Services,ID,15,99.7,5,45,17316,36,Net New,No confirmed Inspiration match,Electrada only,ELC-1533,2026-06-19
,Bozeman Logistics Hub,Bozeman Leasing Corporation,WA,8,91.8,2,16,33284,72,Net New,No confirmed Inspiration match,Electrada only,ELC-1535,2026-06-19
,Sioux Falls Logistics Center,Sioux Falls Distribution,KY,28,98.6,3,56,43763,35,Net New,No confirmed Inspiration match,Electrada only,ELC-1541,2026-06-19
,South Bend Yard,South Bend Utility Cooperative,WI,22,95.4,6,44,54228,47,Net New,No confirmed Inspiration match,Electrada only,ELC-1542,2026-06-19
,Fayetteville Depot,Fayetteville Leasing Corporation,NE,16,99.4,3,48,22145,43,Net New,No confirmed Inspiration match,Electrada only,ELC-1549,2026-06-19
,Boise Service Center,Boise Logistics,KS,28,97.6,3,56,50818,48,Net New,No confirmed Inspiration match,Electrada only,ELC-1556,2026-06-19
,Akron Service Center,Akron Equipment Rental,IN,26,93.6,5,104,42731,69,Net New,No confirmed Inspiration match,Electrada only,ELC-1569,2026-06-19
,Columbia Charging Hub,Columbia Beverage Co.,AZ,12,98.4,0,48,48408,61,Net New,No confirmed Inspiration match,Electrada only,ELC-1576,2026-06-19
,Scranton Yard,Scranton Telecom Services,MO,17,99,2,51,30895,56,Net New,No confirmed Inspiration match,Electrada only,ELC-1581,2026-06-19
,Lafayette Distribution Hub,Lafayette Leasing Corporation,NV,10,92.8,2,20,56568,57,Net New,No confirmed Inspiration match,Electrada only,ELC-1587,2026-06-19
,Augusta Logistics Center,Augusta Telecom Services,SC,25,97.8,3,100,40308,72,Net New,No confirmed Inspiration match,Electrada only,ELC-1592,2026-06-19
,Champaign Logistics Hub,Champaign Beverage Co.,ID,21,90.1,0,42,78432,59,Net New,No confirmed Inspiration match,Electrada only,ELC-1601,2026-06-19
,Lubbock Service Center,Lubbock Parcel Delivery,NV,27,99.2,6,108,64635,79,Net New,No confirmed Inspiration match,Electrada only,ELC-1606,2026-06-19
,Erie Yard,Erie Waste & Recycling,TX,13,99.3,0,52,14189,27,Net New,No confirmed Inspiration match,Electrada only,ELC-1619,2026-06-19
,Corpus Christi Fleet Center,Corpus Christi Airport Authority,KS,26,98.9,4,104,48688,44,Net New,No confirmed Inspiration match,Electrada only,ELC-1630,2026-06-19
,Fargo Charging Hub,Fargo Airport Authority,ID,12,94,3,36,26838,36,Net New,No confirmed Inspiration match,Electrada only,ELC-1633,2026-06-19
,Greensboro Charging Hub,Greensboro Courier Services,NM,9,94.3,2,27,37212,55,Net New,No confirmed Inspiration match,Electrada only,ELC-1645,2026-06-19
,Peoria Fleet Center,Peoria Beverage Co.,NM,19,92.8,4,76,72436,41,Net New,No confirmed Inspiration match,Electrada only,ELC-1660,2026-06-19
,Provo Logistics Center,Provo Telecom Services,FL,4,99.7,0,12,74765,29,Net New,No confirmed Inspiration match,Electrada only,ELC-1669,2026-06-19
INS-041,Pocatello Service Center,Pocatello Distribution,NC,12,96.9,5,24,51823,72,Net New,No confirmed Electrada match,Inspiration only,,2026-06-19
INS-042,Allentown Distribution Hub,Allentown Beverage Co.,MO,16,96.5,0,32,54877,85,Net New,No confirmed Electrada match,Inspiration only,,2026-06-19
INS-050,Rockford Fleet Center,Rockford Equipment Rental,MS,5,91.5,5,15,40094,44,Net New,No confirmed Electrada match,Inspiration only,,2026-06-19
INS-056,Wichita Falls Fleet Center,Wichita Falls School District,SC,6,93.7,4,12,32759,65,Net New,No confirmed Electrada match,Inspiration only,,2026-06-19
INS-059,San Antonio Yard,San Antonio Distribution,CO,8,98.5,4,16,14336,85,Net New,No confirmed Electrada match,Inspiration only,,2026-06-19
INS-063,Madison West Depot,Madison West Leasing Corporation,OK,23,99.7,4,92,31116,63,Net New,No confirmed Electrada match,Inspiration only,,2026-06-19
INS-068,Rochester MN Depot,Rochester MN Parcel Delivery,NE,27,94.7,0,54,75084,86,Conflict - Needs Resolution,"Region match is true and name similarity is 0.84, but uptime delta exceeds 3%. | Source values - Inspiration uptime: 94.7%, Electrada uptime: 89.0%, Inspiration chargers: 27, Electrada chargers: 27",Both,ELC-1672,2026-06-19
INS-072,Athens Logistics Hub,Athens Food Service Distribution,NM,18,96.3,5,72,20509,40,Conflict - Needs Resolution,"Region match is true and name similarity is 0.8, but uptime delta exceeds 3%. | Source values - Inspiration uptime: 96.3%, Electrada uptime: 92.2%, Inspiration chargers: 18, Electrada chargers: 18",Both,ELC-1682,2026-06-19
INS-073,Reno Depot,Reno Leasing Corporation,NV,16,90.6,0,48,30817,36,Auto-Merged,"Region match is true, name similarity is 0.87, and uptime delta is below 3%. | Source values - Inspiration uptime: 90.6%, Electrada uptime: 89.2%, Inspiration chargers: 16, Electrada chargers: 16",Both,ELC-1692,2026-06-19
INS-075,Macon Logistics Hub,Macon Courier Services,MS,17,94.4,6,34,15281,65,Conflict - Needs Resolution,"Region match is true and name similarity is 0.69, but uptime delta exceeds 3%. | Source values - Inspiration uptime: 94.4%, Electrada uptime: 90.4%, Inspiration chargers: 17, Electrada chargers: 17",Both,ELC-1700,2026-06-19
INS-076,Springfield IL Logistics Hub,Springfield IL School District,IN,30,97.9,2,120,39705,90,Auto-Merged,"Region match is true, name similarity is 0.78, and uptime delta is below 3%. | Source values - Inspiration uptime: 97.8%, Electrada uptime: 95.8%, Inspiration chargers: 30, Electrada chargers: 30",Both,ELC-1707,2026-06-19
INS-083,Fort Smith Yard,Fort Smith Freight Lines,TX,20,97.6,5,40,32826,87,Auto-Merged,"Region match is true, name similarity is 0.85, and uptime delta is below 3%. | Source values - Inspiration uptime: 97.1%, Electrada uptime: 94.4%, Inspiration chargers: 20, Electrada chargers: 20",Both,ELC-1714,2026-06-19
INS-093,Newark Logistics Hub,Newark Leasing Corporation,KY,17,92.9,0,68,13763,45,Auto-Merged,"Region match is true, name similarity is 0.9, and uptime delta is below 3%. | Source values - Inspiration uptime: 92.9%, Electrada uptime: 92.1%, Inspiration chargers: 17, Electrada chargers: 17",Both,ELC-1716,2026-06-19
,Bismarck Logistics Hub,Bismarck Equipment Rental,OK,19,91.5,1,57,28407,35,Net New,No confirmed Inspiration match,Electrada only,ELC-1731,2026-06-19
,Texarkana Fleet Center,Texarkana School District,AZ,16,92.5,0,48,40937,41,Net New,No confirmed Inspiration match,Electrada only,ELC-1746,2026-06-19
,Salem OR Depot,Salem OR Waste & Recycling,CA,8,90.8,1,24,35138,23,Net New,No confirmed Inspiration match,Electrada only,ELC-1752,2026-06-19
,Dubuque Depot,Dubuque Equipment Rental,WY,12,97.6,1,48,33946,68,Net New,No confirmed Inspiration match,Electrada only,ELC-1754,2026-06-19
,Alexandria LA Yard,Alexandria LA Distribution,SD,24,92.3,4,48,19227,82,Net New,No confirmed Inspiration match,Electrada only,ELC-1757,2026-06-19
,Aberdeen Charging Hub,Aberdeen Leasing Corporation,KY,15,95.7,4,45,54563,24,Net New,No confirmed Inspiration match,Electrada only,ELC-1768,2026-06-19
,Pueblo Distribution Hub,Pueblo Equipment Rental,UT,29,94.8,2,87,66745,29,Net New,No confirmed Inspiration match,Electrada only,ELC-1777,2026-06-19
,Grand Junction Fleet Center,Grand Junction Waste & Recycling,SD,14,97.9,4,56,73701,88,Net New,No confirmed Inspiration match,Electrada only,ELC-1792,2026-06-19
,Watertown Logistics Center,Watertown Equipment Rental,GA,30,92.2,2,90,54028,50,Net New,No confirmed Inspiration match,Electrada only,ELC-1807,2026-06-19
,Gillette Logistics Hub,Gillette Beverage Co.,AR,29,91.2,2,58,53800,56,Net New,No confirmed Inspiration match,Electrada only,ELC-1821,2026-06-19
,Olympia Service Center,Olympia Telecom Services,IN,30,93.2,0,60,12704,30,Net New,No confirmed Inspiration match,Electrada only,ELC-1830,2026-06-19
,Fort Collins Logistics Hub,Fort Collins Leasing Corporation,AR,16,96.5,6,32,15495,58,Net New,No confirmed Inspiration match,Electrada only,ELC-1837,2026-06-19
,Topeka Service Center,Topeka Beverage Co.,AR,16,99,2,32,31030,80,Net New,No confirmed Inspiration match,Electrada only,ELC-1840,2026-06-19
,Joplin Fleet Center,Joplin Freight Lines,KS,17,97.7,6,51,34241,74,Net New,No confirmed Inspiration match,Electrada only,ELC-1852,2026-06-19
,Merced Distribution Hub,Merced Equipment Rental,MD,29,99.7,2,116,59451,90,Net New,No confirmed Inspiration match,Electrada only,ELC-1860,2026-06-19
,Manhattan KS Logistics Hub,Manhattan KS Leasing Corporation,WI,13,95.2,1,39,70980,78,Net New,No confirmed Inspiration match,Electrada only,ELC-1873,2026-06-19
,Rapid City West Logistics Hub,Rapid City West Logistics,GA,20,97.3,1,40,23262,83,Net New,No confirmed Inspiration match,Electrada only,ELC-1886,2026-06-19
,Springfield MO Fleet Center,Springfield MO Waste & Recycling,CO,25,95.1,3,75,10717,29,Net New,No confirmed Inspiration match,Electrada only,ELC-1896,2026-06-19
,Chico Service Center,Chico Parcel Delivery,UT,28,92,3,112,51226,23,Net New,No confirmed Inspiration match,Electrada only,ELC-1903,2026-06-19
,Cedar Rapids Fleet Center,Cedar Rapids Auto Parts Distribution,NV,24,96.8,0,96,12904,28,Net New,No confirmed Inspiration match,Electrada only,ELC-1909,2026-06-19
INS-103,Yuma Fleet Center,Yuma Logistics,GA,8,91.9,5,32,38224,46,Net New,No confirmed Electrada match,Inspiration only,,2026-06-19
INS-113,Medford Logistics Hub,Medford Parcel Delivery,AR,23,93.4,4,69,65354,74,Net New,No confirmed Electrada match,Inspiration only,,2026-06-19
INS-116,Bellingham Logistics Center,Bellingham School District,OK,18,95.4,3,54,56966,44,Net New,No confirmed Electrada match,Inspiration only,,2026-06-19
INS-119,Greeley Yard,Greeley Courier Services,MS,10,94.1,4,40,57326,65,Net New,No confirmed Electrada match,Inspiration only,,2026-06-19
INS-124,Colorado Springs Depot,Colorado Springs Equipment Rental,MS,23,88.3,4,69,26821,73,Conflict - Needs Resolution,"Region match is true and name similarity is 0.66, but uptime delta exceeds 3%. | Source values - Inspiration uptime: 88.3%, Electrada uptime: 83.3%, Inspiration chargers: 23, Electrada chargers: 23",Both,ELC-1924,2026-06-19
INS-128,Flagstaff Service Center,Flagstaff Leasing Corporation,MO,14,95.8,3,28,65463,37,Conflict - Needs Resolution,"Region match is true and name similarity is 0.71, but uptime delta exceeds 3%. | Source values - Inspiration uptime: 95.8%, Electrada uptime: 89.2%, Inspiration chargers: 14, Electrada chargers: 14",Both,ELC-1925,2026-06-19
INS-137,Bend Yard,Bend Logistics,AZ,5,94.6,1,15,36760,56,Conflict - Needs Resolution,"Region match is true and name similarity is 0.75, but uptime delta exceeds 3%. | Source values - Inspiration uptime: 94.6%, Electrada uptime: 90.5%, Inspiration chargers: 5, Electrada chargers: 5",Both,ELC-1940,2026-06-19
INS-139,Tyler Distribution Hub,Tyler Freight Lines,SC,27,93.5,1,108,70305,54,Conflict - Needs Resolution,"Region match is true and name similarity is 0.79, but uptime delta exceeds 3%. | Source values - Inspiration uptime: 93.5%, Electrada uptime: 87.6%, Inspiration chargers: 27, Electrada chargers: 27",Both,ELC-1945,2026-06-19
INS-144,Modesto Yard,Modesto Telecom Services,IN,8,95.7,2,16,16626,20,Conflict - Needs Resolution,"Region match is true and name similarity is 0.84, but uptime delta exceeds 3%. | Source values - Inspiration uptime: 95.7%, Electrada uptime: 92.3%, Inspiration chargers: 8, Electrada chargers: 8",Both,ELC-1950,2026-06-19
INS-145,Killeen Service Center,Killeen Waste & Recycling,LA,6,93.6,6,12,11532,83,Auto-Merged,"Region match is true, name similarity is 0.77, and uptime delta is below 3%. | Source values - Inspiration uptime: 93.6%, Electrada uptime: 92.3%, Inspiration chargers: 6, Electrada chargers: 6",Both,ELC-1960,2026-06-19
INS-154,Laramie Service Center,Laramie Parcel Delivery,AZ,30,91.7,1,90,75726,46,Auto-Merged,"Region match is true, name similarity is 0.86, and uptime delta is below 3%. | Source values - Inspiration uptime: 91.7%, Electrada uptime: 91.0%, Inspiration chargers: 30, Electrada chargers: 30",Both,ELC-1968,2026-06-19
INS-164,Redding Logistics Center,Redding Leasing Corporation,NE,17,92.7,4,68,38727,62,Auto-Merged,"Region match is true, name similarity is 0.93, and uptime delta is below 3%. | Source values - Inspiration uptime: 92.7%, Electrada uptime: 91.6%, Inspiration chargers: 17, Electrada chargers: 17",Both,ELC-1979,2026-06-19
INS-015,Tampa Yard,Tampa Food Service Distribution,AR,26,93.38,0,104,36995,83,Net New,No confirmed Electrada match,Inspiration only,,2026-06-20
INS-018,Cleveland Distribution Hub,Cleveland Logistics,SC,18,97.6,3,54,49291,51,Net New,No confirmed Electrada match,Inspiration only,,2026-06-20
,Omaha Fleet Center,Omaha Logistics,MS,13,96,3,52,68829,56,Net New,No confirmed Inspiration match,Electrada only,ELC-1170,2026-06-20
,Columbia Fleet Center,Columbia Food Service Distribution,VA,17,94.8,2,34,74089,73,Net New,No confirmed Inspiration match,Electrada only,ELC-1172,2026-06-20
,Spokane Charging Hub,Spokane Courier Services,AR,22,99.5,6,66,54580,64,Net New,No confirmed Inspiration match,Electrada only,ELC-1192,2026-06-20
,Macon Service Center,Macon Telecom Services,ID,18,93.3,2,54,72141,28,Net New,No confirmed Inspiration match,Electrada only,ELC-1194,2026-06-20
,Charlotte Charging Hub,Charlotte Auto Parts Distribution,MS,25,99.6,2,100,60566,64,Net New,No confirmed Inspiration match,Electrada only,ELC-1195,2026-06-20
,Eugene Yard,Eugene Utility Cooperative,AZ,23,93.1,0,46,47674,36,Net New,No confirmed Inspiration match,Electrada only,ELC-1203,2026-06-20
,Augusta Service Center,Augusta School District,UT,19,95.6,2,57,46416,37,Net New,No confirmed Inspiration match,Electrada only,ELC-1217,2026-06-20
,Phoenix Logistics Hub,Phoenix Parcel Delivery,KY,15,99.6,3,30,29781,30,Net New,No confirmed Inspiration match,Electrada only,ELC-1223,2026-06-20
,Chattanooga Depot,Chattanooga Distribution,NE,11,93.9,6,44,33900,53,Net New,No confirmed Inspiration match,Electrada only,ELC-1233,2026-06-20
,Memphis Depot,Memphis Equipment Rental,KY,21,96.5,4,63,26448,85,Net New,No confirmed Inspiration match,Electrada only,ELC-1253,2026-06-20
,Denver Yard,Denver Logistics,NV,28,99.7,5,112,61429,70,Net New,No confirmed Inspiration match,Electrada only,ELC-1266,2026-06-20
,Portland Fleet Center,Portland Auto Parts Distribution,FL,24,97.5,1,48,37363,76,Net New,No confirmed Inspiration match,Electrada only,ELC-1272,2026-06-20
,Knoxville Depot,Knoxville Logistics,PA,5,92.4,5,10,23299,66,Net New,No confirmed Inspiration match,Electrada only,ELC-1292,2026-06-20
,Huntsville Logistics Center,Huntsville Equipment Rental,CA,10,97.4,1,40,43063,64,Net New,No confirmed Inspiration match,Electrada only,ELC-1312,2026-06-20
,Fresno Logistics Hub,Fresno Logistics,MD,7,99.7,5,21,73417,59,Net New,No confirmed Inspiration match,Electrada only,ELC-1315,2026-06-20
,Richmond Distribution Hub,Richmond Beverage Co.,KS,14,99,3,56,31160,86,Net New,No confirmed Inspiration match,Electrada only,ELC-1316,2026-06-20
,Greenville Logistics Center,Greenville Leasing Corporation,MA,8,98.5,0,32,49071,31,Net New,No confirmed Inspiration match,Electrada only,ELC-1325,2026-06-20
,Birmingham Distribution Hub,Birmingham Food Service Distribution,AZ,15,99.1,6,60,75889,62,Net New,No confirmed Inspiration match,Electrada only,ELC-1333,2026-06-20
,Boston Logistics Center,Boston School District,CO,30,97.6,7,60,36203,86,Net New,No confirmed Inspiration match,Electrada only,ELC-1349,2026-06-20
,Orlando Logistics Center,Orlando Auto Parts Distribution,NC,4,99.5,4,12,35381,64,Net New,No confirmed Inspiration match,Electrada only,ELC-1364,2026-06-20
,Pittsburgh Depot,Pittsburgh Equipment Rental,LA,11,95,4,22,54267,46,Net New,No confirmed Inspiration match,Electrada only,ELC-1380,2026-06-20
,Dallas Charging Hub,Dallas Leasing Corporation,UT,24,95.2,6,48,25716,69,Net New,No confirmed Inspiration match,Electrada only,ELC-1387,2026-06-20
,Tulsa Fleet Center,Tulsa School District,AZ,17,99.7,2,34,61883,79,Net New,No confirmed Inspiration match,Electrada only,ELC-1400,2026-06-20
,Wichita Charging Hub,Wichita Telecom Services,AZ,9,99.6,0,18,70994,38,Net New,No confirmed Inspiration match,Electrada only,ELC-1420,2026-06-20
,Tallahassee Logistics Hub,Tallahassee Utility Cooperative,UT,15,94.9,4,30,12804,21,Net New,No confirmed Inspiration match,Electrada only,ELC-1424,2026-06-20
,Nashville Distribution Hub,Nashville Food Service Distribution,CA,10,99.7,2,20,43008,47,Net New,No confirmed Inspiration match,Electrada only,ELC-1434,2026-06-20
,Albuquerque Yard,Albuquerque Airport Authority,MS,14,95.6,3,28,17982,65,Net New,No confirmed Inspiration match,Electrada only,ELC-1449,2026-06-20
,Atlanta Logistics Hub,Atlanta Courier Services,UT,20,94.8,0,80,76918,22,Net New,No confirmed Inspiration match,Electrada only,ELC-1464,2026-06-20
,Bakersfield Depot,Bakersfield Auto Parts Distribution,NC,28,99.7,2,56,72061,35,Net New,No confirmed Inspiration match,Electrada only,ELC-1482,2026-06-20
INS-022,Jackson Depot,Jackson Food Service Distribution,NE,20,93.1,6,40,17447,51,Auto-Merged,"Region match is true, name similarity is 0.88, and uptime delta is below 3%. | Source values - Inspiration uptime: 93.5%, Electrada uptime: 92.8%, Inspiration chargers: 20, Electrada chargers: 20",Both,ELC-1491,2026-06-20
INS-032,Mobile Distribution Hub,Mobile School District,MD,20,96.3,0,60,52678,84,Auto-Merged,"Region match is true, name similarity is 0.81, and uptime delta is below 3%. | Source values - Inspiration uptime: 95.4%, Electrada uptime: 92.6%, Inspiration chargers: 20, Electrada chargers: 20",Both,ELC-1508,2026-06-20
,Midland Charging Hub,Midland Telecom Services,MA,9,98.5,0,18,13054,41,Net New,No confirmed Inspiration match,Electrada only,ELC-1519,2026-06-20
,Duluth Yard,Duluth Auto Parts Distribution,WA,24,92.6,0,48,50607,20,Net New,No confirmed Inspiration match,Electrada only,ELC-1526,2026-06-20
,Little Rock Service Center,Little Rock Beverage Co.,MO,29,95.8,1,116,37713,76,Net New,No confirmed Inspiration match,Electrada only,ELC-1530,2026-06-20
,Toledo Logistics Hub,Toledo Courier Services,ID,15,99.3,5,45,17316,36,Net New,No confirmed Inspiration match,Electrada only,ELC-1533,2026-06-20
,Bozeman Logistics Hub,Bozeman Leasing Corporation,WA,8,91.6,2,16,33284,72,Net New,No confirmed Inspiration match,Electrada only,ELC-1535,2026-06-20
,Sioux Falls Logistics Center,Sioux Falls Distribution,KY,28,99,3,56,43763,35,Net New,No confirmed Inspiration match,Electrada only,ELC-1541,2026-06-20
,South Bend Yard,South Bend Utility Cooperative,WI,22,96.6,6,44,54228,47,Net New,No confirmed Inspiration match,Electrada only,ELC-1542,2026-06-20
,Fayetteville Depot,Fayetteville Leasing Corporation,NE,16,99.7,3,48,22145,43,Net New,No confirmed Inspiration match,Electrada only,ELC-1549,2026-06-20
,Boise Service Center,Boise Logistics,KS,28,99.4,3,56,50818,48,Net New,No confirmed Inspiration match,Electrada only,ELC-1556,2026-06-20
,Akron Service Center,Akron Equipment Rental,IN,26,95,4,104,42731,69,Net New,No confirmed Inspiration match,Electrada only,ELC-1569,2026-06-20
,Columbia Charging Hub,Columbia Beverage Co.,AZ,12,99.1,0,48,48408,61,Net New,No confirmed Inspiration match,Electrada only,ELC-1576,2026-06-20
,Scranton Yard,Scranton Telecom Services,MO,17,99.6,2,51,30895,56,Net New,No confirmed Inspiration match,Electrada only,ELC-1581,2026-06-20
,Lafayette Distribution Hub,Lafayette Leasing Corporation,NV,10,92.8,2,20,56568,57,Net New,No confirmed Inspiration match,Electrada only,ELC-1587,2026-06-20
,Augusta Logistics Center,Augusta Telecom Services,SC,25,97.5,3,100,40308,72,Net New,No confirmed Inspiration match,Electrada only,ELC-1592,2026-06-20
,Champaign Logistics Hub,Champaign Beverage Co.,ID,21,90.3,0,42,78432,59,Net New,No confirmed Inspiration match,Electrada only,ELC-1601,2026-06-20
,Lubbock Service Center,Lubbock Parcel Delivery,NV,27,99.7,6,108,64635,79,Net New,No confirmed Inspiration match,Electrada only,ELC-1606,2026-06-20
,Erie Yard,Erie Waste & Recycling,TX,13,99.7,0,52,14189,27,Net New,No confirmed Inspiration match,Electrada only,ELC-1619,2026-06-20
,Corpus Christi Fleet Center,Corpus Christi Airport Authority,KS,26,99.7,4,104,48688,44,Net New,No confirmed Inspiration match,Electrada only,ELC-1630,2026-06-20
,Fargo Charging Hub,Fargo Airport Authority,ID,12,94.5,3,36,26838,36,Net New,No confirmed Inspiration match,Electrada only,ELC-1633,2026-06-20
,Greensboro Charging Hub,Greensboro Courier Services,NM,9,95.4,2,27,37212,55,Net New,No confirmed Inspiration match,Electrada only,ELC-1645,2026-06-20
,Peoria Fleet Center,Peoria Beverage Co.,NM,19,92.7,4,76,72436,41,Net New,No confirmed Inspiration match,Electrada only,ELC-1660,2026-06-20
,Provo Logistics Center,Provo Telecom Services,FL,4,99.7,0,12,74765,29,Net New,No confirmed Inspiration match,Electrada only,ELC-1669,2026-06-20
INS-041,Pocatello Service Center,Pocatello Distribution,NC,12,98.5,4,24,51823,72,Net New,No confirmed Electrada match,Inspiration only,,2026-06-20
INS-042,Allentown Distribution Hub,Allentown Beverage Co.,MO,16,96.8,0,32,54877,85,Net New,No confirmed Electrada match,Inspiration only,,2026-06-20
INS-050,Rockford Fleet Center,Rockford Equipment Rental,MS,5,92.3,5,15,40094,44,Net New,No confirmed Electrada match,Inspiration only,,2026-06-20
INS-056,Wichita Falls Fleet Center,Wichita Falls School District,SC,6,95.2,5,12,32759,65,Net New,No confirmed Electrada match,Inspiration only,,2026-06-20
INS-059,San Antonio Yard,San Antonio Distribution,CO,8,98.3,4,16,14336,85,Net New,No confirmed Electrada match,Inspiration only,,2026-06-20
INS-063,Madison West Depot,Madison West Leasing Corporation,OK,23,99.7,4,92,31116,63,Net New,No confirmed Electrada match,Inspiration only,,2026-06-20
INS-068,Rochester MN Depot,Rochester MN Parcel Delivery,NE,27,94.4,0,54,75084,86,Conflict - Needs Resolution,"Region match is true and name similarity is 0.73, but uptime delta exceeds 3%. | Source values - Inspiration uptime: 94.4%, Electrada uptime: 88.9%, Inspiration chargers: 27, Electrada chargers: 27",Both,ELC-1672,2026-06-20
INS-072,Athens Logistics Hub,Athens Food Service Distribution,NM,18,97.1,5,72,20509,40,Auto-Merged,"Region match is true, name similarity is 0.81, and uptime delta is below 3%. | Source values - Inspiration uptime: 97.1%, Electrada uptime: 95.5%, Inspiration chargers: 18, Electrada chargers: 18",Both,ELC-1682,2026-06-20
INS-073,Reno Depot,Reno Leasing Corporation,NV,16,89.8,0,48,30817,36,Auto-Merged,"Region match is true, name similarity is 0.87, and uptime delta is below 3%. | Source values - Inspiration uptime: 90.6%, Electrada uptime: 89.2%, Inspiration chargers: 16, Electrada chargers: 16",Both,ELC-1692,2026-06-20
INS-075,Macon Logistics Hub,Macon Courier Services,MS,17,94.2,6,34,15281,65,Conflict - Needs Resolution,"Region match is true and name similarity is 0.76, but uptime delta exceeds 3%. | Source values - Inspiration uptime: 94.2%, Electrada uptime: 87.9%, Inspiration chargers: 17, Electrada chargers: 17",Both,ELC-1700,2026-06-20
INS-076,Springfield IL Logistics Hub,Springfield IL School District,IN,30,98.3,2,120,39705,90,Auto-Merged,"Region match is true, name similarity is 0.78, and uptime delta is below 3%. | Source values - Inspiration uptime: 97.8%, Electrada uptime: 95.8%, Inspiration chargers: 30, Electrada chargers: 30",Both,ELC-1707,2026-06-20
INS-083,Fort Smith Yard,Fort Smith Freight Lines,TX,20,98,5,40,32826,87,Auto-Merged,"Region match is true, name similarity is 0.85, and uptime delta is below 3%. | Source values - Inspiration uptime: 97.1%, Electrada uptime: 94.4%, Inspiration chargers: 20, Electrada chargers: 20",Both,ELC-1714,2026-06-20
INS-093,Newark Logistics Hub,Newark Leasing Corporation,KY,17,93.3,0,68,13763,45,Auto-Merged,"Region match is true, name similarity is 0.9, and uptime delta is below 3%. | Source values - Inspiration uptime: 92.9%, Electrada uptime: 92.1%, Inspiration chargers: 17, Electrada chargers: 17",Both,ELC-1716,2026-06-20
,Bismarck Logistics Hub,Bismarck Equipment Rental,OK,19,92.1,1,57,28407,35,Net New,No confirmed Inspiration match,Electrada only,ELC-1731,2026-06-20
,Texarkana Fleet Center,Texarkana School District,AZ,16,92.5,0,48,40937,41,Net New,No confirmed Inspiration match,Electrada only,ELC-1746,2026-06-20
,Salem OR Depot,Salem OR Waste & Recycling,CA,8,91.6,1,24,35138,23,Net New,No confirmed Inspiration match,Electrada only,ELC-1752,2026-06-20
,Dubuque Depot,Dubuque Equipment Rental,WY,12,98.1,1,48,33946,68,Net New,No confirmed Inspiration match,Electrada only,ELC-1754,2026-06-20
,Alexandria LA Yard,Alexandria LA Distribution,SD,24,93.8,4,48,19227,82,Net New,No confirmed Inspiration match,Electrada only,ELC-1757,2026-06-20
,Aberdeen Charging Hub,Aberdeen Leasing Corporation,KY,15,96.2,4,45,54563,24,Net New,No confirmed Inspiration match,Electrada only,ELC-1768,2026-06-20
,Pueblo Distribution Hub,Pueblo Equipment Rental,UT,29,96.2,2,87,66745,29,Net New,No confirmed Inspiration match,Electrada only,ELC-1777,2026-06-20
,Grand Junction Fleet Center,Grand Junction Waste & Recycling,SD,14,99.5,4,56,73701,88,Net New,No confirmed Inspiration match,Electrada only,ELC-1792,2026-06-20
,Watertown Logistics Center,Watertown Equipment Rental,GA,30,92.4,2,90,54028,50,Net New,No confirmed Inspiration match,Electrada only,ELC-1807,2026-06-20
,Gillette Logistics Hub,Gillette Beverage Co.,AR,29,90.9,2,58,53800,56,Net New,No confirmed Inspiration match,Electrada only,ELC-1821,2026-06-20
,Olympia Service Center,Olympia Telecom Services,IN,30,93.2,0,60,12704,30,Net New,No confirmed Inspiration match,Electrada only,ELC-1830,2026-06-20
,Fort Collins Logistics Hub,Fort Collins Leasing Corporation,AR,16,96.9,6,32,15495,58,Net New,No confirmed Inspiration match,Electrada only,ELC-1837,2026-06-20
,Topeka Service Center,Topeka Beverage Co.,AR,16,98.9,2,32,31030,80,Net New,No confirmed Inspiration match,Electrada only,ELC-1840,2026-06-20
,Joplin Fleet Center,Joplin Freight Lines,KS,17,97.5,6,51,34241,74,Net New,No confirmed Inspiration match,Electrada only,ELC-1852,2026-06-20
,Merced Distribution Hub,Merced Equipment Rental,MD,29,99.7,3,116,59451,90,Net New,No confirmed Inspiration match,Electrada only,ELC-1860,2026-06-20
,Manhattan KS Logistics Hub,Manhattan KS Leasing Corporation,WI,13,96.1,1,39,70980,78,Net New,No confirmed Inspiration match,Electrada only,ELC-1873,2026-06-20
,Rapid City West Logistics Hub,Rapid City West Logistics,GA,20,97.9,1,40,23262,83,Net New,No confirmed Inspiration match,Electrada only,ELC-1886,2026-06-20
,Springfield MO Fleet Center,Springfield MO Waste & Recycling,CO,25,95.4,3,75,10717,29,Net New,No confirmed Inspiration match,Electrada only,ELC-1896,2026-06-20
,Chico Service Center,Chico Parcel Delivery,UT,28,92.5,3,112,51226,23,Net New,No confirmed Inspiration match,Electrada only,ELC-1903,2026-06-20
,Cedar Rapids Fleet Center,Cedar Rapids Auto Parts Distribution,NV,24,97.8,0,96,12904,28,Net New,No confirmed Inspiration match,Electrada only,ELC-1909,2026-06-20
INS-103,Yuma Fleet Center,Yuma Logistics,GA,8,92.9,4,32,38224,46,Net New,No confirmed Electrada match,Inspiration only,,2026-06-20
INS-113,Medford Logistics Hub,Medford Parcel Delivery,AR,23,93.1,4,69,65354,74,Net New,No confirmed Electrada match,Inspiration only,,2026-06-20
INS-116,Bellingham Logistics Center,Bellingham School District,OK,18,96.1,3,54,56966,44,Net New,No confirmed Electrada match,Inspiration only,,2026-06-20
INS-119,Greeley Yard,Greeley Courier Services,MS,10,94.8,3,40,57326,65,Net New,No confirmed Electrada match,Inspiration only,,2026-06-20
INS-124,Colorado Springs Depot,Colorado Springs Equipment Rental,MS,23,88,4,69,26821,73,Conflict - Needs Resolution,"Region match is true and name similarity is 0.65, but uptime delta exceeds 3%. | Source values - Inspiration uptime: 88.0%, Electrada uptime: 83.9%, Inspiration chargers: 23, Electrada chargers: 23",Both,ELC-1924,2026-06-20
INS-128,Flagstaff Service Center,Flagstaff Leasing Corporation,MO,14,95,3,28,65463,37,Conflict - Needs Resolution,"Region match is true and name similarity is 0.78, but uptime delta exceeds 3%. | Source values - Inspiration uptime: 95.0%, Electrada uptime: 90.7%, Inspiration chargers: 14, Electrada chargers: 14",Both,ELC-1925,2026-06-20
INS-137,Bend Yard,Bend Logistics,AZ,5,95,1,15,36760,56,Auto-Merged,"Region match is true, name similarity is 0.82, and uptime delta is below 3%. | Source values - Inspiration uptime: 95.0%, Electrada uptime: 94.2%, Inspiration chargers: 5, Electrada chargers: 5",Both,ELC-1940,2026-06-20
INS-139,Tyler Distribution Hub,Tyler Freight Lines,SC,27,93.1,1,108,70305,54,Auto-Merged,"Region match is true, name similarity is 0.89, and uptime delta is below 3%. | Source values - Inspiration uptime: 93.1%, Electrada uptime: 90.7%, Inspiration chargers: 27, Electrada chargers: 27",Both,ELC-1945,2026-06-20
INS-144,Modesto Yard,Modesto Telecom Services,IN,8,95,2,16,16626,20,Conflict - Needs Resolution,"Region match is true and name similarity is 0.81, but uptime delta exceeds 3%. | Source values - Inspiration uptime: 95.0%, Electrada uptime: 89.0%, Inspiration chargers: 8, Electrada chargers: 8",Both,ELC-1950,2026-06-20
INS-145,Killeen Service Center,Killeen Waste & Recycling,LA,6,94.3,6,12,11532,83,Auto-Merged,"Region match is true, name similarity is 0.77, and uptime delta is below 3%. | Source values - Inspiration uptime: 93.6%, Electrada uptime: 92.3%, Inspiration chargers: 6, Electrada chargers: 6",Both,ELC-1960,2026-06-20
INS-154,Laramie Service Center,Laramie Parcel Delivery,AZ,30,92.2,1,90,75726,46,Auto-Merged,"Region match is true, name similarity is 0.86, and uptime delta is below 3%. | Source values - Inspiration uptime: 91.7%, Electrada uptime: 91.0%, Inspiration chargers: 30, Electrada chargers: 30",Both,ELC-1968,2026-06-20
INS-164,Redding Logistics Center,Redding Leasing Corporation,NE,17,92.4,4,68,38727,62,Auto-Merged,"Region match is true, name similarity is 0.93, and uptime delta is below 3%. | Source values - Inspiration uptime: 92.7%, Electrada uptime: 91.6%, Inspiration chargers: 17, Electrada chargers: 17",Both,ELC-1979,2026-06-20
,Elgin Distribution Hub,Elgin Utility Cooperative,OK,25,97,1,75,37760,79,Net New,No confirmed Inspiration match,Electrada only,ELC-1984,2026-06-20
,Huntington Fleet Center,Huntington Equipment Rental,VA,10,93.1,4,20,28719,65,Net New,No confirmed Inspiration match,Electrada only,ELC-1989,2026-06-20
,Freeport Service Center,Freeport Beverage Co.,NC,7,95.3,0,28,55959,25,Net New,No confirmed Inspiration match,Electrada only,ELC-1996,2026-06-20
,Dixon Fleet Center,Dixon Courier Services,MS,24,96.1,1,72,12279,43,Net New,No confirmed Inspiration match,Electrada only,ELC-2001,2026-06-20
,Richmond IN Logistics Hub,Richmond IN Parcel Delivery,MN,17,91.6,0,51,25860,72,Net New,No confirmed Inspiration match,Electrada only,ELC-2006,2026-06-20
,Danville Fleet Center,Danville Logistics,SC,10,94.6,2,30,37445,73,Net New,No confirmed Inspiration match,Electrada only,ELC-2018,2026-06-20
,Stevens Point Charging Hub,Stevens Point Beverage Co.,AZ,8,92,6,32,66466,34,Net New,No confirmed Inspiration match,Electrada only,ELC-2025,2026-06-20
,Bloomington South Yard,Bloomington South Parcel Delivery,CO,25,97.8,5,100,71594,81,Net New,No confirmed Inspiration match,Electrada only,ELC-2033,2026-06-20
,Beloit Logistics Center,Beloit Beverage Co.,MT,12,97.1,2,24,68520,66,Net New,No confirmed Inspiration match,Electrada only,ELC-2040,2026-06-20
,Elkhart Depot,Elkhart School District,TN,22,91.1,2,88,14609,39,Net New,No confirmed Inspiration match,Electrada only,ELC-2054,2026-06-20
,Sheboygan Depot,Sheboygan Leasing Corporation,ND,26,90.8,4,104,11063,29,Net New,No confirmed Inspiration match,Electrada only,ELC-2059,2026-06-20
,Kokomo Charging Hub,Kokomo Utility Cooperative,GA,24,90.8,1,72,14741,35,Net New,No confirmed Inspiration match,Electrada only,ELC-2061,2026-06-20
,Sterling Distribution Hub,Sterling Parcel Delivery,ND,26,93,0,78,11887,78,Net New,No confirmed Inspiration match,Electrada only,ELC-2074,2026-06-20
,Muncie Service Center,Muncie Logistics,UT,30,98.4,0,90,28519,81,Net New,No confirmed Inspiration match,Electrada only,ELC-2081,2026-06-20
,Warsaw Yard,Warsaw Beverage Co.,NV,27,95.8,2,81,65690,81,Net New,No confirmed Inspiration match,Electrada only,ELC-2091,2026-06-20
,Joliet Charging Hub,Joliet Food Service Distribution,OK,8,94.6,3,32,33678,65,Net New,No confirmed Inspiration match,Electrada only,ELC-2098,2026-06-20
,Columbus IN Charging Hub,Columbus IN Distribution,IN,17,92.2,4,68,71040,40,Net New,No confirmed Inspiration match,Electrada only,ELC-2110,2026-06-20
,New Albany Yard,New Albany Beverage Co.,IA,6,96.6,3,24,21779,48,Net New,No confirmed Inspiration match,Electrada only,ELC-2122,2026-06-20
,La Crosse Depot,La Crosse Parcel Delivery,AR,19,99,1,57,30201,39,Net New,No confirmed Inspiration match,Electrada only,ELC-2125,2026-06-20
,Decatur Service Center,Decatur Telecom Services,ND,11,91.9,1,22,32560,71,Net New,No confirmed Inspiration match,Electrada only,ELC-2130,2026-06-20
,Owensboro Distribution Hub,Owensboro Beverage Co.,NC,17,99.6,1,68,50910,88,Net New,No confirmed Inspiration match,Electrada only,ELC-2141,2026-06-20
INS-172,Rockford North Service Center,Rockford North Airport Authority,CO,25,97.5,4,75,31655,60,Net New,No confirmed Electrada match,Inspiration only,,2026-06-20
INS-177,Jeffersonville Charging Hub,Jeffersonville Parcel Delivery,NM,6,94.7,1,24,50573,61,Net New,No confirmed Electrada match,Inspiration only,,2026-06-20
INS-180,Anderson Logistics Center,Anderson Beverage Co.,CO,24,98.8,3,48,30179,32,Net New,No confirmed Electrada match,Inspiration only,,2026-06-20
INS-182,Marshfield Distribution Hub,Marshfield Waste & Recycling,MN,19,93.2,4,57,37360,53,Net New,No confirmed Electrada match,Inspiration only,,2026-06-20
INS-183,Oshkosh Fleet Center,Oshkosh Logistics,KY,28,99.7,1,84,59434,45,Net New,No confirmed Electrada match,Inspiration only,,2026-06-20
INS-189,Wabash Fleet Center,Wabash Utility Cooperative,WI,5,97.3,0,15,60642,88,Net New,No confirmed Electrada match,Inspiration only,,2026-06-20
INS-197,Bloomington IL Depot,Bloomington IL Waste & Recycling,OK,18,92.4,6,36,57698,47,Net New,No confirmed Electrada match,Inspiration only,,2026-06-20
INS-203,Janesville Distribution Hub,Janesville Distribution,CO,18,96.9,1,54,21789,59,Net New,No confirmed Electrada match,Inspiration only,,2026-06-20
INS-204,Lafayette IN Logistics Center,Lafayette IN Courier Services,TX,21,99.7,4,63,21103,63,Net New,No confirmed Electrada match,Inspiration only,,2026-06-20
INS-206,Waukegan Charging Hub,Waukegan Distribution,NC,16,88.8,3,48,75870,27,Conflict - Needs Resolution,"Region match is true and name similarity is 0.64, but uptime delta exceeds 3%. | Source values - Inspiration uptime: 88.8%, Electrada uptime: 85.1%, Inspiration chargers: 16, Electrada chargers: 16",Both,ELC-2151,2026-06-20
INS-212,Wausau Depot,Wausau Telecom Services,FL,16,91.6,2,32,71903,76,Conflict - Needs Resolution,"Region match is true and name similarity is 0.69, but uptime delta exceeds 3%. | Source values - Inspiration uptime: 91.6%, Electrada uptime: 83.7%, Inspiration chargers: 16, Electrada chargers: 16",Both,ELC-2166,2026-06-20
INS-217,Elizabethtown Logistics Hub,Elizabethtown Equipment Rental,KY,24,90.8,3,72,52265,64,Conflict - Needs Resolution,"Region match is true and name similarity is 0.73, but uptime delta exceeds 3%. | Source values - Inspiration uptime: 90.8%, Electrada uptime: 84.1%, Inspiration chargers: 24, Electrada chargers: 24",Both,ELC-2178,2026-06-20
INS-221,Eau Claire Yard,Eau Claire Logistics,OH,7,95.6,3,14,19619,72,Conflict - Needs Resolution,"Region match is true and name similarity is 0.77, but uptime delta exceeds 3%. | Source values - Inspiration uptime: 95.6%, Electrada uptime: 88.7%, Inspiration chargers: 7, Electrada chargers: 7",Both,ELC-2186,2026-06-20
INS-228,Frankfort Depot,Frankfort School District,NC,7,90.1,2,21,12864,78,Conflict - Needs Resolution,"Region match is true and name similarity is 0.8, but uptime delta exceeds 3%. | Source values - Inspiration uptime: 90.1%, Electrada uptime: 84.4%, Inspiration chargers: 7, Electrada chargers: 7",Both,ELC-2194,2026-06-20
INS-238,Mishawaka Logistics Hub,Mishawaka Equipment Rental,UT,5,94.4,3,15,57322,21,Conflict - Needs Resolution,"Region match is true and name similarity is 0.83, but uptime delta exceeds 3%. | Source values - Inspiration uptime: 94.4%, Electrada uptime: 88.2%, Inspiration chargers: 5, Electrada chargers: 5",Both,ELC-2201,2026-06-20
INS-247,Henderson Fleet Center,Henderson Waste & Recycling,NE,23,92.6,1,69,74254,38,Auto-Merged,"Region match is true, name similarity is 0.82, and uptime delta is below 3%. | Source values - Inspiration uptime: 92.6%, Electrada uptime: 90.5%, Inspiration chargers: 23, Electrada chargers: 23",Both,ELC-2213,2026-06-20
INS-255,Marion IN Fleet Center,Marion IN Beverage Co.,UT,13,96.5,4,39,50222,43,Auto-Merged,"Region match is true, name similarity is 0.89, and uptime delta is below 3%. | Source values - Inspiration uptime: 96.5%, Electrada uptime: 95.9%, Inspiration chargers: 13, Electrada chargers: 13",Both,ELC-2225,2026-06-20
INS-015,Tampa Yard,Tampa Food Service Distribution,AR,26,90.1,0,104,36995,83,Net New,No confirmed Electrada match,Inspiration only,,2026-06-21
INS-018,Cleveland Distribution Hub,Cleveland Logistics,SC,18,98.7,3,54,49291,51,Net New,No confirmed Electrada match,Inspiration only,,2026-06-21
,Omaha Fleet Center,Omaha Logistics,MS,13,96,3,52,68829,56,Net New,No confirmed Inspiration match,Electrada only,ELC-1170,2026-06-21
,Columbia Fleet Center,Columbia Food Service Distribution,VA,17,94.4,2,34,74089,73,Net New,No confirmed Inspiration match,Electrada only,ELC-1172,2026-06-21
,Spokane Charging Hub,Spokane Courier Services,AR,22,99.7,5,66,54580,64,Net New,No confirmed Inspiration match,Electrada only,ELC-1192,2026-06-21
,Macon Service Center,Macon Telecom Services,ID,18,92.8,2,54,72141,28,Net New,No confirmed Inspiration match,Electrada only,ELC-1194,2026-06-21
,Charlotte Charging Hub,Charlotte Auto Parts Distribution,MS,25,98.7,2,100,60566,64,Net New,No confirmed Inspiration match,Electrada only,ELC-1195,2026-06-21
,Eugene Yard,Eugene Utility Cooperative,AZ,23,92.4,0,46,47674,36,Net New,No confirmed Inspiration match,Electrada only,ELC-1203,2026-06-21
,Augusta Service Center,Augusta School District,UT,19,96.9,2,57,46416,37,Net New,No confirmed Inspiration match,Electrada only,ELC-1217,2026-06-21
,Phoenix Logistics Hub,Phoenix Parcel Delivery,KY,15,99.7,3,30,29781,30,Net New,No confirmed Inspiration match,Electrada only,ELC-1223,2026-06-21
,Chattanooga Depot,Chattanooga Distribution,NE,11,94.2,6,44,33900,53,Net New,No confirmed Inspiration match,Electrada only,ELC-1233,2026-06-21
,Memphis Depot,Memphis Equipment Rental,KY,21,95.8,3,63,26448,85,Net New,No confirmed Inspiration match,Electrada only,ELC-1253,2026-06-21
,Denver Yard,Denver Logistics,NV,28,99.5,5,112,61429,70,Net New,No confirmed Inspiration match,Electrada only,ELC-1266,2026-06-21
,Portland Fleet Center,Portland Auto Parts Distribution,FL,24,98.5,1,48,37363,76,Net New,No confirmed Inspiration match,Electrada only,ELC-1272,2026-06-21
,Knoxville Depot,Knoxville Logistics,PA,5,92.2,5,10,23299,66,Net New,No confirmed Inspiration match,Electrada only,ELC-1292,2026-06-21
,Huntsville Logistics Center,Huntsville Equipment Rental,CA,10,96.7,0,40,43063,64,Net New,No confirmed Inspiration match,Electrada only,ELC-1312,2026-06-21
,Fresno Logistics Hub,Fresno Logistics,MD,7,99.7,5,21,73417,59,Net New,No confirmed Inspiration match,Electrada only,ELC-1315,2026-06-21
,Richmond Distribution Hub,Richmond Beverage Co.,KS,14,98.4,3,56,31160,86,Net New,No confirmed Inspiration match,Electrada only,ELC-1316,2026-06-21
,Greenville Logistics Center,Greenville Leasing Corporation,MA,8,99.5,0,32,49071,31,Net New,No confirmed Inspiration match,Electrada only,ELC-1325,2026-06-21
,Birmingham Distribution Hub,Birmingham Food Service Distribution,AZ,15,99.7,6,60,75889,62,Net New,No confirmed Inspiration match,Electrada only,ELC-1333,2026-06-21
,Boston Logistics Center,Boston School District,CO,30,97.2,6,60,36203,86,Net New,No confirmed Inspiration match,Electrada only,ELC-1349,2026-06-21
,Orlando Logistics Center,Orlando Auto Parts Distribution,NC,4,99.7,4,12,35381,64,Net New,No confirmed Inspiration match,Electrada only,ELC-1364,2026-06-21
,Pittsburgh Depot,Pittsburgh Equipment Rental,LA,11,95.7,5,22,54267,46,Net New,No confirmed Inspiration match,Electrada only,ELC-1380,2026-06-21
,Dallas Charging Hub,Dallas Leasing Corporation,UT,24,96,6,48,25716,69,Net New,No confirmed Inspiration match,Electrada only,ELC-1387,2026-06-21
,Tulsa Fleet Center,Tulsa School District,AZ,17,99.7,2,34,61883,79,Net New,No confirmed Inspiration match,Electrada only,ELC-1400,2026-06-21
,Wichita Charging Hub,Wichita Telecom Services,AZ,9,98.9,0,18,70994,38,Net New,No confirmed Inspiration match,Electrada only,ELC-1420,2026-06-21
,Tallahassee Logistics Hub,Tallahassee Utility Cooperative,UT,15,95.3,4,30,12804,21,Net New,No confirmed Inspiration match,Electrada only,ELC-1424,2026-06-21
,Nashville Distribution Hub,Nashville Food Service Distribution,CA,10,99.7,2,20,43008,47,Net New,No confirmed Inspiration match,Electrada only,ELC-1434,2026-06-21
,Albuquerque Yard,Albuquerque Airport Authority,MS,14,95.9,3,28,17982,65,Net New,No confirmed Inspiration match,Electrada only,ELC-1449,2026-06-21
,Atlanta Logistics Hub,Atlanta Courier Services,UT,20,95.7,0,80,76918,22,Net New,No confirmed Inspiration match,Electrada only,ELC-1464,2026-06-21
,Bakersfield Depot,Bakersfield Auto Parts Distribution,NC,28,99.7,2,56,72061,35,Net New,No confirmed Inspiration match,Electrada only,ELC-1482,2026-06-21
INS-022,Jackson Depot,Jackson Food Service Distribution,NE,20,92.4,6,40,17447,51,Auto-Merged,"Region match is true, name similarity is 0.88, and uptime delta is below 3%. | Source values - Inspiration uptime: 93.5%, Electrada uptime: 92.8%, Inspiration chargers: 20, Electrada chargers: 20",Both,ELC-1491,2026-06-21
INS-032,Mobile Distribution Hub,Mobile School District,MD,20,95.9,0,60,52678,84,Auto-Merged,"Region match is true, name similarity is 0.81, and uptime delta is below 3%. | Source values - Inspiration uptime: 95.4%, Electrada uptime: 92.6%, Inspiration chargers: 20, Electrada chargers: 20",Both,ELC-1508,2026-06-21
,Midland Charging Hub,Midland Telecom Services,MA,9,99.7,0,18,13054,41,Net New,No confirmed Inspiration match,Electrada only,ELC-1519,2026-06-21
,Duluth Yard,Duluth Auto Parts Distribution,WA,24,91.9,0,48,50607,20,Net New,No confirmed Inspiration match,Electrada only,ELC-1526,2026-06-21
,Little Rock Service Center,Little Rock Beverage Co.,MO,29,96.4,1,116,37713,76,Net New,No confirmed Inspiration match,Electrada only,ELC-1530,2026-06-21
,Toledo Logistics Hub,Toledo Courier Services,ID,15,99.7,5,45,17316,36,Net New,No confirmed Inspiration match,Electrada only,ELC-1533,2026-06-21
,Bozeman Logistics Hub,Bozeman Leasing Corporation,WA,8,92.5,2,16,33284,72,Net New,No confirmed Inspiration match,Electrada only,ELC-1535,2026-06-21
,Sioux Falls Logistics Center,Sioux Falls Distribution,KY,28,98.4,4,56,43763,35,Net New,No confirmed Inspiration match,Electrada only,ELC-1541,2026-06-21
,South Bend Yard,South Bend Utility Cooperative,WI,22,97.8,6,44,54228,47,Net New,No confirmed Inspiration match,Electrada only,ELC-1542,2026-06-21
,Fayetteville Depot,Fayetteville Leasing Corporation,NE,16,99.7,3,48,22145,43,Net New,No confirmed Inspiration match,Electrada only,ELC-1549,2026-06-21
,Boise Service Center,Boise Logistics,KS,28,99.1,2,56,50818,48,Net New,No confirmed Inspiration match,Electrada only,ELC-1556,2026-06-21
,Akron Service Center,Akron Equipment Rental,IN,26,96.1,4,104,42731,69,Net New,No confirmed Inspiration match,Electrada only,ELC-1569,2026-06-21
,Columbia Charging Hub,Columbia Beverage Co.,AZ,12,99.5,0,48,48408,61,Net New,No confirmed Inspiration match,Electrada only,ELC-1576,2026-06-21
,Scranton Yard,Scranton Telecom Services,MO,17,98.9,2,51,30895,56,Net New,No confirmed Inspiration match,Electrada only,ELC-1581,2026-06-21
,Lafayette Distribution Hub,Lafayette Leasing Corporation,NV,10,92.9,2,20,56568,57,Net New,No confirmed Inspiration match,Electrada only,ELC-1587,2026-06-21
,Augusta Logistics Center,Augusta Telecom Services,SC,25,98.2,3,100,40308,72,Net New,No confirmed Inspiration match,Electrada only,ELC-1592,2026-06-21
,Champaign Logistics Hub,Champaign Beverage Co.,ID,21,89.5,0,42,78432,59,Net New,No confirmed Inspiration match,Electrada only,ELC-1601,2026-06-21
,Lubbock Service Center,Lubbock Parcel Delivery,NV,27,98.8,6,108,64635,79,Net New,No confirmed Inspiration match,Electrada only,ELC-1606,2026-06-21
,Erie Yard,Erie Waste & Recycling,TX,13,99.7,0,52,14189,27,Net New,No confirmed Inspiration match,Electrada only,ELC-1619,2026-06-21
,Corpus Christi Fleet Center,Corpus Christi Airport Authority,KS,26,99.7,4,104,48688,44,Net New,No confirmed Inspiration match,Electrada only,ELC-1630,2026-06-21
,Fargo Charging Hub,Fargo Airport Authority,ID,12,94.8,3,36,26838,36,Net New,No confirmed Inspiration match,Electrada only,ELC-1633,2026-06-21
,Greensboro Charging Hub,Greensboro Courier Services,NM,9,94.8,2,27,37212,55,Net New,No confirmed Inspiration match,Electrada only,ELC-1645,2026-06-21
,Peoria Fleet Center,Peoria Beverage Co.,NM,19,93.8,4,76,72436,41,Net New,No confirmed Inspiration match,Electrada only,ELC-1660,2026-06-21
,Provo Logistics Center,Provo Telecom Services,FL,4,99.7,0,12,74765,29,Net New,No confirmed Inspiration match,Electrada only,ELC-1669,2026-06-21
INS-041,Pocatello Service Center,Pocatello Distribution,NC,12,98.9,4,24,51823,72,Net New,No confirmed Electrada match,Inspiration only,,2026-06-21
INS-042,Allentown Distribution Hub,Allentown Beverage Co.,MO,16,97,0,32,54877,85,Net New,No confirmed Electrada match,Inspiration only,,2026-06-21
INS-050,Rockford Fleet Center,Rockford Equipment Rental,MS,5,91.9,5,15,40094,44,Net New,No confirmed Electrada match,Inspiration only,,2026-06-21
INS-056,Wichita Falls Fleet Center,Wichita Falls School District,SC,6,95.2,5,12,32759,65,Net New,No confirmed Electrada match,Inspiration only,,2026-06-21
INS-059,San Antonio Yard,San Antonio Distribution,CO,8,99.2,5,16,14336,85,Net New,No confirmed Electrada match,Inspiration only,,2026-06-21
INS-063,Madison West Depot,Madison West Leasing Corporation,OK,23,99.7,4,92,31116,63,Net New,No confirmed Electrada match,Inspiration only,,2026-06-21
INS-068,Rochester MN Depot,Rochester MN Parcel Delivery,NE,27,94.4,0,54,75084,86,Conflict - Needs Resolution,"Region match is true and name similarity is 0.71, but uptime delta exceeds 3%. | Source values - Inspiration uptime: 94.4%, Electrada uptime: 87.5%, Inspiration chargers: 27, Electrada chargers: 27",Both,ELC-1672,2026-06-21
INS-072,Athens Logistics Hub,Athens Food Service Distribution,NM,18,97.1,5,72,20509,40,Auto-Merged,"Region match is true, name similarity is 0.81, and uptime delta is below 3%. | Source values - Inspiration uptime: 97.1%, Electrada uptime: 95.5%, Inspiration chargers: 18, Electrada chargers: 18",Both,ELC-1682,2026-06-21
INS-073,Reno Depot,Reno Leasing Corporation,NV,16,89,0,48,30817,36,Auto-Merged,"Region match is true, name similarity is 0.87, and uptime delta is below 3%. | Source values - Inspiration uptime: 90.6%, Electrada uptime: 89.2%, Inspiration chargers: 16, Electrada chargers: 16",Both,ELC-1692,2026-06-21
INS-075,Macon Logistics Hub,Macon Courier Services,MS,17,94.3,6,34,15281,65,Conflict - Needs Resolution,"Region match is true and name similarity is 0.79, but uptime delta exceeds 3%. | Source values - Inspiration uptime: 94.3%, Electrada uptime: 87.6%, Inspiration chargers: 17, Electrada chargers: 17",Both,ELC-1700,2026-06-21
INS-076,Springfield IL Logistics Hub,Springfield IL School District,IN,30,97.7,2,120,39705,90,Auto-Merged,"Region match is true, name similarity is 0.78, and uptime delta is below 3%. | Source values - Inspiration uptime: 97.8%, Electrada uptime: 95.8%, Inspiration chargers: 30, Electrada chargers: 30",Both,ELC-1707,2026-06-21
INS-083,Fort Smith Yard,Fort Smith Freight Lines,TX,20,97.7,5,40,32826,87,Auto-Merged,"Region match is true, name similarity is 0.85, and uptime delta is below 3%. | Source values - Inspiration uptime: 97.1%, Electrada uptime: 94.4%, Inspiration chargers: 20, Electrada chargers: 20",Both,ELC-1714,2026-06-21
INS-093,Newark Logistics Hub,Newark Leasing Corporation,KY,17,93.9,0,68,13763,45,Auto-Merged,"Region match is true, name similarity is 0.9, and uptime delta is below 3%. | Source values - Inspiration uptime: 92.9%, Electrada uptime: 92.1%, Inspiration chargers: 17, Electrada chargers: 17",Both,ELC-1716,2026-06-21
,Bismarck Logistics Hub,Bismarck Equipment Rental,OK,19,92,1,57,28407,35,Net New,No confirmed Inspiration match,Electrada only,ELC-1731,2026-06-21
,Texarkana Fleet Center,Texarkana School District,AZ,16,91.7,0,48,40937,41,Net New,No confirmed Inspiration match,Electrada only,ELC-1746,2026-06-21
,Salem OR Depot,Salem OR Waste & Recycling,CA,8,92.1,1,24,35138,23,Net New,No confirmed Inspiration match,Electrada only,ELC-1752,2026-06-21
,Dubuque Depot,Dubuque Equipment Rental,WY,12,97.8,1,48,33946,68,Net New,No confirmed Inspiration match,Electrada only,ELC-1754,2026-06-21
,Alexandria LA Yard,Alexandria LA Distribution,SD,24,92.9,5,48,19227,82,Net New,No confirmed Inspiration match,Electrada only,ELC-1757,2026-06-21
,Aberdeen Charging Hub,Aberdeen Leasing Corporation,KY,15,95.5,4,45,54563,24,Net New,No confirmed Inspiration match,Electrada only,ELC-1768,2026-06-21
,Pueblo Distribution Hub,Pueblo Equipment Rental,UT,29,96.5,2,87,66745,29,Net New,No confirmed Inspiration match,Electrada only,ELC-1777,2026-06-21
,Grand Junction Fleet Center,Grand Junction Waste & Recycling,SD,14,99.7,4,56,73701,88,Net New,No confirmed Inspiration match,Electrada only,ELC-1792,2026-06-21
,Watertown Logistics Center,Watertown Equipment Rental,GA,30,92.4,2,90,54028,50,Net New,No confirmed Inspiration match,Electrada only,ELC-1807,2026-06-21
,Gillette Logistics Hub,Gillette Beverage Co.,AR,29,91.4,2,58,53800,56,Net New,No confirmed Inspiration match,Electrada only,ELC-1821,2026-06-21
,Olympia Service Center,Olympia Telecom Services,IN,30,93.3,1,60,12704,30,Net New,No confirmed Inspiration match,Electrada only,ELC-1830,2026-06-21
,Fort Collins Logistics Hub,Fort Collins Leasing Corporation,AR,16,96,6,32,15495,58,Net New,No confirmed Inspiration match,Electrada only,ELC-1837,2026-06-21
,Topeka Service Center,Topeka Beverage Co.,AR,16,99.4,2,32,31030,80,Net New,No confirmed Inspiration match,Electrada only,ELC-1840,2026-06-21
,Joplin Fleet Center,Joplin Freight Lines,KS,17,98.4,5,51,34241,74,Net New,No confirmed Inspiration match,Electrada only,ELC-1852,2026-06-21
,Merced Distribution Hub,Merced Equipment Rental,MD,29,98.9,3,116,59451,90,Net New,No confirmed Inspiration match,Electrada only,ELC-1860,2026-06-21
,Manhattan KS Logistics Hub,Manhattan KS Leasing Corporation,WI,13,96.2,1,39,70980,78,Net New,No confirmed Inspiration match,Electrada only,ELC-1873,2026-06-21
,Rapid City West Logistics Hub,Rapid City West Logistics,GA,20,97.3,1,40,23262,83,Net New,No confirmed Inspiration match,Electrada only,ELC-1886,2026-06-21
,Springfield MO Fleet Center,Springfield MO Waste & Recycling,CO,25,94.9,3,75,10717,29,Net New,No confirmed Inspiration match,Electrada only,ELC-1896,2026-06-21
,Chico Service Center,Chico Parcel Delivery,UT,28,92.3,4,112,51226,23,Net New,No confirmed Inspiration match,Electrada only,ELC-1903,2026-06-21
,Cedar Rapids Fleet Center,Cedar Rapids Auto Parts Distribution,NV,24,97.8,1,96,12904,28,Net New,No confirmed Inspiration match,Electrada only,ELC-1909,2026-06-21
INS-103,Yuma Fleet Center,Yuma Logistics,GA,8,93.6,5,32,38224,46,Net New,No confirmed Electrada match,Inspiration only,,2026-06-21
INS-113,Medford Logistics Hub,Medford Parcel Delivery,AR,23,92.8,4,69,65354,74,Net New,No confirmed Electrada match,Inspiration only,,2026-06-21
INS-116,Bellingham Logistics Center,Bellingham School District,OK,18,95.4,3,54,56966,44,Net New,No confirmed Electrada match,Inspiration only,,2026-06-21
INS-119,Greeley Yard,Greeley Courier Services,MS,10,96,3,40,57326,65,Net New,No confirmed Electrada match,Inspiration only,,2026-06-21
INS-124,Colorado Springs Depot,Colorado Springs Equipment Rental,MS,23,88,4,69,26821,73,Auto-Merged,"Region match is true, name similarity is 0.89, and uptime delta is below 3%. | Source values - Inspiration uptime: 88.0%, Electrada uptime: 85.6%, Inspiration chargers: 23, Electrada chargers: 23",Both,ELC-1924,2026-06-21
INS-128,Flagstaff Service Center,Flagstaff Leasing Corporation,MO,14,95.3,3,28,65463,37,Auto-Merged,"Region match is true, name similarity is 0.79, and uptime delta is below 3%. | Source values - Inspiration uptime: 95.3%, Electrada uptime: 92.7%, Inspiration chargers: 14, Electrada chargers: 14",Both,ELC-1925,2026-06-21
INS-137,Bend Yard,Bend Logistics,AZ,5,94.8,1,15,36760,56,Auto-Merged,"Region match is true, name similarity is 0.82, and uptime delta is below 3%. | Source values - Inspiration uptime: 95.0%, Electrada uptime: 94.2%, Inspiration chargers: 5, Electrada chargers: 5",Both,ELC-1940,2026-06-21
INS-139,Tyler Distribution Hub,Tyler Freight Lines,SC,27,93.5,1,108,70305,54,Auto-Merged,"Region match is true, name similarity is 0.89, and uptime delta is below 3%. | Source values - Inspiration uptime: 93.1%, Electrada uptime: 90.7%, Inspiration chargers: 27, Electrada chargers: 27",Both,ELC-1945,2026-06-21
INS-144,Modesto Yard,Modesto Telecom Services,IN,8,94.7,2,16,16626,20,Auto-Merged,"Region match is true, name similarity is 0.92, and uptime delta is below 3%. | Source values - Inspiration uptime: 94.7%, Electrada uptime: 93.4%, Inspiration chargers: 8, Electrada chargers: 8",Both,ELC-1950,2026-06-21
INS-145,Killeen Service Center,Killeen Waste & Recycling,LA,6,93.8,6,12,11532,83,Auto-Merged,"Region match is true, name similarity is 0.77, and uptime delta is below 3%. | Source values - Inspiration uptime: 93.6%, Electrada uptime: 92.3%, Inspiration chargers: 6, Electrada chargers: 6",Both,ELC-1960,2026-06-21
INS-154,Laramie Service Center,Laramie Parcel Delivery,AZ,30,92.6,1,90,75726,46,Auto-Merged,"Region match is true, name similarity is 0.86, and uptime delta is below 3%. | Source values - Inspiration uptime: 91.7%, Electrada uptime: 91.0%, Inspiration chargers: 30, Electrada chargers: 30",Both,ELC-1968,2026-06-21
INS-164,Redding Logistics Center,Redding Leasing Corporation,NE,17,92.8,4,68,38727,62,Auto-Merged,"Region match is true, name similarity is 0.93, and uptime delta is below 3%. | Source values - Inspiration uptime: 92.7%, Electrada uptime: 91.6%, Inspiration chargers: 17, Electrada chargers: 17",Both,ELC-1979,2026-06-21
,Elgin Distribution Hub,Elgin Utility Cooperative,OK,25,96.8,1,75,37760,79,Net New,No confirmed Inspiration match,Electrada only,ELC-1984,2026-06-21
,Huntington Fleet Center,Huntington Equipment Rental,VA,10,92.8,4,20,28719,65,Net New,No confirmed Inspiration match,Electrada only,ELC-1989,2026-06-21
,Freeport Service Center,Freeport Beverage Co.,NC,7,94.7,0,28,55959,25,Net New,No confirmed Inspiration match,Electrada only,ELC-1996,2026-06-21
,Dixon Fleet Center,Dixon Courier Services,MS,24,97,1,72,12279,43,Net New,No confirmed Inspiration match,Electrada only,ELC-2001,2026-06-21
,Richmond IN Logistics Hub,Richmond IN Parcel Delivery,MN,17,92.2,0,51,25860,72,Net New,No confirmed Inspiration match,Electrada only,ELC-2006,2026-06-21
,Danville Fleet Center,Danville Logistics,SC,10,94.4,2,30,37445,73,Net New,No confirmed Inspiration match,Electrada only,ELC-2018,2026-06-21
,Stevens Point Charging Hub,Stevens Point Beverage Co.,AZ,8,91.4,7,32,66466,34,Net New,No confirmed Inspiration match,Electrada only,ELC-2025,2026-06-21
,Bloomington South Yard,Bloomington South Parcel Delivery,CO,25,98,5,100,71594,81,Net New,No confirmed Inspiration match,Electrada only,ELC-2033,2026-06-21
,Beloit Logistics Center,Beloit Beverage Co.,MT,12,96.9,2,24,68520,66,Net New,No confirmed Inspiration match,Electrada only,ELC-2040,2026-06-21
,Elkhart Depot,Elkhart School District,TN,22,90.9,2,88,14609,39,Net New,No confirmed Inspiration match,Electrada only,ELC-2054,2026-06-21
,Sheboygan Depot,Sheboygan Leasing Corporation,ND,26,90.1,4,104,11063,29,Net New,No confirmed Inspiration match,Electrada only,ELC-2059,2026-06-21
,Kokomo Charging Hub,Kokomo Utility Cooperative,GA,24,91.7,1,72,14741,35,Net New,No confirmed Inspiration match,Electrada only,ELC-2061,2026-06-21
,Sterling Distribution Hub,Sterling Parcel Delivery,ND,26,92.5,0,78,11887,78,Net New,No confirmed Inspiration match,Electrada only,ELC-2074,2026-06-21
,Muncie Service Center,Muncie Logistics,UT,30,98.5,0,90,28519,81,Net New,No confirmed Inspiration match,Electrada only,ELC-2081,2026-06-21
,Warsaw Yard,Warsaw Beverage Co.,NV,27,95.3,2,81,65690,81,Net New,No confirmed Inspiration match,Electrada only,ELC-2091,2026-06-21
,Joliet Charging Hub,Joliet Food Service Distribution,OK,8,95.5,4,32,33678,65,Net New,No confirmed Inspiration match,Electrada only,ELC-2098,2026-06-21
,Columbus IN Charging Hub,Columbus IN Distribution,IN,17,91.6,4,68,71040,40,Net New,No confirmed Inspiration match,Electrada only,ELC-2110,2026-06-21
,New Albany Yard,New Albany Beverage Co.,IA,6,97.7,4,24,21779,48,Net New,No confirmed Inspiration match,Electrada only,ELC-2122,2026-06-21
,La Crosse Depot,La Crosse Parcel Delivery,AR,19,99.6,0,57,30201,39,Net New,No confirmed Inspiration match,Electrada only,ELC-2125,2026-06-21
,Decatur Service Center,Decatur Telecom Services,ND,11,92.6,1,22,32560,71,Net New,No confirmed Inspiration match,Electrada only,ELC-2130,2026-06-21
,Owensboro Distribution Hub,Owensboro Beverage Co.,NC,17,99.7,1,68,50910,88,Net New,No confirmed Inspiration match,Electrada only,ELC-2141,2026-06-21
INS-172,Rockford North Service Center,Rockford North Airport Authority,CO,25,96.7,4,75,31655,60,Net New,No confirmed Electrada match,Inspiration only,,2026-06-21
INS-177,Jeffersonville Charging Hub,Jeffersonville Parcel Delivery,NM,6,94.2,1,24,50573,61,Net New,No confirmed Electrada match,Inspiration only,,2026-06-21
INS-180,Anderson Logistics Center,Anderson Beverage Co.,CO,24,98.5,3,48,30179,32,Net New,No confirmed Electrada match,Inspiration only,,2026-06-21
INS-182,Marshfield Distribution Hub,Marshfield Waste & Recycling,MN,19,94.2,4,57,37360,53,Net New,No confirmed Electrada match,Inspiration only,,2026-06-21
INS-183,Oshkosh Fleet Center,Oshkosh Logistics,KY,28,99.1,1,84,59434,45,Net New,No confirmed Electrada match,Inspiration only,,2026-06-21
INS-189,Wabash Fleet Center,Wabash Utility Cooperative,WI,5,96.9,0,15,60642,88,Net New,No confirmed Electrada match,Inspiration only,,2026-06-21
INS-197,Bloomington IL Depot,Bloomington IL Waste & Recycling,OK,18,93.5,5,36,57698,47,Net New,No confirmed Electrada match,Inspiration only,,2026-06-21
INS-203,Janesville Distribution Hub,Janesville Distribution,CO,18,98,2,54,21789,59,Net New,No confirmed Electrada match,Inspiration only,,2026-06-21
INS-204,Lafayette IN Logistics Center,Lafayette IN Courier Services,TX,21,98.9,3,63,21103,63,Net New,No confirmed Electrada match,Inspiration only,,2026-06-21
INS-206,Waukegan Charging Hub,Waukegan Distribution,NC,16,88.7,3,48,75870,27,Auto-Merged,"Region match is true, name similarity is 0.88, and uptime delta is below 3%. | Source values - Inspiration uptime: 88.7%, Electrada uptime: 86.4%, Inspiration chargers: 16, Electrada chargers: 16",Both,ELC-2151,2026-06-21
INS-212,Wausau Depot,Wausau Telecom Services,FL,16,90.8,2,32,71903,76,Conflict - Needs Resolution,"Region match is true and name similarity is 0.83, but uptime delta exceeds 3%. | Source values - Inspiration uptime: 90.8%, Electrada uptime: 86.8%, Inspiration chargers: 16, Electrada chargers: 16",Both,ELC-2166,2026-06-21
INS-217,Elizabethtown Logistics Hub,Elizabethtown Equipment Rental,KY,24,90,3,72,52265,64,Auto-Merged,"Region match is true, name similarity is 0.76, and uptime delta is below 3%. | Source values - Inspiration uptime: 90.0%, Electrada uptime: 88.8%, Inspiration chargers: 24, Electrada chargers: 24",Both,ELC-2178,2026-06-21
INS-221,Eau Claire Yard,Eau Claire Logistics,OH,7,95.8,3,14,19619,72,Auto-Merged,"Region match is true, name similarity is 0.81, and uptime delta is below 3%. | Source values - Inspiration uptime: 95.8%, Electrada uptime: 94.3%, Inspiration chargers: 7, Electrada chargers: 7",Both,ELC-2186,2026-06-21
INS-228,Frankfort Depot,Frankfort School District,NC,7,89.7,2,21,12864,78,Conflict - Needs Resolution,"Region match is true and name similarity is 0.75, but uptime delta exceeds 3%. | Source values - Inspiration uptime: 89.7%, Electrada uptime: 84.9%, Inspiration chargers: 7, Electrada chargers: 7",Both,ELC-2194,2026-06-21
INS-238,Mishawaka Logistics Hub,Mishawaka Equipment Rental,UT,5,93.9,3,15,57322,21,Auto-Merged,"Region match is true, name similarity is 0.89, and uptime delta is below 3%. | Source values - Inspiration uptime: 93.9%, Electrada uptime: 92.2%, Inspiration chargers: 5, Electrada chargers: 5",Both,ELC-2201,2026-06-21
INS-247,Henderson Fleet Center,Henderson Waste & Recycling,NE,23,93.1,1,69,74254,38,Auto-Merged,"Region match is true, name similarity is 0.82, and uptime delta is below 3%. | Source values - Inspiration uptime: 92.6%, Electrada uptime: 90.5%, Inspiration chargers: 23, Electrada chargers: 23",Both,ELC-2213,2026-06-21
INS-255,Marion IN Fleet Center,Marion IN Beverage Co.,UT,13,97.1,4,39,50222,43,Auto-Merged,"Region match is true, name similarity is 0.89, and uptime delta is below 3%. | Source values - Inspiration uptime: 96.5%, Electrada uptime: 95.9%, Inspiration chargers: 13, Electrada chargers: 13",Both,ELC-2225,2026-06-21
,Petoskey Fleet Center,Petoskey Auto Parts Distribution,WA,4,98.7,4,16,54264,56,Net New,No confirmed Inspiration match,Electrada only,ELC-2236,2026-06-21
,Manistee Fleet Center,Manistee Telecom Services,ID,20,98,4,40,77746,77,Net New,No confirmed Inspiration match,Electrada only,ELC-2245,2026-06-21
,Niles Fleet Center,Niles School District,NM,11,93.4,4,44,28415,83,Net New,No confirmed Inspiration match,Electrada only,ELC-2253,2026-06-21
,Traverse City Service Center,Traverse City Logistics,VA,29,95.2,1,87,46767,22,Net New,No confirmed Inspiration match,Electrada only,ELC-2254,2026-06-21
,Ionia Fleet Center,Ionia Freight Lines,ND,10,90.9,0,40,61422,42,Net New,No confirmed Inspiration match,Electrada only,ELC-2262,2026-06-21
,Owosso Logistics Hub,Owosso Logistics,MT,19,92.7,2,38,75402,89,Net New,No confirmed Inspiration match,Electrada only,ELC-2275,2026-06-21
,Menominee Charging Hub,Menominee Parcel Delivery,NV,19,98.6,4,38,59201,28,Net New,No confirmed Inspiration match,Electrada only,ELC-2276,2026-06-21
,Clare Distribution Hub,Clare Telecom Services,CO,25,96.2,3,100,53309,38,Net New,No confirmed Inspiration match,Electrada only,ELC-2279,2026-06-21
,Holland MI Depot,Holland MI Distribution,MD,18,91.9,1,36,15630,79,Net New,No confirmed Inspiration match,Electrada only,ELC-2286,2026-06-21
,Coldwater Fleet Center,Coldwater School District,SD,13,99.1,2,39,62867,88,Net New,No confirmed Inspiration match,Electrada only,ELC-2293,2026-06-21
,Three Rivers Service Center,Three Rivers Utility Cooperative,TN,11,91.8,5,33,53380,38,Net New,No confirmed Inspiration match,Electrada only,ELC-2299,2026-06-21
,Ludington Distribution Hub,Ludington Telecom Services,TN,25,93.1,1,50,41642,31,Net New,No confirmed Inspiration match,Electrada only,ELC-2300,2026-06-21
,Greenville MI Fleet Center,Greenville MI Leasing Corporation,AL,11,94.5,1,33,79657,55,Net New,No confirmed Inspiration match,Electrada only,ELC-2304,2026-06-21
,Flint Depot,Flint Distribution,IL,20,91.2,2,60,19321,28,Net New,No confirmed Inspiration match,Electrada only,ELC-2310,2026-06-21
,Kalamazoo Logistics Center,Kalamazoo Telecom Services,NM,8,95.4,4,32,52089,52,Net New,No confirmed Inspiration match,Electrada only,ELC-2318,2026-06-21
,Jackson MI Fleet Center,Jackson MI Airport Authority,TN,18,90.8,2,36,52602,56,Net New,No confirmed Inspiration match,Electrada only,ELC-2332,2026-06-21
,Fenton Service Center,Fenton Waste & Recycling,AL,27,98.3,3,54,43788,65,Net New,No confirmed Inspiration match,Electrada only,ELC-2340,2026-06-21
,Tecumseh Distribution Hub,Tecumseh Logistics,WI,6,98.9,6,18,58527,47,Net New,No confirmed Inspiration match,Electrada only,ELC-2351,2026-06-21
,Ironwood Logistics Center,Ironwood Parcel Delivery,ND,27,95.7,4,108,32677,58,Net New,No confirmed Inspiration match,Electrada only,ELC-2363,2026-06-21
INS-263,Marquette Distribution Hub,Marquette Auto Parts Distribution,NC,28,98.5,1,112,72343,61,Net New,No confirmed Electrada match,Inspiration only,,2026-06-21
INS-270,Lansing Charging Hub,Lansing Beverage Co.,NM,7,98.8,0,28,21384,52,Net New,No confirmed Electrada match,Inspiration only,,2026-06-21
INS-273,Houghton Service Center,Houghton Utility Cooperative,MI,10,94.9,2,30,62663,35,Net New,No confirmed Electrada match,Inspiration only,,2026-06-21
INS-282,Gladwin Logistics Hub,Gladwin Auto Parts Distribution,UT,7,97.4,0,14,69896,40,Net New,No confirmed Electrada match,Inspiration only,,2026-06-21
INS-286,Sault Ste Marie Depot,Sault Ste Marie Waste & Recycling,VA,10,96.6,0,30,58637,33,Net New,No confirmed Electrada match,Inspiration only,,2026-06-21
INS-294,Ypsilanti Logistics Center,Ypsilanti School District,UT,18,97,1,54,34179,90,Net New,No confirmed Electrada match,Inspiration only,,2026-06-21
INS-300,Sturgis Logistics Hub,Sturgis Parcel Delivery,AZ,15,92.6,3,60,69424,87,Net New,No confirmed Electrada match,Inspiration only,,2026-06-21
INS-310,Bay City Service Center,Bay City Auto Parts Distribution,CO,19,88.8,6,76,23714,71,Conflict - Needs Resolution,"Region match is true and name similarity is 0.67, but uptime delta exceeds 3%. | Source values - Inspiration uptime: 88.8%, Electrada uptime: 83.3%, Inspiration chargers: 19, Electrada chargers: 19",Both,ELC-2371,2026-06-21
INS-318,Grand Rapids Distribution Hub,Grand Rapids Parcel Delivery,WA,15,92.7,1,45,58829,24,Conflict - Needs Resolution,"Region match is true and name similarity is 0.74, but uptime delta exceeds 3%. | Source values - Inspiration uptime: 92.7%, Electrada uptime: 86.4%, Inspiration chargers: 15, Electrada chargers: 15",Both,ELC-2382,2026-06-21
INS-319,Standish Logistics Hub,Standish Logistics,ND,26,96.3,4,104,55690,76,Conflict - Needs Resolution,"Region match is true and name similarity is 0.81, but uptime delta exceeds 3%. | Source values - Inspiration uptime: 96.3%, Electrada uptime: 90.0%, Inspiration chargers: 26, Electrada chargers: 26",Both,ELC-2391,2026-06-21
INS-329,Ann Arbor Logistics Hub,Ann Arbor Telecom Services,WI,28,95.3,6,56,74833,51,Auto-Merged,"Region match is true, name similarity is 0.79, and uptime delta is below 3%. | Source values - Inspiration uptime: 95.3%, Electrada uptime: 93.8%, Inspiration chargers: 28, Electrada chargers: 28",Both,ELC-2392,2026-06-21
INS-339,Dowagiac Charging Hub,Dowagiac Beverage Co.,IA,10,98.3,4,30,12396,61,Auto-Merged,"Region match is true, name similarity is 0.86, and uptime delta is below 3%. | Source values - Inspiration uptime: 98.3%, Electrada uptime: 97.7%, Inspiration chargers: 10, Electrada chargers: 10",Both,ELC-2397,2026-06-21
INS-341,Alpena Logistics Hub,Alpena Equipment Rental,NE,13,93.5,5,52,36756,72,Auto-Merged,"Region match is true, name similarity is 0.9, and uptime delta is below 3%. | Source values - Inspiration uptime: 93.5%, Electrada uptime: 93.3%, Inspiration chargers: 13, Electrada chargers: 13",Both,ELC-2405,2026-06-21
INS-015,Tampa Yard,Tampa Food Service Distribution,AR,26,92.32,0,104,36995,83,Net New,No confirmed Electrada match,Inspiration only,,2026-06-22
INS-018,Cleveland Distribution Hub,Cleveland Logistics,SC,18,98.7,3,54,49291,51,Net New,No confirmed Electrada match,Inspiration only,,2026-06-22
,Omaha Fleet Center,Omaha Logistics,MS,13,95.9,3,52,68829,56,Net New,No confirmed Inspiration match,Electrada only,ELC-1170,2026-06-22
,Columbia Fleet Center,Columbia Food Service Distribution,VA,17,95.1,2,34,74089,73,Net New,No confirmed Inspiration match,Electrada only,ELC-1172,2026-06-22
,Spokane Charging Hub,Spokane Courier Services,AR,22,99.3,5,66,54580,64,Net New,No confirmed Inspiration match,Electrada only,ELC-1192,2026-06-22
,Macon Service Center,Macon Telecom Services,ID,18,91.8,2,54,72141,28,Net New,No confirmed Inspiration match,Electrada only,ELC-1194,2026-06-22
,Charlotte Charging Hub,Charlotte Auto Parts Distribution,MS,25,98.6,2,100,60566,64,Net New,No confirmed Inspiration match,Electrada only,ELC-1195,2026-06-22
,Eugene Yard,Eugene Utility Cooperative,AZ,23,92.1,0,46,47674,36,Net New,No confirmed Inspiration match,Electrada only,ELC-1203,2026-06-22
,Augusta Service Center,Augusta School District,UT,19,97,2,57,46416,37,Net New,No confirmed Inspiration match,Electrada only,ELC-1217,2026-06-22
,Phoenix Logistics Hub,Phoenix Parcel Delivery,KY,15,99.7,3,30,29781,30,Net New,No confirmed Inspiration match,Electrada only,ELC-1223,2026-06-22
,Chattanooga Depot,Chattanooga Distribution,NE,11,93.3,6,44,33900,53,Net New,No confirmed Inspiration match,Electrada only,ELC-1233,2026-06-22
,Memphis Depot,Memphis Equipment Rental,KY,21,96.2,3,63,26448,85,Net New,No confirmed Inspiration match,Electrada only,ELC-1253,2026-06-22
,Denver Yard,Denver Logistics,NV,28,99.1,5,112,61429,70,Net New,No confirmed Inspiration match,Electrada only,ELC-1266,2026-06-22
,Portland Fleet Center,Portland Auto Parts Distribution,FL,24,99.2,1,48,37363,76,Net New,No confirmed Inspiration match,Electrada only,ELC-1272,2026-06-22
,Knoxville Depot,Knoxville Logistics,PA,5,92.9,5,10,23299,66,Net New,No confirmed Inspiration match,Electrada only,ELC-1292,2026-06-22
,Huntsville Logistics Center,Huntsville Equipment Rental,CA,10,96.3,0,40,43063,64,Net New,No confirmed Inspiration match,Electrada only,ELC-1312,2026-06-22
,Fresno Logistics Hub,Fresno Logistics,MD,7,99.7,5,21,73417,59,Net New,No confirmed Inspiration match,Electrada only,ELC-1315,2026-06-22
,Richmond Distribution Hub,Richmond Beverage Co.,KS,14,98.5,3,56,31160,86,Net New,No confirmed Inspiration match,Electrada only,ELC-1316,2026-06-22
,Greenville Logistics Center,Greenville Leasing Corporation,MA,8,98.6,0,32,49071,31,Net New,No confirmed Inspiration match,Electrada only,ELC-1325,2026-06-22
,Birmingham Distribution Hub,Birmingham Food Service Distribution,AZ,15,99.7,5,60,75889,62,Net New,No confirmed Inspiration match,Electrada only,ELC-1333,2026-06-22
,Boston Logistics Center,Boston School District,CO,30,98.3,6,60,36203,86,Net New,No confirmed Inspiration match,Electrada only,ELC-1349,2026-06-22
,Orlando Logistics Center,Orlando Auto Parts Distribution,NC,4,99.7,4,12,35381,64,Net New,No confirmed Inspiration match,Electrada only,ELC-1364,2026-06-22
,Pittsburgh Depot,Pittsburgh Equipment Rental,LA,11,96.3,5,22,54267,46,Net New,No confirmed Inspiration match,Electrada only,ELC-1380,2026-06-22
,Dallas Charging Hub,Dallas Leasing Corporation,UT,24,95.1,6,48,25716,69,Net New,No confirmed Inspiration match,Electrada only,ELC-1387,2026-06-22
,Tulsa Fleet Center,Tulsa School District,AZ,17,99.7,1,34,61883,79,Net New,No confirmed Inspiration match,Electrada only,ELC-1400,2026-06-22
,Wichita Charging Hub,Wichita Telecom Services,AZ,9,99,0,18,70994,38,Net New,No confirmed Inspiration match,Electrada only,ELC-1420,2026-06-22
,Tallahassee Logistics Hub,Tallahassee Utility Cooperative,UT,15,95.6,4,30,12804,21,Net New,No confirmed Inspiration match,Electrada only,ELC-1424,2026-06-22
,Nashville Distribution Hub,Nashville Food Service Distribution,CA,10,99.5,1,20,43008,47,Net New,No confirmed Inspiration match,Electrada only,ELC-1434,2026-06-22
,Albuquerque Yard,Albuquerque Airport Authority,MS,14,96.1,3,28,17982,65,Net New,No confirmed Inspiration match,Electrada only,ELC-1449,2026-06-22
,Atlanta Logistics Hub,Atlanta Courier Services,UT,20,96.7,1,80,76918,22,Net New,No confirmed Inspiration match,Electrada only,ELC-1464,2026-06-22
,Bakersfield Depot,Bakersfield Auto Parts Distribution,NC,28,99.7,2,56,72061,35,Net New,No confirmed Inspiration match,Electrada only,ELC-1482,2026-06-22
INS-022,Jackson Depot,Jackson Food Service Distribution,NE,20,93.1,6,40,17447,51,Auto-Merged,"Region match is true, name similarity is 0.88, and uptime delta is below 3%. | Source values - Inspiration uptime: 93.5%, Electrada uptime: 92.8%, Inspiration chargers: 20, Electrada chargers: 20",Both,ELC-1491,2026-06-22
INS-032,Mobile Distribution Hub,Mobile School District,MD,20,95.2,0,60,52678,84,Auto-Merged,"Region match is true, name similarity is 0.81, and uptime delta is below 3%. | Source values - Inspiration uptime: 95.4%, Electrada uptime: 92.6%, Inspiration chargers: 20, Electrada chargers: 20",Both,ELC-1508,2026-06-22
,Midland Charging Hub,Midland Telecom Services,MA,9,99.5,0,18,13054,41,Net New,No confirmed Inspiration match,Electrada only,ELC-1519,2026-06-22
,Duluth Yard,Duluth Auto Parts Distribution,WA,24,91.5,1,48,50607,20,Net New,No confirmed Inspiration match,Electrada only,ELC-1526,2026-06-22
,Little Rock Service Center,Little Rock Beverage Co.,MO,29,96.1,2,116,37713,76,Net New,No confirmed Inspiration match,Electrada only,ELC-1530,2026-06-22
,Toledo Logistics Hub,Toledo Courier Services,ID,15,99.5,5,45,17316,36,Net New,No confirmed Inspiration match,Electrada only,ELC-1533,2026-06-22
,Bozeman Logistics Hub,Bozeman Leasing Corporation,WA,8,92.1,2,16,33284,72,Net New,No confirmed Inspiration match,Electrada only,ELC-1535,2026-06-22
,Sioux Falls Logistics Center,Sioux Falls Distribution,KY,28,98.4,4,56,43763,35,Net New,No confirmed Inspiration match,Electrada only,ELC-1541,2026-06-22
,South Bend Yard,South Bend Utility Cooperative,WI,22,97.4,6,44,54228,47,Net New,No confirmed Inspiration match,Electrada only,ELC-1542,2026-06-22
,Fayetteville Depot,Fayetteville Leasing Corporation,NE,16,99.6,3,48,22145,43,Net New,No confirmed Inspiration match,Electrada only,ELC-1549,2026-06-22
,Boise Service Center,Boise Logistics,KS,28,99.5,2,56,50818,48,Net New,No confirmed Inspiration match,Electrada only,ELC-1556,2026-06-22
,Akron Service Center,Akron Equipment Rental,IN,26,95.7,3,104,42731,69,Net New,No confirmed Inspiration match,Electrada only,ELC-1569,2026-06-22
,Columbia Charging Hub,Columbia Beverage Co.,AZ,12,99.7,1,48,48408,61,Net New,No confirmed Inspiration match,Electrada only,ELC-1576,2026-06-22
,Scranton Yard,Scranton Telecom Services,MO,17,98.4,2,51,30895,56,Net New,No confirmed Inspiration match,Electrada only,ELC-1581,2026-06-22
,Lafayette Distribution Hub,Lafayette Leasing Corporation,NV,10,93.1,1,20,56568,57,Net New,No confirmed Inspiration match,Electrada only,ELC-1587,2026-06-22
,Augusta Logistics Center,Augusta Telecom Services,SC,25,98.9,3,100,40308,72,Net New,No confirmed Inspiration match,Electrada only,ELC-1592,2026-06-22
,Champaign Logistics Hub,Champaign Beverage Co.,ID,21,89.3,0,42,78432,59,Net New,No confirmed Inspiration match,Electrada only,ELC-1601,2026-06-22
,Lubbock Service Center,Lubbock Parcel Delivery,NV,27,98.5,6,108,64635,79,Net New,No confirmed Inspiration match,Electrada only,ELC-1606,2026-06-22
,Erie Yard,Erie Waste & Recycling,TX,13,99.7,0,52,14189,27,Net New,No confirmed Inspiration match,Electrada only,ELC-1619,2026-06-22
,Corpus Christi Fleet Center,Corpus Christi Airport Authority,KS,26,99.6,3,104,48688,44,Net New,No confirmed Inspiration match,Electrada only,ELC-1630,2026-06-22
,Fargo Charging Hub,Fargo Airport Authority,ID,12,94.5,4,36,26838,36,Net New,No confirmed Inspiration match,Electrada only,ELC-1633,2026-06-22
,Greensboro Charging Hub,Greensboro Courier Services,NM,9,95.1,1,27,37212,55,Net New,No confirmed Inspiration match,Electrada only,ELC-1645,2026-06-22
,Peoria Fleet Center,Peoria Beverage Co.,NM,19,94.5,4,76,72436,41,Net New,No confirmed Inspiration match,Electrada only,ELC-1660,2026-06-22
,Provo Logistics Center,Provo Telecom Services,FL,4,98.9,0,12,74765,29,Net New,No confirmed Inspiration match,Electrada only,ELC-1669,2026-06-22
INS-041,Pocatello Service Center,Pocatello Distribution,NC,12,98.4,4,24,51823,72,Net New,No confirmed Electrada match,Inspiration only,,2026-06-22
INS-042,Allentown Distribution Hub,Allentown Beverage Co.,MO,16,96.6,1,32,54877,85,Net New,No confirmed Electrada match,Inspiration only,,2026-06-22
INS-050,Rockford Fleet Center,Rockford Equipment Rental,MS,5,92.3,5,15,40094,44,Net New,No confirmed Electrada match,Inspiration only,,2026-06-22
INS-056,Wichita Falls Fleet Center,Wichita Falls School District,SC,6,95.8,5,12,32759,65,Net New,No confirmed Electrada match,Inspiration only,,2026-06-22
INS-059,San Antonio Yard,San Antonio Distribution,CO,8,98.6,5,16,14336,85,Net New,No confirmed Electrada match,Inspiration only,,2026-06-22
INS-063,Madison West Depot,Madison West Leasing Corporation,OK,23,99.7,5,92,31116,63,Net New,No confirmed Electrada match,Inspiration only,,2026-06-22
INS-068,Rochester MN Depot,Rochester MN Parcel Delivery,NE,27,93.5,0,54,75084,86,Conflict - Needs Resolution,"Region match is true and name similarity is 0.82, but uptime delta exceeds 3%. | Source values - Inspiration uptime: 93.5%, Electrada uptime: 90.0%, Inspiration chargers: 27, Electrada chargers: 27",Both,ELC-1672,2026-06-22
INS-072,Athens Logistics Hub,Athens Food Service Distribution,NM,18,97.3,5,72,20509,40,Auto-Merged,"Region match is true, name similarity is 0.81, and uptime delta is below 3%. | Source values - Inspiration uptime: 97.1%, Electrada uptime: 95.5%, Inspiration chargers: 18, Electrada chargers: 18",Both,ELC-1682,2026-06-22
INS-073,Reno Depot,Reno Leasing Corporation,NV,16,89,0,48,30817,36,Auto-Merged,"Region match is true, name similarity is 0.87, and uptime delta is below 3%. | Source values - Inspiration uptime: 90.6%, Electrada uptime: 89.2%, Inspiration chargers: 16, Electrada chargers: 16",Both,ELC-1692,2026-06-22
INS-075,Macon Logistics Hub,Macon Courier Services,MS,17,94.8,6,34,15281,65,Conflict - Needs Resolution,"Region match is true and name similarity is 0.71, but uptime delta exceeds 3%. | Source values - Inspiration uptime: 94.8%, Electrada uptime: 88.9%, Inspiration chargers: 17, Electrada chargers: 17",Both,ELC-1700,2026-06-22
INS-076,Springfield IL Logistics Hub,Springfield IL School District,IN,30,98,2,120,39705,90,Auto-Merged,"Region match is true, name similarity is 0.78, and uptime delta is below 3%. | Source values - Inspiration uptime: 97.8%, Electrada uptime: 95.8%, Inspiration chargers: 30, Electrada chargers: 30",Both,ELC-1707,2026-06-22
INS-083,Fort Smith Yard,Fort Smith Freight Lines,TX,20,98.1,5,40,32826,87,Auto-Merged,"Region match is true, name similarity is 0.85, and uptime delta is below 3%. | Source values - Inspiration uptime: 97.1%, Electrada uptime: 94.4%, Inspiration chargers: 20, Electrada chargers: 20",Both,ELC-1714,2026-06-22
INS-093,Newark Logistics Hub,Newark Leasing Corporation,KY,17,94.1,0,68,13763,45,Auto-Merged,"Region match is true, name similarity is 0.9, and uptime delta is below 3%. | Source values - Inspiration uptime: 92.9%, Electrada uptime: 92.1%, Inspiration chargers: 17, Electrada chargers: 17",Both,ELC-1716,2026-06-22
,Bismarck Logistics Hub,Bismarck Equipment Rental,OK,19,91.6,1,57,28407,35,Net New,No confirmed Inspiration match,Electrada only,ELC-1731,2026-06-22
,Texarkana Fleet Center,Texarkana School District,AZ,16,90.6,0,48,40937,41,Net New,No confirmed Inspiration match,Electrada only,ELC-1746,2026-06-22
,Salem OR Depot,Salem OR Waste & Recycling,CA,8,91.4,1,24,35138,23,Net New,No confirmed Inspiration match,Electrada only,ELC-1752,2026-06-22
,Dubuque Depot,Dubuque Equipment Rental,WY,12,97,1,48,33946,68,Net New,No confirmed Inspiration match,Electrada only,ELC-1754,2026-06-22
,Alexandria LA Yard,Alexandria LA Distribution,SD,24,93.2,5,48,19227,82,Net New,No confirmed Inspiration match,Electrada only,ELC-1757,2026-06-22
,Aberdeen Charging Hub,Aberdeen Leasing Corporation,KY,15,94.5,4,45,54563,24,Net New,No confirmed Inspiration match,Electrada only,ELC-1768,2026-06-22
,Pueblo Distribution Hub,Pueblo Equipment Rental,UT,29,95.9,2,87,66745,29,Net New,No confirmed Inspiration match,Electrada only,ELC-1777,2026-06-22
,Grand Junction Fleet Center,Grand Junction Waste & Recycling,SD,14,99.7,4,56,73701,88,Net New,No confirmed Inspiration match,Electrada only,ELC-1792,2026-06-22
,Watertown Logistics Center,Watertown Equipment Rental,GA,30,92.5,2,90,54028,50,Net New,No confirmed Inspiration match,Electrada only,ELC-1807,2026-06-22
,Gillette Logistics Hub,Gillette Beverage Co.,AR,29,90.9,2,58,53800,56,Net New,No confirmed Inspiration match,Electrada only,ELC-1821,2026-06-22
,Olympia Service Center,Olympia Telecom Services,IN,30,93,1,60,12704,30,Net New,No confirmed Inspiration match,Electrada only,ELC-1830,2026-06-22
,Fort Collins Logistics Hub,Fort Collins Leasing Corporation,AR,16,96.5,5,32,15495,58,Net New,No confirmed Inspiration match,Electrada only,ELC-1837,2026-06-22
,Topeka Service Center,Topeka Beverage Co.,AR,16,99.3,2,32,31030,80,Net New,No confirmed Inspiration match,Electrada only,ELC-1840,2026-06-22
,Joplin Fleet Center,Joplin Freight Lines,KS,17,98.1,5,51,34241,74,Net New,No confirmed Inspiration match,Electrada only,ELC-1852,2026-06-22
,Merced Distribution Hub,Merced Equipment Rental,MD,29,99.7,3,116,59451,90,Net New,No confirmed Inspiration match,Electrada only,ELC-1860,2026-06-22
,Manhattan KS Logistics Hub,Manhattan KS Leasing Corporation,WI,13,96,1,39,70980,78,Net New,No confirmed Inspiration match,Electrada only,ELC-1873,2026-06-22
,Rapid City West Logistics Hub,Rapid City West Logistics,GA,20,96.8,1,40,23262,83,Net New,No confirmed Inspiration match,Electrada only,ELC-1886,2026-06-22
,Springfield MO Fleet Center,Springfield MO Waste & Recycling,CO,25,94.2,3,75,10717,29,Net New,No confirmed Inspiration match,Electrada only,ELC-1896,2026-06-22
,Chico Service Center,Chico Parcel Delivery,UT,28,92.3,4,112,51226,23,Net New,No confirmed Inspiration match,Electrada only,ELC-1903,2026-06-22
,Cedar Rapids Fleet Center,Cedar Rapids Auto Parts Distribution,NV,24,98.5,1,96,12904,28,Net New,No confirmed Inspiration match,Electrada only,ELC-1909,2026-06-22
INS-103,Yuma Fleet Center,Yuma Logistics,GA,8,92.7,5,32,38224,46,Net New,No confirmed Electrada match,Inspiration only,,2026-06-22
INS-113,Medford Logistics Hub,Medford Parcel Delivery,AR,23,92.3,3,69,65354,74,Net New,No confirmed Electrada match,Inspiration only,,2026-06-22
INS-116,Bellingham Logistics Center,Bellingham School District,OK,18,95.9,3,54,56966,44,Net New,No confirmed Electrada match,Inspiration only,,2026-06-22
INS-119,Greeley Yard,Greeley Courier Services,MS,10,95.9,4,40,57326,65,Net New,No confirmed Electrada match,Inspiration only,,2026-06-22
INS-124,Colorado Springs Depot,Colorado Springs Equipment Rental,MS,23,88,4,69,26821,73,Auto-Merged,"Region match is true, name similarity is 0.89, and uptime delta is below 3%. | Source values - Inspiration uptime: 88.0%, Electrada uptime: 85.6%, Inspiration chargers: 23, Electrada chargers: 23",Both,ELC-1924,2026-06-22
INS-128,Flagstaff Service Center,Flagstaff Leasing Corporation,MO,14,95.9,3,28,65463,37,Auto-Merged,"Region match is true, name similarity is 0.79, and uptime delta is below 3%. | Source values - Inspiration uptime: 95.3%, Electrada uptime: 92.7%, Inspiration chargers: 14, Electrada chargers: 14",Both,ELC-1925,2026-06-22
INS-137,Bend Yard,Bend Logistics,AZ,5,95.6,1,15,36760,56,Auto-Merged,"Region match is true, name similarity is 0.82, and uptime delta is below 3%. | Source values - Inspiration uptime: 95.0%, Electrada uptime: 94.2%, Inspiration chargers: 5, Electrada chargers: 5",Both,ELC-1940,2026-06-22
INS-139,Tyler Distribution Hub,Tyler Freight Lines,SC,27,93,1,108,70305,54,Auto-Merged,"Region match is true, name similarity is 0.89, and uptime delta is below 3%. | Source values - Inspiration uptime: 93.1%, Electrada uptime: 90.7%, Inspiration chargers: 27, Electrada chargers: 27",Both,ELC-1945,2026-06-22
INS-144,Modesto Yard,Modesto Telecom Services,IN,8,94.7,2,16,16626,20,Auto-Merged,"Region match is true, name similarity is 0.92, and uptime delta is below 3%. | Source values - Inspiration uptime: 94.7%, Electrada uptime: 93.4%, Inspiration chargers: 8, Electrada chargers: 8",Both,ELC-1950,2026-06-22
INS-145,Killeen Service Center,Killeen Waste & Recycling,LA,6,93.4,6,12,11532,83,Auto-Merged,"Region match is true, name similarity is 0.77, and uptime delta is below 3%. | Source values - Inspiration uptime: 93.6%, Electrada uptime: 92.3%, Inspiration chargers: 6, Electrada chargers: 6",Both,ELC-1960,2026-06-22
INS-154,Laramie Service Center,Laramie Parcel Delivery,AZ,30,93.2,1,90,75726,46,Auto-Merged,"Region match is true, name similarity is 0.86, and uptime delta is below 3%. | Source values - Inspiration uptime: 91.7%, Electrada uptime: 91.0%, Inspiration chargers: 30, Electrada chargers: 30",Both,ELC-1968,2026-06-22
INS-164,Redding Logistics Center,Redding Leasing Corporation,NE,17,92.6,4,68,38727,62,Auto-Merged,"Region match is true, name similarity is 0.93, and uptime delta is below 3%. | Source values - Inspiration uptime: 92.7%, Electrada uptime: 91.6%, Inspiration chargers: 17, Electrada chargers: 17",Both,ELC-1979,2026-06-22
,Elgin Distribution Hub,Elgin Utility Cooperative,OK,25,96.6,1,75,37760,79,Net New,No confirmed Inspiration match,Electrada only,ELC-1984,2026-06-22
,Huntington Fleet Center,Huntington Equipment Rental,VA,10,91.7,4,20,28719,65,Net New,No confirmed Inspiration match,Electrada only,ELC-1989,2026-06-22
,Freeport Service Center,Freeport Beverage Co.,NC,7,94.8,1,28,55959,25,Net New,No confirmed Inspiration match,Electrada only,ELC-1996,2026-06-22
,Dixon Fleet Center,Dixon Courier Services,MS,24,98.1,1,72,12279,43,Net New,No confirmed Inspiration match,Electrada only,ELC-2001,2026-06-22
,Richmond IN Logistics Hub,Richmond IN Parcel Delivery,MN,17,93.1,0,51,25860,72,Net New,No confirmed Inspiration match,Electrada only,ELC-2006,2026-06-22
,Danville Fleet Center,Danville Logistics,SC,10,94.5,1,30,37445,73,Net New,No confirmed Inspiration match,Electrada only,ELC-2018,2026-06-22
,Stevens Point Charging Hub,Stevens Point Beverage Co.,AZ,8,92.2,6,32,66466,34,Net New,No confirmed Inspiration match,Electrada only,ELC-2025,2026-06-22
,Bloomington South Yard,Bloomington South Parcel Delivery,CO,25,97.3,5,100,71594,81,Net New,No confirmed Inspiration match,Electrada only,ELC-2033,2026-06-22
,Beloit Logistics Center,Beloit Beverage Co.,MT,12,95.8,2,24,68520,66,Net New,No confirmed Inspiration match,Electrada only,ELC-2040,2026-06-22
,Elkhart Depot,Elkhart School District,TN,22,90.6,2,88,14609,39,Net New,No confirmed Inspiration match,Electrada only,ELC-2054,2026-06-22
,Sheboygan Depot,Sheboygan Leasing Corporation,ND,26,90.2,4,104,11063,29,Net New,No confirmed Inspiration match,Electrada only,ELC-2059,2026-06-22
,Kokomo Charging Hub,Kokomo Utility Cooperative,GA,24,92.4,1,72,14741,35,Net New,No confirmed Inspiration match,Electrada only,ELC-2061,2026-06-22
,Sterling Distribution Hub,Sterling Parcel Delivery,ND,26,91.7,0,78,11887,78,Net New,No confirmed Inspiration match,Electrada only,ELC-2074,2026-06-22
,Muncie Service Center,Muncie Logistics,UT,30,98.4,0,90,28519,81,Net New,No confirmed Inspiration match,Electrada only,ELC-2081,2026-06-22
,Warsaw Yard,Warsaw Beverage Co.,NV,27,96.1,1,81,65690,81,Net New,No confirmed Inspiration match,Electrada only,ELC-2091,2026-06-22
,Joliet Charging Hub,Joliet Food Service Distribution,OK,8,94.8,4,32,33678,65,Net New,No confirmed Inspiration match,Electrada only,ELC-2098,2026-06-22
,Columbus IN Charging Hub,Columbus IN Distribution,IN,17,90.6,3,68,71040,40,Net New,No confirmed Inspiration match,Electrada only,ELC-2110,2026-06-22
,New Albany Yard,New Albany Beverage Co.,IA,6,97.9,5,24,21779,48,Net New,No confirmed Inspiration match,Electrada only,ELC-2122,2026-06-22
,La Crosse Depot,La Crosse Parcel Delivery,AR,19,99.7,0,57,30201,39,Net New,No confirmed Inspiration match,Electrada only,ELC-2125,2026-06-22
,Decatur Service Center,Decatur Telecom Services,ND,11,91.5,1,22,32560,71,Net New,No confirmed Inspiration match,Electrada only,ELC-2130,2026-06-22
,Owensboro Distribution Hub,Owensboro Beverage Co.,NC,17,99.7,1,68,50910,88,Net New,No confirmed Inspiration match,Electrada only,ELC-2141,2026-06-22
INS-172,Rockford North Service Center,Rockford North Airport Authority,CO,25,96.1,3,75,31655,60,Net New,No confirmed Electrada match,Inspiration only,,2026-06-22
INS-177,Jeffersonville Charging Hub,Jeffersonville Parcel Delivery,NM,6,94.5,1,24,50573,61,Net New,No confirmed Electrada match,Inspiration only,,2026-06-22
INS-180,Anderson Logistics Center,Anderson Beverage Co.,CO,24,99,3,48,30179,32,Net New,No confirmed Electrada match,Inspiration only,,2026-06-22
INS-182,Marshfield Distribution Hub,Marshfield Waste & Recycling,MN,19,95.2,4,57,37360,53,Net New,No confirmed Electrada match,Inspiration only,,2026-06-22
INS-183,Oshkosh Fleet Center,Oshkosh Logistics,KY,28,98.5,1,84,59434,45,Net New,No confirmed Electrada match,Inspiration only,,2026-06-22
INS-189,Wabash Fleet Center,Wabash Utility Cooperative,WI,5,96,0,15,60642,88,Net New,No confirmed Electrada match,Inspiration only,,2026-06-22
INS-197,Bloomington IL Depot,Bloomington IL Waste & Recycling,OK,18,94.4,5,36,57698,47,Net New,No confirmed Electrada match,Inspiration only,,2026-06-22
INS-203,Janesville Distribution Hub,Janesville Distribution,CO,18,98.8,3,54,21789,59,Net New,No confirmed Electrada match,Inspiration only,,2026-06-22
INS-204,Lafayette IN Logistics Center,Lafayette IN Courier Services,TX,21,98.4,3,63,21103,63,Net New,No confirmed Electrada match,Inspiration only,,2026-06-22
INS-206,Waukegan Charging Hub,Waukegan Distribution,NC,16,89.3,3,48,75870,27,Auto-Merged,"Region match is true, name similarity is 0.88, and uptime delta is below 3%. | Source values - Inspiration uptime: 88.7%, Electrada uptime: 86.4%, Inspiration chargers: 16, Electrada chargers: 16",Both,ELC-2151,2026-06-22
INS-212,Wausau Depot,Wausau Telecom Services,FL,16,90.9,2,32,71903,76,Conflict - Needs Resolution,"Region match is true and name similarity is 0.77, but uptime delta exceeds 3%. | Source values - Inspiration uptime: 90.9%, Electrada uptime: 84.5%, Inspiration chargers: 16, Electrada chargers: 16",Both,ELC-2166,2026-06-22
INS-217,Elizabethtown Logistics Hub,Elizabethtown Equipment Rental,KY,24,89.5,3,72,52265,64,Auto-Merged,"Region match is true, name similarity is 0.76, and uptime delta is below 3%. | Source values - Inspiration uptime: 90.0%, Electrada uptime: 88.8%, Inspiration chargers: 24, Electrada chargers: 24",Both,ELC-2178,2026-06-22
INS-221,Eau Claire Yard,Eau Claire Logistics,OH,7,95.7,3,14,19619,72,Auto-Merged,"Region match is true, name similarity is 0.81, and uptime delta is below 3%. | Source values - Inspiration uptime: 95.8%, Electrada uptime: 94.3%, Inspiration chargers: 7, Electrada chargers: 7",Both,ELC-2186,2026-06-22
INS-228,Frankfort Depot,Frankfort School District,NC,7,89.7,2,21,12864,78,Conflict - Needs Resolution,"Region match is true and name similarity is 0.74, but uptime delta exceeds 3%. | Source values - Inspiration uptime: 89.7%, Electrada uptime: 86.0%, Inspiration chargers: 7, Electrada chargers: 7",Both,ELC-2194,2026-06-22
INS-238,Mishawaka Logistics Hub,Mishawaka Equipment Rental,UT,5,93.3,3,15,57322,21,Auto-Merged,"Region match is true, name similarity is 0.89, and uptime delta is below 3%. | Source values - Inspiration uptime: 93.9%, Electrada uptime: 92.2%, Inspiration chargers: 5, Electrada chargers: 5",Both,ELC-2201,2026-06-22
INS-247,Henderson Fleet Center,Henderson Waste & Recycling,NE,23,93.4,1,69,74254,38,Auto-Merged,"Region match is true, name similarity is 0.82, and uptime delta is below 3%. | Source values - Inspiration uptime: 92.6%, Electrada uptime: 90.5%, Inspiration chargers: 23, Electrada chargers: 23",Both,ELC-2213,2026-06-22
INS-255,Marion IN Fleet Center,Marion IN Beverage Co.,UT,13,97.8,4,39,50222,43,Auto-Merged,"Region match is true, name similarity is 0.89, and uptime delta is below 3%. | Source values - Inspiration uptime: 96.5%, Electrada uptime: 95.9%, Inspiration chargers: 13, Electrada chargers: 13",Both,ELC-2225,2026-06-22
,Petoskey Fleet Center,Petoskey Auto Parts Distribution,WA,4,99.2,5,16,54264,56,Net New,No confirmed Inspiration match,Electrada only,ELC-2236,2026-06-22
,Manistee Fleet Center,Manistee Telecom Services,ID,20,97.2,4,40,77746,77,Net New,No confirmed Inspiration match,Electrada only,ELC-2245,2026-06-22
,Niles Fleet Center,Niles School District,NM,11,92.9,4,44,28415,83,Net New,No confirmed Inspiration match,Electrada only,ELC-2253,2026-06-22
,Traverse City Service Center,Traverse City Logistics,VA,29,95.2,1,87,46767,22,Net New,No confirmed Inspiration match,Electrada only,ELC-2254,2026-06-22
,Ionia Fleet Center,Ionia Freight Lines,ND,10,89.9,0,40,61422,42,Net New,No confirmed Inspiration match,Electrada only,ELC-2262,2026-06-22
,Owosso Logistics Hub,Owosso Logistics,MT,19,93.3,2,38,75402,89,Net New,No confirmed Inspiration match,Electrada only,ELC-2275,2026-06-22
,Menominee Charging Hub,Menominee Parcel Delivery,NV,19,98.5,5,38,59201,28,Net New,No confirmed Inspiration match,Electrada only,ELC-2276,2026-06-22
,Clare Distribution Hub,Clare Telecom Services,CO,25,96.4,2,100,53309,38,Net New,No confirmed Inspiration match,Electrada only,ELC-2279,2026-06-22
,Holland MI Depot,Holland MI Distribution,MD,18,91,2,36,15630,79,Net New,No confirmed Inspiration match,Electrada only,ELC-2286,2026-06-22
,Coldwater Fleet Center,Coldwater School District,SD,13,99.4,2,39,62867,88,Net New,No confirmed Inspiration match,Electrada only,ELC-2293,2026-06-22
,Three Rivers Service Center,Three Rivers Utility Cooperative,TN,11,91.3,5,33,53380,38,Net New,No confirmed Inspiration match,Electrada only,ELC-2299,2026-06-22
,Ludington Distribution Hub,Ludington Telecom Services,TN,25,94,1,50,41642,31,Net New,No confirmed Inspiration match,Electrada only,ELC-2300,2026-06-22
,Greenville MI Fleet Center,Greenville MI Leasing Corporation,AL,11,93.8,0,33,79657,55,Net New,No confirmed Inspiration match,Electrada only,ELC-2304,2026-06-22
,Flint Depot,Flint Distribution,IL,20,91.7,3,60,19321,28,Net New,No confirmed Inspiration match,Electrada only,ELC-2310,2026-06-22
,Kalamazoo Logistics Center,Kalamazoo Telecom Services,NM,8,96.5,4,32,52089,52,Net New,No confirmed Inspiration match,Electrada only,ELC-2318,2026-06-22
,Jackson MI Fleet Center,Jackson MI Airport Authority,TN,18,91.6,1,36,52602,56,Net New,No confirmed Inspiration match,Electrada only,ELC-2332,2026-06-22
,Fenton Service Center,Fenton Waste & Recycling,AL,27,97.2,2,54,43788,65,Net New,No confirmed Inspiration match,Electrada only,ELC-2340,2026-06-22
,Tecumseh Distribution Hub,Tecumseh Logistics,WI,6,97.9,6,18,58527,47,Net New,No confirmed Inspiration match,Electrada only,ELC-2351,2026-06-22
,Ironwood Logistics Center,Ironwood Parcel Delivery,ND,27,94.7,3,108,32677,58,Net New,No confirmed Inspiration match,Electrada only,ELC-2363,2026-06-22
INS-263,Marquette Distribution Hub,Marquette Auto Parts Distribution,NC,28,97.8,1,112,72343,61,Net New,No confirmed Electrada match,Inspiration only,,2026-06-22
INS-270,Lansing Charging Hub,Lansing Beverage Co.,NM,7,97.8,0,28,21384,52,Net New,No confirmed Electrada match,Inspiration only,,2026-06-22
INS-273,Houghton Service Center,Houghton Utility Cooperative,MI,10,94.5,1,30,62663,35,Net New,No confirmed Electrada match,Inspiration only,,2026-06-22
INS-282,Gladwin Logistics Hub,Gladwin Auto Parts Distribution,UT,7,97.1,0,14,69896,40,Net New,No confirmed Electrada match,Inspiration only,,2026-06-22
INS-286,Sault Ste Marie Depot,Sault Ste Marie Waste & Recycling,VA,10,95.8,0,30,58637,33,Net New,No confirmed Electrada match,Inspiration only,,2026-06-22
INS-294,Ypsilanti Logistics Center,Ypsilanti School District,UT,18,96,1,54,34179,90,Net New,No confirmed Electrada match,Inspiration only,,2026-06-22
INS-300,Sturgis Logistics Hub,Sturgis Parcel Delivery,AZ,15,92.4,2,60,69424,87,Net New,No confirmed Electrada match,Inspiration only,,2026-06-22
INS-310,Bay City Service Center,Bay City Auto Parts Distribution,CO,19,89.7,6,76,23714,71,Conflict - Needs Resolution,"Region match is true and name similarity is 0.81, but uptime delta exceeds 3%. | Source values - Inspiration uptime: 89.7%, Electrada uptime: 82.5%, Inspiration chargers: 19, Electrada chargers: 19",Both,ELC-2371,2026-06-22
INS-318,Grand Rapids Distribution Hub,Grand Rapids Parcel Delivery,WA,15,93.2,1,45,58829,24,Conflict - Needs Resolution,"Region match is true and name similarity is 0.67, but uptime delta exceeds 3%. | Source values - Inspiration uptime: 93.2%, Electrada uptime: 85.8%, Inspiration chargers: 15, Electrada chargers: 15",Both,ELC-2382,2026-06-22
INS-319,Standish Logistics Hub,Standish Logistics,ND,26,95.9,4,104,55690,76,Conflict - Needs Resolution,"Region match is true and name similarity is 0.78, but uptime delta exceeds 3%. | Source values - Inspiration uptime: 95.9%, Electrada uptime: 89.2%, Inspiration chargers: 26, Electrada chargers: 26",Both,ELC-2391,2026-06-22
INS-329,Ann Arbor Logistics Hub,Ann Arbor Telecom Services,WI,28,95.9,6,56,74833,51,Auto-Merged,"Region match is true, name similarity is 0.79, and uptime delta is below 3%. | Source values - Inspiration uptime: 95.3%, Electrada uptime: 93.8%, Inspiration chargers: 28, Electrada chargers: 28",Both,ELC-2392,2026-06-22
INS-339,Dowagiac Charging Hub,Dowagiac Beverage Co.,IA,10,97.9,4,30,12396,61,Auto-Merged,"Region match is true, name similarity is 0.86, and uptime delta is below 3%. | Source values - Inspiration uptime: 98.3%, Electrada uptime: 97.7%, Inspiration chargers: 10, Electrada chargers: 10",Both,ELC-2397,2026-06-22
INS-341,Alpena Logistics Hub,Alpena Equipment Rental,NE,13,94.2,5,52,36756,72,Auto-Merged,"Region match is true, name similarity is 0.9, and uptime delta is below 3%. | Source values - Inspiration uptime: 93.5%, Electrada uptime: 93.3%, Inspiration chargers: 13, Electrada chargers: 13",Both,ELC-2405,2026-06-22
,Ithaca Distribution Hub,Ithaca Auto Parts Distribution,CT,6,99.4,6,12,52518,58,Net New,No confirmed Inspiration match,Electrada only,ELC-2419,2026-06-22
,Kingston NY Depot,Kingston NY Freight Lines,FL,10,99.1,2,20,68014,77,Net New,No confirmed Inspiration match,Electrada only,ELC-2427,2026-06-22
,Worcester Service Center,Worcester Auto Parts Distribution,RI,9,98.1,5,18,17594,86,Net New,No confirmed Inspiration match,Electrada only,ELC-2435,2026-06-22
,Oswego Distribution Hub,Oswego Equipment Rental,VT,21,90.6,6,42,28210,65,Net New,No confirmed Inspiration match,Electrada only,ELC-2442,2026-06-22
,Gloversville Yard,Gloversville Beverage Co.,MI,13,97.6,4,52,51875,79,Net New,No confirmed Inspiration match,Electrada only,ELC-2443,2026-06-22
,Elmira Yard,Elmira School District,KS,6,93.6,4,24,33981,72,Net New,No confirmed Inspiration match,Electrada only,ELC-2450,2026-06-22
,Bangor Logistics Hub,Bangor School District,VA,15,95.9,6,60,78428,69,Net New,No confirmed Inspiration match,Electrada only,ELC-2454,2026-06-22
,New Haven Depot,New Haven Beverage Co.,AL,27,96.3,0,54,11393,49,Net New,No confirmed Inspiration match,Electrada only,ELC-2465,2026-06-22
,Concord NH Charging Hub,Concord NH Telecom Services,ND,22,98.5,1,88,74779,26,Net New,No confirmed Inspiration match,Electrada only,ELC-2467,2026-06-22
,Fall River Fleet Center,Fall River School District,AZ,6,94.9,4,24,66843,21,Net New,No confirmed Inspiration match,Electrada only,ELC-2469,2026-06-22
,Danbury Yard,Danbury School District,NV,29,96,6,87,51477,88,Net New,No confirmed Inspiration match,Electrada only,ELC-2470,2026-06-22
,Watertown NY Yard,Watertown NY Airport Authority,NM,30,97.4,6,90,39443,86,Net New,No confirmed Inspiration match,Electrada only,ELC-2483,2026-06-22
,Rutland Depot,Rutland Beverage Co.,MO,25,97.1,5,50,36040,58,Net New,No confirmed Inspiration match,Electrada only,ELC-2496,2026-06-22
,Plattsburgh Yard,Plattsburgh Equipment Rental,PA,19,92.6,0,38,14981,57,Net New,No confirmed Inspiration match,Electrada only,ELC-2506,2026-06-22
,Augusta ME Fleet Center,Augusta ME School District,OR,13,93.5,4,39,78631,49,Net New,No confirmed Inspiration match,Electrada only,ELC-2512,2026-06-22
,Binghamton Fleet Center,Binghamton Telecom Services,VA,29,98.1,6,116,17485,81,Net New,No confirmed Inspiration match,Electrada only,ELC-2523,2026-06-22
,Cortland Yard,Cortland Beverage Co.,KS,6,90.3,1,18,51693,87,Net New,No confirmed Inspiration match,Electrada only,ELC-2525,2026-06-22
,Burlington VT Distribution Hub,Burlington VT Auto Parts Distribution,WA,10,91.2,0,40,75276,49,Net New,No confirmed Inspiration match,Electrada only,ELC-2526,2026-06-22
,Auburn NY Logistics Center,Auburn NY Leasing Corporation,MN,7,91.9,4,21,15011,72,Net New,No confirmed Inspiration match,Electrada only,ELC-2531,2026-06-22
,Poughkeepsie Charging Hub,Poughkeepsie Airport Authority,OR,29,93.8,0,116,52572,64,Net New,No confirmed Inspiration match,Electrada only,ELC-2535,2026-06-22
,Niagara Falls Distribution Hub,Niagara Falls Beverage Co.,NM,19,90.4,3,76,14872,43,Net New,No confirmed Inspiration match,Electrada only,ELC-2537,2026-06-22
,Lowell Service Center,Lowell Parcel Delivery,WA,20,93.9,5,60,69786,51,Net New,No confirmed Inspiration match,Electrada only,ELC-2544,2026-06-22
,Utica Service Center,Utica Utility Cooperative,KY,21,92.8,0,84,53928,21,Net New,No confirmed Inspiration match,Electrada only,ELC-2551,2026-06-22
,Springfield MA Depot,Springfield MA Freight Lines,UT,20,92.6,5,80,37300,37,Net New,No confirmed Inspiration match,Electrada only,ELC-2556,2026-06-22
,Glens Falls Logistics Center,Glens Falls Beverage Co.,NV,20,93.1,2,80,64156,85,Net New,No confirmed Inspiration match,Electrada only,ELC-2559,2026-06-22
INS-348,Norwalk Distribution Hub,Norwalk Distribution,TN,25,98.4,2,75,35526,30,Net New,No confirmed Electrada match,Inspiration only,,2026-06-22
INS-356,New Bedford Fleet Center,New Bedford Food Service Distribution,MS,6,94.4,1,18,71018,22,Net New,No confirmed Electrada match,Inspiration only,,2026-06-22
INS-366,Cranston Service Center,Cranston Equipment Rental,UT,18,94.6,1,72,74254,74,Net New,No confirmed Electrada match,Inspiration only,,2026-06-22
INS-371,Nashua Depot,Nashua Food Service Distribution,IA,24,91.5,0,96,30010,47,Net New,No confirmed Electrada match,Inspiration only,,2026-06-22
INS-375,Warwick Depot,Warwick Telecom Services,KY,4,96.4,6,16,50628,41,Net New,No confirmed Electrada match,Inspiration only,,2026-06-22
INS-379,Hudson NY Logistics Center,Hudson NY Parcel Delivery,WA,27,90.4,5,54,75369,56,Net New,No confirmed Electrada match,Inspiration only,,2026-06-22
INS-384,Montpelier Logistics Hub,Montpelier Airport Authority,RI,5,93,3,20,53626,78,Net New,No confirmed Electrada match,Inspiration only,,2026-06-22
INS-391,Schenectady Logistics Hub,Schenectady Equipment Rental,OK,4,96.8,4,12,39923,61,Net New,No confirmed Electrada match,Inspiration only,,2026-06-22
INS-395,Albany Distribution Hub,Albany Freight Lines,TN,26,93.6,2,78,64369,26,Net New,No confirmed Electrada match,Inspiration only,,2026-06-22
INS-403,Bridgeport Yard,Bridgeport Beverage Co.,VT,21,97.6,6,63,15877,23,Net New,No confirmed Electrada match,Inspiration only,,2026-06-22
INS-405,Manchester NH Charging Hub,Manchester NH Beverage Co.,MN,27,90.2,4,108,35142,81,Net New,No confirmed Electrada match,Inspiration only,,2026-06-22
INS-410,Hartford Depot,Hartford Courier Services,CA,5,97.2,2,15,61311,48,Net New,No confirmed Electrada match,Inspiration only,,2026-06-22
INS-015,Tampa Yard,Tampa Food Service Distribution,AR,26,89.81,0,104,36995,83,Net New,No confirmed Electrada match,Inspiration only,,2026-06-23
INS-018,Cleveland Distribution Hub,Cleveland Logistics,SC,18,98.6,2,54,49291,51,Net New,No confirmed Electrada match,Inspiration only,,2026-06-23
,Omaha Fleet Center,Omaha Logistics,MS,13,96.5,3,52,68829,56,Net New,No confirmed Inspiration match,Electrada only,ELC-1170,2026-06-23
,Columbia Fleet Center,Columbia Food Service Distribution,VA,17,94.6,2,34,74089,73,Net New,No confirmed Inspiration match,Electrada only,ELC-1172,2026-06-23
,Spokane Charging Hub,Spokane Courier Services,AR,22,98.8,5,66,54580,64,Net New,No confirmed Inspiration match,Electrada only,ELC-1192,2026-06-23
,Macon Service Center,Macon Telecom Services,ID,18,92.1,1,54,72141,28,Net New,No confirmed Inspiration match,Electrada only,ELC-1194,2026-06-23
,Charlotte Charging Hub,Charlotte Auto Parts Distribution,MS,25,99.7,1,100,60566,64,Net New,No confirmed Inspiration match,Electrada only,ELC-1195,2026-06-23
,Eugene Yard,Eugene Utility Cooperative,AZ,23,92.3,0,46,47674,36,Net New,No confirmed Inspiration match,Electrada only,ELC-1203,2026-06-23
,Augusta Service Center,Augusta School District,UT,19,98.2,1,57,46416,37,Net New,No confirmed Inspiration match,Electrada only,ELC-1217,2026-06-23
,Phoenix Logistics Hub,Phoenix Parcel Delivery,KY,15,99.3,4,30,29781,30,Net New,No confirmed Inspiration match,Electrada only,ELC-1223,2026-06-23
,Chattanooga Depot,Chattanooga Distribution,NE,11,94,6,44,33900,53,Net New,No confirmed Inspiration match,Electrada only,ELC-1233,2026-06-23
,Memphis Depot,Memphis Equipment Rental,KY,21,96.9,3,63,26448,85,Net New,No confirmed Inspiration match,Electrada only,ELC-1253,2026-06-23
,Denver Yard,Denver Logistics,NV,28,99.3,5,112,61429,70,Net New,No confirmed Inspiration match,Electrada only,ELC-1266,2026-06-23
,Portland Fleet Center,Portland Auto Parts Distribution,FL,24,99.7,1,48,37363,76,Net New,No confirmed Inspiration match,Electrada only,ELC-1272,2026-06-23
,Knoxville Depot,Knoxville Logistics,PA,5,94.2,5,10,23299,66,Net New,No confirmed Inspiration match,Electrada only,ELC-1292,2026-06-23
,Huntsville Logistics Center,Huntsville Equipment Rental,CA,10,95.8,1,40,43063,64,Net New,No confirmed Inspiration match,Electrada only,ELC-1312,2026-06-23
,Fresno Logistics Hub,Fresno Logistics,MD,7,99.7,5,21,73417,59,Net New,No confirmed Inspiration match,Electrada only,ELC-1315,2026-06-23
,Richmond Distribution Hub,Richmond Beverage Co.,KS,14,99.7,3,56,31160,86,Net New,No confirmed Inspiration match,Electrada only,ELC-1316,2026-06-23
,Greenville Logistics Center,Greenville Leasing Corporation,MA,8,99.1,0,32,49071,31,Net New,No confirmed Inspiration match,Electrada only,ELC-1325,2026-06-23
,Birmingham Distribution Hub,Birmingham Food Service Distribution,AZ,15,99.7,5,60,75889,62,Net New,No confirmed Inspiration match,Electrada only,ELC-1333,2026-06-23
,Boston Logistics Center,Boston School District,CO,30,99.7,6,60,36203,86,Net New,No confirmed Inspiration match,Electrada only,ELC-1349,2026-06-23
,Orlando Logistics Center,Orlando Auto Parts Distribution,NC,4,99.7,4,12,35381,64,Net New,No confirmed Inspiration match,Electrada only,ELC-1364,2026-06-23
,Pittsburgh Depot,Pittsburgh Equipment Rental,LA,11,97,5,22,54267,46,Net New,No confirmed Inspiration match,Electrada only,ELC-1380,2026-06-23
,Dallas Charging Hub,Dallas Leasing Corporation,UT,24,96.4,6,48,25716,69,Net New,No confirmed Inspiration match,Electrada only,ELC-1387,2026-06-23
,Tulsa Fleet Center,Tulsa School District,AZ,17,99.3,1,34,61883,79,Net New,No confirmed Inspiration match,Electrada only,ELC-1400,2026-06-23
,Wichita Charging Hub,Wichita Telecom Services,AZ,9,98.6,1,18,70994,38,Net New,No confirmed Inspiration match,Electrada only,ELC-1420,2026-06-23
,Tallahassee Logistics Hub,Tallahassee Utility Cooperative,UT,15,96.7,4,30,12804,21,Net New,No confirmed Inspiration match,Electrada only,ELC-1424,2026-06-23
,Nashville Distribution Hub,Nashville Food Service Distribution,CA,10,99.1,1,20,43008,47,Net New,No confirmed Inspiration match,Electrada only,ELC-1434,2026-06-23
,Albuquerque Yard,Albuquerque Airport Authority,MS,14,95.8,3,28,17982,65,Net New,No confirmed Inspiration match,Electrada only,ELC-1449,2026-06-23
,Atlanta Logistics Hub,Atlanta Courier Services,UT,20,96.2,1,80,76918,22,Net New,No confirmed Inspiration match,Electrada only,ELC-1464,2026-06-23
,Bakersfield Depot,Bakersfield Auto Parts Distribution,NC,28,99.7,2,56,72061,35,Net New,No confirmed Inspiration match,Electrada only,ELC-1482,2026-06-23
INS-022,Jackson Depot,Jackson Food Service Distribution,NE,20,93.6,6,40,17447,51,Auto-Merged,"Region match is true, name similarity is 0.88, and uptime delta is below 3%. | Source values - Inspiration uptime: 93.5%, Electrada uptime: 92.8%, Inspiration chargers: 20, Electrada chargers: 20",Both,ELC-1491,2026-06-23
INS-032,Mobile Distribution Hub,Mobile School District,MD,20,95.3,0,60,52678,84,Auto-Merged,"Region match is true, name similarity is 0.81, and uptime delta is below 3%. | Source values - Inspiration uptime: 95.4%, Electrada uptime: 92.6%, Inspiration chargers: 20, Electrada chargers: 20",Both,ELC-1508,2026-06-23
,Midland Charging Hub,Midland Telecom Services,MA,9,99.7,0,18,13054,41,Net New,No confirmed Inspiration match,Electrada only,ELC-1519,2026-06-23
,Duluth Yard,Duluth Auto Parts Distribution,WA,24,91.1,1,48,50607,20,Net New,No confirmed Inspiration match,Electrada only,ELC-1526,2026-06-23
,Little Rock Service Center,Little Rock Beverage Co.,MO,29,97.2,2,116,37713,76,Net New,No confirmed Inspiration match,Electrada only,ELC-1530,2026-06-23
,Toledo Logistics Hub,Toledo Courier Services,ID,15,99.7,5,45,17316,36,Net New,No confirmed Inspiration match,Electrada only,ELC-1533,2026-06-23
,Bozeman Logistics Hub,Bozeman Leasing Corporation,WA,8,92.7,2,16,33284,72,Net New,No confirmed Inspiration match,Electrada only,ELC-1535,2026-06-23
,Sioux Falls Logistics Center,Sioux Falls Distribution,KY,28,99.7,4,56,43763,35,Net New,No confirmed Inspiration match,Electrada only,ELC-1541,2026-06-23
,South Bend Yard,South Bend Utility Cooperative,WI,22,96.9,6,44,54228,47,Net New,No confirmed Inspiration match,Electrada only,ELC-1542,2026-06-23
,Fayetteville Depot,Fayetteville Leasing Corporation,NE,16,99,4,48,22145,43,Net New,No confirmed Inspiration match,Electrada only,ELC-1549,2026-06-23
,Boise Service Center,Boise Logistics,KS,28,99.7,2,56,50818,48,Net New,No confirmed Inspiration match,Electrada only,ELC-1556,2026-06-23
,Akron Service Center,Akron Equipment Rental,IN,26,95.8,3,104,42731,69,Net New,No confirmed Inspiration match,Electrada only,ELC-1569,2026-06-23
,Columbia Charging Hub,Columbia Beverage Co.,AZ,12,99.7,1,48,48408,61,Net New,No confirmed Inspiration match,Electrada only,ELC-1576,2026-06-23
,Scranton Yard,Scranton Telecom Services,MO,17,98.2,2,51,30895,56,Net New,No confirmed Inspiration match,Electrada only,ELC-1581,2026-06-23
,Lafayette Distribution Hub,Lafayette Leasing Corporation,NV,10,94.6,1,20,56568,57,Net New,No confirmed Inspiration match,Electrada only,ELC-1587,2026-06-23
,Augusta Logistics Center,Augusta Telecom Services,SC,25,98.8,3,100,40308,72,Net New,No confirmed Inspiration match,Electrada only,ELC-1592,2026-06-23
,Champaign Logistics Hub,Champaign Beverage Co.,ID,21,88.8,0,42,78432,59,Net New,No confirmed Inspiration match,Electrada only,ELC-1601,2026-06-23
,Lubbock Service Center,Lubbock Parcel Delivery,NV,27,98.1,6,108,64635,79,Net New,No confirmed Inspiration match,Electrada only,ELC-1606,2026-06-23
,Erie Yard,Erie Waste & Recycling,TX,13,99.7,0,52,14189,27,Net New,No confirmed Inspiration match,Electrada only,ELC-1619,2026-06-23
,Corpus Christi Fleet Center,Corpus Christi Airport Authority,KS,26,99.7,2,104,48688,44,Net New,No confirmed Inspiration match,Electrada only,ELC-1630,2026-06-23
,Fargo Charging Hub,Fargo Airport Authority,ID,12,95.9,4,36,26838,36,Net New,No confirmed Inspiration match,Electrada only,ELC-1633,2026-06-23
,Greensboro Charging Hub,Greensboro Courier Services,NM,9,94.9,1,27,37212,55,Net New,No confirmed Inspiration match,Electrada only,ELC-1645,2026-06-23
,Peoria Fleet Center,Peoria Beverage Co.,NM,19,95.9,4,76,72436,41,Net New,No confirmed Inspiration match,Electrada only,ELC-1660,2026-06-23
,Provo Logistics Center,Provo Telecom Services,FL,4,99.7,0,12,74765,29,Net New,No confirmed Inspiration match,Electrada only,ELC-1669,2026-06-23
INS-041,Pocatello Service Center,Pocatello Distribution,NC,12,99,4,24,51823,72,Net New,No confirmed Electrada match,Inspiration only,,2026-06-23
INS-042,Allentown Distribution Hub,Allentown Beverage Co.,MO,16,98.1,1,32,54877,85,Net New,No confirmed Electrada match,Inspiration only,,2026-06-23
INS-050,Rockford Fleet Center,Rockford Equipment Rental,MS,5,92.7,5,15,40094,44,Net New,No confirmed Electrada match,Inspiration only,,2026-06-23
INS-056,Wichita Falls Fleet Center,Wichita Falls School District,SC,6,96.1,5,12,32759,65,Net New,No confirmed Electrada match,Inspiration only,,2026-06-23
INS-059,San Antonio Yard,San Antonio Distribution,CO,8,98.8,4,16,14336,85,Net New,No confirmed Electrada match,Inspiration only,,2026-06-23
INS-063,Madison West Depot,Madison West Leasing Corporation,OK,23,99.7,5,92,31116,63,Net New,No confirmed Electrada match,Inspiration only,,2026-06-23
INS-068,Rochester MN Depot,Rochester MN Parcel Delivery,NE,27,92.8,0,54,75084,86,Conflict - Needs Resolution,"Region match is true and name similarity is 0.79, but uptime delta exceeds 3%. | Source values - Inspiration uptime: 92.8%, Electrada uptime: 89.1%, Inspiration chargers: 27, Electrada chargers: 27",Both,ELC-1672,2026-06-23
INS-072,Athens Logistics Hub,Athens Food Service Distribution,NM,18,96.5,5,72,20509,40,Auto-Merged,"Region match is true, name similarity is 0.81, and uptime delta is below 3%. | Source values - Inspiration uptime: 97.1%, Electrada uptime: 95.5%, Inspiration chargers: 18, Electrada chargers: 18",Both,ELC-1682,2026-06-23
INS-073,Reno Depot,Reno Leasing Corporation,NV,16,89.7,0,48,30817,36,Auto-Merged,"Region match is true, name similarity is 0.87, and uptime delta is below 3%. | Source values - Inspiration uptime: 90.6%, Electrada uptime: 89.2%, Inspiration chargers: 16, Electrada chargers: 16",Both,ELC-1692,2026-06-23
INS-075,Macon Logistics Hub,Macon Courier Services,MS,17,94.5,6,34,15281,65,Auto-Merged,"Region match is true, name similarity is 0.81, and uptime delta is below 3%. | Source values - Inspiration uptime: 94.5%, Electrada uptime: 94.2%, Inspiration chargers: 17, Electrada chargers: 17",Both,ELC-1700,2026-06-23
INS-076,Springfield IL Logistics Hub,Springfield IL School District,IN,30,97.3,2,120,39705,90,Auto-Merged,"Region match is true, name similarity is 0.78, and uptime delta is below 3%. | Source values - Inspiration uptime: 97.8%, Electrada uptime: 95.8%, Inspiration chargers: 30, Electrada chargers: 30",Both,ELC-1707,2026-06-23
INS-083,Fort Smith Yard,Fort Smith Freight Lines,TX,20,98.3,5,40,32826,87,Auto-Merged,"Region match is true, name similarity is 0.85, and uptime delta is below 3%. | Source values - Inspiration uptime: 97.1%, Electrada uptime: 94.4%, Inspiration chargers: 20, Electrada chargers: 20",Both,ELC-1714,2026-06-23
INS-093,Newark Logistics Hub,Newark Leasing Corporation,KY,17,93.8,0,68,13763,45,Auto-Merged,"Region match is true, name similarity is 0.9, and uptime delta is below 3%. | Source values - Inspiration uptime: 92.9%, Electrada uptime: 92.1%, Inspiration chargers: 17, Electrada chargers: 17",Both,ELC-1716,2026-06-23
,Bismarck Logistics Hub,Bismarck Equipment Rental,OK,19,92,1,57,28407,35,Net New,No confirmed Inspiration match,Electrada only,ELC-1731,2026-06-23
,Texarkana Fleet Center,Texarkana School District,AZ,16,91.1,0,48,40937,41,Net New,No confirmed Inspiration match,Electrada only,ELC-1746,2026-06-23
,Salem OR Depot,Salem OR Waste & Recycling,CA,8,91.7,1,24,35138,23,Net New,No confirmed Inspiration match,Electrada only,ELC-1752,2026-06-23
,Dubuque Depot,Dubuque Equipment Rental,WY,12,98.6,1,48,33946,68,Net New,No confirmed Inspiration match,Electrada only,ELC-1754,2026-06-23
,Alexandria LA Yard,Alexandria LA Distribution,SD,24,94.4,6,48,19227,82,Net New,No confirmed Inspiration match,Electrada only,ELC-1757,2026-06-23
,Aberdeen Charging Hub,Aberdeen Leasing Corporation,KY,15,94.6,4,45,54563,24,Net New,No confirmed Inspiration match,Electrada only,ELC-1768,2026-06-23
,Pueblo Distribution Hub,Pueblo Equipment Rental,UT,29,97.4,2,87,66745,29,Net New,No confirmed Inspiration match,Electrada only,ELC-1777,2026-06-23
,Grand Junction Fleet Center,Grand Junction Waste & Recycling,SD,14,99.7,5,56,73701,88,Net New,No confirmed Inspiration match,Electrada only,ELC-1792,2026-06-23
,Watertown Logistics Center,Watertown Equipment Rental,GA,30,93.6,2,90,54028,50,Net New,No confirmed Inspiration match,Electrada only,ELC-1807,2026-06-23
,Gillette Logistics Hub,Gillette Beverage Co.,AR,29,90.6,2,58,53800,56,Net New,No confirmed Inspiration match,Electrada only,ELC-1821,2026-06-23
,Olympia Service Center,Olympia Telecom Services,IN,30,93.5,1,60,12704,30,Net New,No confirmed Inspiration match,Electrada only,ELC-1830,2026-06-23
,Fort Collins Logistics Hub,Fort Collins Leasing Corporation,AR,16,97.9,5,32,15495,58,Net New,No confirmed Inspiration match,Electrada only,ELC-1837,2026-06-23
,Topeka Service Center,Topeka Beverage Co.,AR,16,99.7,2,32,31030,80,Net New,No confirmed Inspiration match,Electrada only,ELC-1840,2026-06-23
,Joplin Fleet Center,Joplin Freight Lines,KS,17,98.1,5,51,34241,74,Net New,No confirmed Inspiration match,Electrada only,ELC-1852,2026-06-23
,Merced Distribution Hub,Merced Equipment Rental,MD,29,99.2,3,116,59451,90,Net New,No confirmed Inspiration match,Electrada only,ELC-1860,2026-06-23
,Manhattan KS Logistics Hub,Manhattan KS Leasing Corporation,WI,13,97.2,1,39,70980,78,Net New,No confirmed Inspiration match,Electrada only,ELC-1873,2026-06-23
,Rapid City West Logistics Hub,Rapid City West Logistics,GA,20,97.4,1,40,23262,83,Net New,No confirmed Inspiration match,Electrada only,ELC-1886,2026-06-23
,Springfield MO Fleet Center,Springfield MO Waste & Recycling,CO,25,94.8,3,75,10717,29,Net New,No confirmed Inspiration match,Electrada only,ELC-1896,2026-06-23
,Chico Service Center,Chico Parcel Delivery,UT,28,93.5,5,112,51226,23,Net New,No confirmed Inspiration match,Electrada only,ELC-1903,2026-06-23
,Cedar Rapids Fleet Center,Cedar Rapids Auto Parts Distribution,NV,24,98.6,1,96,12904,28,Net New,No confirmed Inspiration match,Electrada only,ELC-1909,2026-06-23
INS-103,Yuma Fleet Center,Yuma Logistics,GA,8,93.1,5,32,38224,46,Net New,No confirmed Electrada match,Inspiration only,,2026-06-23
INS-113,Medford Logistics Hub,Medford Parcel Delivery,AR,23,92,3,69,65354,74,Net New,No confirmed Electrada match,Inspiration only,,2026-06-23
INS-116,Bellingham Logistics Center,Bellingham School District,OK,18,97,3,54,56966,44,Net New,No confirmed Electrada match,Inspiration only,,2026-06-23
INS-119,Greeley Yard,Greeley Courier Services,MS,10,96.7,4,40,57326,65,Net New,No confirmed Electrada match,Inspiration only,,2026-06-23
INS-124,Colorado Springs Depot,Colorado Springs Equipment Rental,MS,23,88,4,69,26821,73,Auto-Merged,"Region match is true, name similarity is 0.89, and uptime delta is below 3%. | Source values - Inspiration uptime: 88.0%, Electrada uptime: 85.6%, Inspiration chargers: 23, Electrada chargers: 23",Both,ELC-1924,2026-06-23
INS-128,Flagstaff Service Center,Flagstaff Leasing Corporation,MO,14,95.2,3,28,65463,37,Auto-Merged,"Region match is true, name similarity is 0.79, and uptime delta is below 3%. | Source values - Inspiration uptime: 95.3%, Electrada uptime: 92.7%, Inspiration chargers: 14, Electrada chargers: 14",Both,ELC-1925,2026-06-23
INS-137,Bend Yard,Bend Logistics,AZ,5,95.3,1,15,36760,56,Auto-Merged,"Region match is true, name similarity is 0.82, and uptime delta is below 3%. | Source values - Inspiration uptime: 95.0%, Electrada uptime: 94.2%, Inspiration chargers: 5, Electrada chargers: 5",Both,ELC-1940,2026-06-23
INS-139,Tyler Distribution Hub,Tyler Freight Lines,SC,27,93.4,1,108,70305,54,Auto-Merged,"Region match is true, name similarity is 0.89, and uptime delta is below 3%. | Source values - Inspiration uptime: 93.1%, Electrada uptime: 90.7%, Inspiration chargers: 27, Electrada chargers: 27",Both,ELC-1945,2026-06-23
INS-144,Modesto Yard,Modesto Telecom Services,IN,8,95.2,2,16,16626,20,Auto-Merged,"Region match is true, name similarity is 0.92, and uptime delta is below 3%. | Source values - Inspiration uptime: 94.7%, Electrada uptime: 93.4%, Inspiration chargers: 8, Electrada chargers: 8",Both,ELC-1950,2026-06-23
INS-145,Killeen Service Center,Killeen Waste & Recycling,LA,6,93,6,12,11532,83,Auto-Merged,"Region match is true, name similarity is 0.77, and uptime delta is below 3%. | Source values - Inspiration uptime: 93.6%, Electrada uptime: 92.3%, Inspiration chargers: 6, Electrada chargers: 6",Both,ELC-1960,2026-06-23
INS-154,Laramie Service Center,Laramie Parcel Delivery,AZ,30,92.9,1,90,75726,46,Auto-Merged,"Region match is true, name similarity is 0.86, and uptime delta is below 3%. | Source values - Inspiration uptime: 91.7%, Electrada uptime: 91.0%, Inspiration chargers: 30, Electrada chargers: 30",Both,ELC-1968,2026-06-23
INS-164,Redding Logistics Center,Redding Leasing Corporation,NE,17,93.1,4,68,38727,62,Auto-Merged,"Region match is true, name similarity is 0.93, and uptime delta is below 3%. | Source values - Inspiration uptime: 92.7%, Electrada uptime: 91.6%, Inspiration chargers: 17, Electrada chargers: 17",Both,ELC-1979,2026-06-23
,Elgin Distribution Hub,Elgin Utility Cooperative,OK,25,98.2,1,75,37760,79,Net New,No confirmed Inspiration match,Electrada only,ELC-1984,2026-06-23
,Huntington Fleet Center,Huntington Equipment Rental,VA,10,91.4,4,20,28719,65,Net New,No confirmed Inspiration match,Electrada only,ELC-1989,2026-06-23
,Freeport Service Center,Freeport Beverage Co.,NC,7,95.3,1,28,55959,25,Net New,No confirmed Inspiration match,Electrada only,ELC-1996,2026-06-23
,Dixon Fleet Center,Dixon Courier Services,MS,24,97.6,1,72,12279,43,Net New,No confirmed Inspiration match,Electrada only,ELC-2001,2026-06-23
,Richmond IN Logistics Hub,Richmond IN Parcel Delivery,MN,17,94.4,0,51,25860,72,Net New,No confirmed Inspiration match,Electrada only,ELC-2006,2026-06-23
,Danville Fleet Center,Danville Logistics,SC,10,94,1,30,37445,73,Net New,No confirmed Inspiration match,Electrada only,ELC-2018,2026-06-23
,Stevens Point Charging Hub,Stevens Point Beverage Co.,AZ,8,91.8,7,32,66466,34,Net New,No confirmed Inspiration match,Electrada only,ELC-2025,2026-06-23
,Bloomington South Yard,Bloomington South Parcel Delivery,CO,25,96.9,5,100,71594,81,Net New,No confirmed Inspiration match,Electrada only,ELC-2033,2026-06-23
,Beloit Logistics Center,Beloit Beverage Co.,MT,12,96.3,2,24,68520,66,Net New,No confirmed Inspiration match,Electrada only,ELC-2040,2026-06-23
,Elkhart Depot,Elkhart School District,TN,22,91.6,2,88,14609,39,Net New,No confirmed Inspiration match,Electrada only,ELC-2054,2026-06-23
,Sheboygan Depot,Sheboygan Leasing Corporation,ND,26,91.2,4,104,11063,29,Net New,No confirmed Inspiration match,Electrada only,ELC-2059,2026-06-23
,Kokomo Charging Hub,Kokomo Utility Cooperative,GA,24,92.5,2,72,14741,35,Net New,No confirmed Inspiration match,Electrada only,ELC-2061,2026-06-23
,Sterling Distribution Hub,Sterling Parcel Delivery,ND,26,91.5,0,78,11887,78,Net New,No confirmed Inspiration match,Electrada only,ELC-2074,2026-06-23
,Muncie Service Center,Muncie Logistics,UT,30,98.5,0,90,28519,81,Net New,No confirmed Inspiration match,Electrada only,ELC-2081,2026-06-23
,Warsaw Yard,Warsaw Beverage Co.,NV,27,95.7,1,81,65690,81,Net New,No confirmed Inspiration match,Electrada only,ELC-2091,2026-06-23
,Joliet Charging Hub,Joliet Food Service Distribution,OK,8,95.4,4,32,33678,65,Net New,No confirmed Inspiration match,Electrada only,ELC-2098,2026-06-23
,Columbus IN Charging Hub,Columbus IN Distribution,IN,17,90.3,3,68,71040,40,Net New,No confirmed Inspiration match,Electrada only,ELC-2110,2026-06-23
,New Albany Yard,New Albany Beverage Co.,IA,6,97.5,6,24,21779,48,Net New,No confirmed Inspiration match,Electrada only,ELC-2122,2026-06-23
,La Crosse Depot,La Crosse Parcel Delivery,AR,19,99.7,0,57,30201,39,Net New,No confirmed Inspiration match,Electrada only,ELC-2125,2026-06-23
,Decatur Service Center,Decatur Telecom Services,ND,11,91.4,1,22,32560,71,Net New,No confirmed Inspiration match,Electrada only,ELC-2130,2026-06-23
,Owensboro Distribution Hub,Owensboro Beverage Co.,NC,17,99.7,1,68,50910,88,Net New,No confirmed Inspiration match,Electrada only,ELC-2141,2026-06-23
INS-172,Rockford North Service Center,Rockford North Airport Authority,CO,25,96.7,2,75,31655,60,Net New,No confirmed Electrada match,Inspiration only,,2026-06-23
INS-177,Jeffersonville Charging Hub,Jeffersonville Parcel Delivery,NM,6,94.5,1,24,50573,61,Net New,No confirmed Electrada match,Inspiration only,,2026-06-23
INS-180,Anderson Logistics Center,Anderson Beverage Co.,CO,24,99.7,3,48,30179,32,Net New,No confirmed Electrada match,Inspiration only,,2026-06-23
INS-182,Marshfield Distribution Hub,Marshfield Waste & Recycling,MN,19,95.7,4,57,37360,53,Net New,No confirmed Electrada match,Inspiration only,,2026-06-23
INS-183,Oshkosh Fleet Center,Oshkosh Logistics,KY,28,98.5,1,84,59434,45,Net New,No confirmed Electrada match,Inspiration only,,2026-06-23
INS-189,Wabash Fleet Center,Wabash Utility Cooperative,WI,5,97.1,0,15,60642,88,Net New,No confirmed Electrada match,Inspiration only,,2026-06-23
INS-197,Bloomington IL Depot,Bloomington IL Waste & Recycling,OK,18,94.3,5,36,57698,47,Net New,No confirmed Electrada match,Inspiration only,,2026-06-23
INS-203,Janesville Distribution Hub,Janesville Distribution,CO,18,99.7,3,54,21789,59,Net New,No confirmed Electrada match,Inspiration only,,2026-06-23
INS-204,Lafayette IN Logistics Center,Lafayette IN Courier Services,TX,21,98.4,3,63,21103,63,Net New,No confirmed Electrada match,Inspiration only,,2026-06-23
INS-206,Waukegan Charging Hub,Waukegan Distribution,NC,16,89.2,3,48,75870,27,Auto-Merged,"Region match is true, name similarity is 0.88, and uptime delta is below 3%. | Source values - Inspiration uptime: 88.7%, Electrada uptime: 86.4%, Inspiration chargers: 16, Electrada chargers: 16",Both,ELC-2151,2026-06-23
INS-212,Wausau Depot,Wausau Telecom Services,FL,16,90.1,2,32,71903,76,Conflict - Needs Resolution,"Region match is true and name similarity is 0.67, but uptime delta exceeds 3%. | Source values - Inspiration uptime: 90.1%, Electrada uptime: 85.5%, Inspiration chargers: 16, Electrada chargers: 16",Both,ELC-2166,2026-06-23
INS-217,Elizabethtown Logistics Hub,Elizabethtown Equipment Rental,KY,24,89.5,3,72,52265,64,Auto-Merged,"Region match is true, name similarity is 0.76, and uptime delta is below 3%. | Source values - Inspiration uptime: 90.0%, Electrada uptime: 88.8%, Inspiration chargers: 24, Electrada chargers: 24",Both,ELC-2178,2026-06-23
INS-221,Eau Claire Yard,Eau Claire Logistics,OH,7,96.5,3,14,19619,72,Auto-Merged,"Region match is true, name similarity is 0.81, and uptime delta is below 3%. | Source values - Inspiration uptime: 95.8%, Electrada uptime: 94.3%, Inspiration chargers: 7, Electrada chargers: 7",Both,ELC-2186,2026-06-23
INS-228,Frankfort Depot,Frankfort School District,NC,7,89.9,2,21,12864,78,Conflict - Needs Resolution,"Region match is true and name similarity is 0.77, but uptime delta exceeds 3%. | Source values - Inspiration uptime: 89.9%, Electrada uptime: 82.5%, Inspiration chargers: 7, Electrada chargers: 7",Both,ELC-2194,2026-06-23
INS-238,Mishawaka Logistics Hub,Mishawaka Equipment Rental,UT,5,93.6,3,15,57322,21,Auto-Merged,"Region match is true, name similarity is 0.89, and uptime delta is below 3%. | Source values - Inspiration uptime: 93.9%, Electrada uptime: 92.2%, Inspiration chargers: 5, Electrada chargers: 5",Both,ELC-2201,2026-06-23
INS-247,Henderson Fleet Center,Henderson Waste & Recycling,NE,23,93.8,1,69,74254,38,Auto-Merged,"Region match is true, name similarity is 0.82, and uptime delta is below 3%. | Source values - Inspiration uptime: 92.6%, Electrada uptime: 90.5%, Inspiration chargers: 23, Electrada chargers: 23",Both,ELC-2213,2026-06-23
INS-255,Marion IN Fleet Center,Marion IN Beverage Co.,UT,13,98.6,4,39,50222,43,Auto-Merged,"Region match is true, name similarity is 0.89, and uptime delta is below 3%. | Source values - Inspiration uptime: 96.5%, Electrada uptime: 95.9%, Inspiration chargers: 13, Electrada chargers: 13",Both,ELC-2225,2026-06-23
,Petoskey Fleet Center,Petoskey Auto Parts Distribution,WA,4,99.6,5,16,54264,56,Net New,No confirmed Inspiration match,Electrada only,ELC-2236,2026-06-23
,Manistee Fleet Center,Manistee Telecom Services,ID,20,98.2,4,40,77746,77,Net New,No confirmed Inspiration match,Electrada only,ELC-2245,2026-06-23
,Niles Fleet Center,Niles School District,NM,11,94,4,44,28415,83,Net New,No confirmed Inspiration match,Electrada only,ELC-2253,2026-06-23
,Traverse City Service Center,Traverse City Logistics,VA,29,96.4,1,87,46767,22,Net New,No confirmed Inspiration match,Electrada only,ELC-2254,2026-06-23
,Ionia Fleet Center,Ionia Freight Lines,ND,10,89.4,0,40,61422,42,Net New,No confirmed Inspiration match,Electrada only,ELC-2262,2026-06-23
,Owosso Logistics Hub,Owosso Logistics,MT,19,93.1,1,38,75402,89,Net New,No confirmed Inspiration match,Electrada only,ELC-2275,2026-06-23
,Menominee Charging Hub,Menominee Parcel Delivery,NV,19,98,5,38,59201,28,Net New,No confirmed Inspiration match,Electrada only,ELC-2276,2026-06-23
,Clare Distribution Hub,Clare Telecom Services,CO,25,95.8,2,100,53309,38,Net New,No confirmed Inspiration match,Electrada only,ELC-2279,2026-06-23
,Holland MI Depot,Holland MI Distribution,MD,18,91.5,2,36,15630,79,Net New,No confirmed Inspiration match,Electrada only,ELC-2286,2026-06-23
,Coldwater Fleet Center,Coldwater School District,SD,13,99.7,2,39,62867,88,Net New,No confirmed Inspiration match,Electrada only,ELC-2293,2026-06-23
,Three Rivers Service Center,Three Rivers Utility Cooperative,TN,11,90.9,5,33,53380,38,Net New,No confirmed Inspiration match,Electrada only,ELC-2299,2026-06-23
,Ludington Distribution Hub,Ludington Telecom Services,TN,25,95.5,1,50,41642,31,Net New,No confirmed Inspiration match,Electrada only,ELC-2300,2026-06-23
,Greenville MI Fleet Center,Greenville MI Leasing Corporation,AL,11,93.4,0,33,79657,55,Net New,No confirmed Inspiration match,Electrada only,ELC-2304,2026-06-23
,Flint Depot,Flint Distribution,IL,20,91.3,3,60,19321,28,Net New,No confirmed Inspiration match,Electrada only,ELC-2310,2026-06-23
,Kalamazoo Logistics Center,Kalamazoo Telecom Services,NM,8,97.9,4,32,52089,52,Net New,No confirmed Inspiration match,Electrada only,ELC-2318,2026-06-23
,Jackson MI Fleet Center,Jackson MI Airport Authority,TN,18,93.1,2,36,52602,56,Net New,No confirmed Inspiration match,Electrada only,ELC-2332,2026-06-23
,Fenton Service Center,Fenton Waste & Recycling,AL,27,98.7,1,54,43788,65,Net New,No confirmed Inspiration match,Electrada only,ELC-2340,2026-06-23
,Tecumseh Distribution Hub,Tecumseh Logistics,WI,6,98.5,7,18,58527,47,Net New,No confirmed Inspiration match,Electrada only,ELC-2351,2026-06-23
,Ironwood Logistics Center,Ironwood Parcel Delivery,ND,27,94.2,3,108,32677,58,Net New,No confirmed Inspiration match,Electrada only,ELC-2363,2026-06-23
INS-263,Marquette Distribution Hub,Marquette Auto Parts Distribution,NC,28,98.3,1,112,72343,61,Net New,No confirmed Electrada match,Inspiration only,,2026-06-23
INS-270,Lansing Charging Hub,Lansing Beverage Co.,NM,7,97.9,0,28,21384,52,Net New,No confirmed Electrada match,Inspiration only,,2026-06-23
INS-273,Houghton Service Center,Houghton Utility Cooperative,MI,10,96,1,30,62663,35,Net New,No confirmed Electrada match,Inspiration only,,2026-06-23
INS-282,Gladwin Logistics Hub,Gladwin Auto Parts Distribution,UT,7,96.8,0,14,69896,40,Net New,No confirmed Electrada match,Inspiration only,,2026-06-23
INS-286,Sault Ste Marie Depot,Sault Ste Marie Waste & Recycling,VA,10,96.8,0,30,58637,33,Net New,No confirmed Electrada match,Inspiration only,,2026-06-23
INS-294,Ypsilanti Logistics Center,Ypsilanti School District,UT,18,97.6,1,54,34179,90,Net New,No confirmed Electrada match,Inspiration only,,2026-06-23
INS-300,Sturgis Logistics Hub,Sturgis Parcel Delivery,AZ,15,93.1,2,60,69424,87,Net New,No confirmed Electrada match,Inspiration only,,2026-06-23
INS-310,Bay City Service Center,Bay City Auto Parts Distribution,CO,19,89.9,6,76,23714,71,Conflict - Needs Resolution,"Region match is true and name similarity is 0.72, but uptime delta exceeds 3%. | Source values - Inspiration uptime: 89.9%, Electrada uptime: 84.1%, Inspiration chargers: 19, Electrada chargers: 19",Both,ELC-2371,2026-06-23
INS-318,Grand Rapids Distribution Hub,Grand Rapids Parcel Delivery,WA,15,93.7,1,45,58829,24,Auto-Merged,"Region match is true, name similarity is 0.91, and uptime delta is below 3%. | Source values - Inspiration uptime: 93.7%, Electrada uptime: 91.2%, Inspiration chargers: 15, Electrada chargers: 15",Both,ELC-2382,2026-06-23
INS-319,Standish Logistics Hub,Standish Logistics,ND,26,95.6,4,104,55690,76,Conflict - Needs Resolution,"Region match is true and name similarity is 0.68, but uptime delta exceeds 3%. | Source values - Inspiration uptime: 95.6%, Electrada uptime: 88.4%, Inspiration chargers: 26, Electrada chargers: 26",Both,ELC-2391,2026-06-23
INS-329,Ann Arbor Logistics Hub,Ann Arbor Telecom Services,WI,28,96.3,6,56,74833,51,Auto-Merged,"Region match is true, name similarity is 0.79, and uptime delta is below 3%. | Source values - Inspiration uptime: 95.3%, Electrada uptime: 93.8%, Inspiration chargers: 28, Electrada chargers: 28",Both,ELC-2392,2026-06-23
INS-339,Dowagiac Charging Hub,Dowagiac Beverage Co.,IA,10,97.6,4,30,12396,61,Auto-Merged,"Region match is true, name similarity is 0.86, and uptime delta is below 3%. | Source values - Inspiration uptime: 98.3%, Electrada uptime: 97.7%, Inspiration chargers: 10, Electrada chargers: 10",Both,ELC-2397,2026-06-23
INS-341,Alpena Logistics Hub,Alpena Equipment Rental,NE,13,93.8,5,52,36756,72,Auto-Merged,"Region match is true, name similarity is 0.9, and uptime delta is below 3%. | Source values - Inspiration uptime: 93.5%, Electrada uptime: 93.3%, Inspiration chargers: 13, Electrada chargers: 13",Both,ELC-2405,2026-06-23
,Ithaca Distribution Hub,Ithaca Auto Parts Distribution,CT,6,99.3,6,12,52518,58,Net New,No confirmed Inspiration match,Electrada only,ELC-2419,2026-06-23
,Kingston NY Depot,Kingston NY Freight Lines,FL,10,99.6,2,20,68014,77,Net New,No confirmed Inspiration match,Electrada only,ELC-2427,2026-06-23
,Worcester Service Center,Worcester Auto Parts Distribution,RI,9,98.3,5,18,17594,86,Net New,No confirmed Inspiration match,Electrada only,ELC-2435,2026-06-23
,Oswego Distribution Hub,Oswego Equipment Rental,VT,21,90.7,7,42,28210,65,Net New,No confirmed Inspiration match,Electrada only,ELC-2442,2026-06-23
,Gloversville Yard,Gloversville Beverage Co.,MI,13,97.1,4,52,51875,79,Net New,No confirmed Inspiration match,Electrada only,ELC-2443,2026-06-23
,Elmira Yard,Elmira School District,KS,6,94.8,5,24,33981,72,Net New,No confirmed Inspiration match,Electrada only,ELC-2450,2026-06-23
,Bangor Logistics Hub,Bangor School District,VA,15,96,6,60,78428,69,Net New,No confirmed Inspiration match,Electrada only,ELC-2454,2026-06-23
,New Haven Depot,New Haven Beverage Co.,AL,27,96.3,0,54,11393,49,Net New,No confirmed Inspiration match,Electrada only,ELC-2465,2026-06-23
,Concord NH Charging Hub,Concord NH Telecom Services,ND,22,99.7,1,88,74779,26,Net New,No confirmed Inspiration match,Electrada only,ELC-2467,2026-06-23
,Fall River Fleet Center,Fall River School District,AZ,6,95.5,4,24,66843,21,Net New,No confirmed Inspiration match,Electrada only,ELC-2469,2026-06-23
,Danbury Yard,Danbury School District,NV,29,95.9,6,87,51477,88,Net New,No confirmed Inspiration match,Electrada only,ELC-2470,2026-06-23
,Watertown NY Yard,Watertown NY Airport Authority,NM,30,97,6,90,39443,86,Net New,No confirmed Inspiration match,Electrada only,ELC-2483,2026-06-23
,Rutland Depot,Rutland Beverage Co.,MO,25,98.6,5,50,36040,58,Net New,No confirmed Inspiration match,Electrada only,ELC-2496,2026-06-23
,Plattsburgh Yard,Plattsburgh Equipment Rental,PA,19,92.2,0,38,14981,57,Net New,No confirmed Inspiration match,Electrada only,ELC-2506,2026-06-23
,Augusta ME Fleet Center,Augusta ME School District,OR,13,93.3,4,39,78631,49,Net New,No confirmed Inspiration match,Electrada only,ELC-2512,2026-06-23
,Binghamton Fleet Center,Binghamton Telecom Services,VA,29,99,6,116,17485,81,Net New,No confirmed Inspiration match,Electrada only,ELC-2523,2026-06-23
,Cortland Yard,Cortland Beverage Co.,KS,6,89.7,1,18,51693,87,Net New,No confirmed Inspiration match,Electrada only,ELC-2525,2026-06-23
,Burlington VT Distribution Hub,Burlington VT Auto Parts Distribution,WA,10,91.4,0,40,75276,49,Net New,No confirmed Inspiration match,Electrada only,ELC-2526,2026-06-23
,Auburn NY Logistics Center,Auburn NY Leasing Corporation,MN,7,92.3,4,21,15011,72,Net New,No confirmed Inspiration match,Electrada only,ELC-2531,2026-06-23
,Poughkeepsie Charging Hub,Poughkeepsie Airport Authority,OR,29,93.3,0,116,52572,64,Net New,No confirmed Inspiration match,Electrada only,ELC-2535,2026-06-23
,Niagara Falls Distribution Hub,Niagara Falls Beverage Co.,NM,19,90.6,3,76,14872,43,Net New,No confirmed Inspiration match,Electrada only,ELC-2537,2026-06-23
,Lowell Service Center,Lowell Parcel Delivery,WA,20,95.5,5,60,69786,51,Net New,No confirmed Inspiration match,Electrada only,ELC-2544,2026-06-23
,Utica Service Center,Utica Utility Cooperative,KY,21,93.9,0,84,53928,21,Net New,No confirmed Inspiration match,Electrada only,ELC-2551,2026-06-23
,Springfield MA Depot,Springfield MA Freight Lines,UT,20,92.8,5,80,37300,37,Net New,No confirmed Inspiration match,Electrada only,ELC-2556,2026-06-23
,Glens Falls Logistics Center,Glens Falls Beverage Co.,NV,20,93.9,1,80,64156,85,Net New,No confirmed Inspiration match,Electrada only,ELC-2559,2026-06-23
INS-348,Norwalk Distribution Hub,Norwalk Distribution,TN,25,98,2,75,35526,30,Net New,No confirmed Electrada match,Inspiration only,,2026-06-23
INS-356,New Bedford Fleet Center,New Bedford Food Service Distribution,MS,6,94,1,18,71018,22,Net New,No confirmed Electrada match,Inspiration only,,2026-06-23
INS-366,Cranston Service Center,Cranston Equipment Rental,UT,18,95.9,1,72,74254,74,Net New,No confirmed Electrada match,Inspiration only,,2026-06-23
INS-371,Nashua Depot,Nashua Food Service Distribution,IA,24,91.8,0,96,30010,47,Net New,No confirmed Electrada match,Inspiration only,,2026-06-23
INS-375,Warwick Depot,Warwick Telecom Services,KY,4,96.7,6,16,50628,41,Net New,No confirmed Electrada match,Inspiration only,,2026-06-23
INS-379,Hudson NY Logistics Center,Hudson NY Parcel Delivery,WA,27,90.5,5,54,75369,56,Net New,No confirmed Electrada match,Inspiration only,,2026-06-23
INS-384,Montpelier Logistics Hub,Montpelier Airport Authority,RI,5,93,3,20,53626,78,Net New,No confirmed Electrada match,Inspiration only,,2026-06-23
INS-391,Schenectady Logistics Hub,Schenectady Equipment Rental,OK,4,98,4,12,39923,61,Net New,No confirmed Electrada match,Inspiration only,,2026-06-23
INS-395,Albany Distribution Hub,Albany Freight Lines,TN,26,94.7,3,78,64369,26,Net New,No confirmed Electrada match,Inspiration only,,2026-06-23
INS-403,Bridgeport Yard,Bridgeport Beverage Co.,VT,21,97.4,6,63,15877,23,Net New,No confirmed Electrada match,Inspiration only,,2026-06-23
INS-405,Manchester NH Charging Hub,Manchester NH Beverage Co.,MN,27,90.2,4,108,35142,81,Net New,No confirmed Electrada match,Inspiration only,,2026-06-23
INS-410,Hartford Depot,Hartford Courier Services,CA,5,98.5,2,15,61311,48,Net New,No confirmed Electrada match,Inspiration only,,2026-06-23
,Ashburn Service Center,Ashburn Equipment Rental,NH,23,96.8,2,46,55515,87,Net New,No confirmed Inspiration match,Electrada only,ELC-2564,2026-06-23
,Lexington VA Distribution Hub,Lexington VA Airport Authority,NM,8,91.1,1,24,36030,88,Net New,No confirmed Inspiration match,Electrada only,ELC-2569,2026-06-23
,Warrenton Charging Hub,Warrenton Telecom Services,MT,29,94.6,5,58,10974,25,Net New,No confirmed Inspiration match,Electrada only,ELC-2580,2026-06-23
,Petersburg VA Service Center,Petersburg VA Auto Parts Distribution,AR,11,99.6,5,22,51376,32,Net New,No confirmed Inspiration match,Electrada only,ELC-2589,2026-06-23
,Cumberland MD Distribution Hub,Cumberland MD Parcel Delivery,OH,22,92.5,2,66,51772,83,Net New,No confirmed Inspiration match,Electrada only,ELC-2592,2026-06-23
,Martinsville Depot,Martinsville Freight Lines,VA,15,93.3,4,30,54343,29,Net New,No confirmed Inspiration match,Electrada only,ELC-2601,2026-06-23
,Chesapeake Yard,Chesapeake Freight Lines,MI,4,91.3,3,8,29106,39,Net New,No confirmed Inspiration match,Electrada only,ELC-2603,2026-06-23
,Gaithersburg Depot,Gaithersburg Courier Services,RI,14,95.7,2,28,49937,30,Net New,No confirmed Inspiration match,Electrada only,ELC-2616,2026-06-23
,Staunton Service Center,Staunton Waste & Recycling,AR,7,93.6,2,21,47810,84,Net New,No confirmed Inspiration match,Electrada only,ELC-2627,2026-06-23
,Salisbury MD Yard,Salisbury MD Utility Cooperative,VA,13,97.8,4,26,59151,61,Net New,No confirmed Inspiration match,Electrada only,ELC-2631,2026-06-23
,Franklin VA Depot,Franklin VA Food Service Distribution,GA,8,90.5,2,24,10723,45,Net New,No confirmed Inspiration match,Electrada only,ELC-2643,2026-06-23
,Waynesboro Service Center,Waynesboro Parcel Delivery,AR,20,96.7,4,40,66862,82,Net New,No confirmed Inspiration match,Electrada only,ELC-2655,2026-06-23
,Emporia Fleet Center,Emporia Leasing Corporation,NV,17,93.8,5,68,57423,51,Net New,No confirmed Inspiration match,Electrada only,ELC-2666,2026-06-23
,South Boston Depot,South Boston Courier Services,GA,18,96.1,4,72,16476,66,Net New,No confirmed Inspiration match,Electrada only,ELC-2672,2026-06-23
,Rockville Yard,Rockville Airport Authority,IN,19,98,2,38,28335,32,Net New,No confirmed Inspiration match,Electrada only,ELC-2673,2026-06-23
,Silver Spring Distribution Hub,Silver Spring School District,NH,19,95.7,4,38,68829,74,Net New,No confirmed Inspiration match,Electrada only,ELC-2684,2026-06-23
,Charlottesville Fleet Center,Charlottesville Telecom Services,WA,4,94.7,3,8,34724,40,Net New,No confirmed Inspiration match,Electrada only,ELC-2695,2026-06-23
,Woodbridge Logistics Center,Woodbridge Freight Lines,NM,30,94.4,6,120,79015,66,Net New,No confirmed Inspiration match,Electrada only,ELC-2706,2026-06-23
,Hopewell Depot,Hopewell Beverage Co.,MO,27,95,3,108,24457,79,Net New,No confirmed Inspiration match,Electrada only,ELC-2716,2026-06-23
,Radford Depot,Radford Utility Cooperative,NY,22,97.1,5,66,66792,37,Net New,No confirmed Inspiration match,Electrada only,ELC-2725,2026-06-23
,Blacksburg Depot,Blacksburg Airport Authority,ND,14,93.2,3,28,66802,33,Net New,No confirmed Inspiration match,Electrada only,ELC-2738,2026-06-23
INS-418,Portsmouth VA Logistics Center,Portsmouth VA Courier Services,OR,9,95.4,4,27,23153,26,Net New,No confirmed Electrada match,Inspiration only,,2026-06-23
INS-426,Harrisonburg Logistics Hub,Harrisonburg Food Service Distribution,SD,21,99.4,0,63,60149,68,Net New,No confirmed Electrada match,Inspiration only,,2026-06-23
INS-436,Abingdon Logistics Center,Abingdon Beverage Co.,LA,26,95.1,4,78,68746,82,Net New,No confirmed Electrada match,Inspiration only,,2026-06-23
INS-443,Bethesda Service Center,Bethesda Food Service Distribution,NE,6,95.9,0,24,42531,78,Net New,No confirmed Electrada match,Inspiration only,,2026-06-23
INS-449,Farmville Fleet Center,Farmville Telecom Services,ME,28,99.7,1,56,31653,65,Net New,No confirmed Electrada match,Inspiration only,,2026-06-23
INS-457,Leesburg Service Center,Leesburg Utility Cooperative,FL,7,99.7,6,21,64210,58,Net New,No confirmed Electrada match,Inspiration only,,2026-06-23
INS-466,Colonial Heights Charging Hub,Colonial Heights Auto Parts Distribution,CT,19,96.3,3,76,27114,86,Net New,No confirmed Electrada match,Inspiration only,,2026-06-23
INS-474,Frederick MD Fleet Center,Frederick MD Utility Cooperative,ND,9,92.6,1,18,79710,47,Net New,No confirmed Electrada match,Inspiration only,,2026-06-23
INS-483,Winchester VA Depot,Winchester VA Beverage Co.,TX,20,96.4,1,40,31976,55,Net New,No confirmed Electrada match,Inspiration only,,2026-06-23
INS-492,Christiansburg Yard,Christiansburg Freight Lines,LA,17,93.4,1,51,79053,83,Conflict - Needs Resolution,"Region match is true and name similarity is 0.68, but uptime delta exceeds 3%. | Source values - Inspiration uptime: 93.4%, Electrada uptime: 85.3%, Inspiration chargers: 17, Electrada chargers: 17",Both,ELC-2742,2026-06-23
INS-496,Danville VA Service Center,Danville VA Parcel Delivery,IA,15,91,5,60,18703,28,Conflict - Needs Resolution,"Region match is true and name similarity is 0.75, but uptime delta exceeds 3%. | Source values - Inspiration uptime: 91.0%, Electrada uptime: 84.2%, Inspiration chargers: 15, Electrada chargers: 15",Both,ELC-2752,2026-06-23
INS-498,Hagerstown Charging Hub,Hagerstown Beverage Co.,AL,18,95.5,0,54,72928,72,Conflict - Needs Resolution,"Region match is true and name similarity is 0.8, but uptime delta exceeds 3%. | Source values - Inspiration uptime: 95.5%, Electrada uptime: 87.1%, Inspiration chargers: 18, Electrada chargers: 18",Both,ELC-2759,2026-06-23
INS-506,Newark DE Logistics Center,Newark DE Leasing Corporation,IL,14,99,1,42,25429,42,Auto-Merged,"Region match is true, name similarity is 0.84, and uptime delta is below 3%. | Source values - Inspiration uptime: 99.0%, Electrada uptime: 97.5%, Inspiration chargers: 14, Electrada chargers: 14",Both,ELC-2770,2026-06-23
INS-015,Tampa Yard,Tampa Food Service Distribution,AR,26,93.46,0,104,36995,83,Net New,No confirmed Electrada match,Inspiration only,,2026-06-24
INS-018,Cleveland Distribution Hub,Cleveland Logistics,SC,18,98.7,2,54,49291,51,Net New,No confirmed Electrada match,Inspiration only,,2026-06-24
,Omaha Fleet Center,Omaha Logistics,MS,13,96.2,3,52,68829,56,Net New,No confirmed Inspiration match,Electrada only,ELC-1170,2026-06-24
,Columbia Fleet Center,Columbia Food Service Distribution,VA,17,95.1,2,34,74089,73,Net New,No confirmed Inspiration match,Electrada only,ELC-1172,2026-06-24
,Spokane Charging Hub,Spokane Courier Services,AR,22,98,5,66,54580,64,Net New,No confirmed Inspiration match,Electrada only,ELC-1192,2026-06-24
,Macon Service Center,Macon Telecom Services,ID,18,91.7,2,54,72141,28,Net New,No confirmed Inspiration match,Electrada only,ELC-1194,2026-06-24
,Charlotte Charging Hub,Charlotte Auto Parts Distribution,MS,25,99.5,1,100,60566,64,Net New,No confirmed Inspiration match,Electrada only,ELC-1195,2026-06-24
,Eugene Yard,Eugene Utility Cooperative,AZ,23,92.5,0,46,47674,36,Net New,No confirmed Inspiration match,Electrada only,ELC-1203,2026-06-24
,Augusta Service Center,Augusta School District,UT,19,97.6,1,57,46416,37,Net New,No confirmed Inspiration match,Electrada only,ELC-1217,2026-06-24
,Phoenix Logistics Hub,Phoenix Parcel Delivery,KY,15,99.4,4,30,29781,30,Net New,No confirmed Inspiration match,Electrada only,ELC-1223,2026-06-24
,Chattanooga Depot,Chattanooga Distribution,NE,11,94.6,6,44,33900,53,Net New,No confirmed Inspiration match,Electrada only,ELC-1233,2026-06-24
,Memphis Depot,Memphis Equipment Rental,KY,21,96.8,3,63,26448,85,Net New,No confirmed Inspiration match,Electrada only,ELC-1253,2026-06-24
,Denver Yard,Denver Logistics,NV,28,98.9,5,112,61429,70,Net New,No confirmed Inspiration match,Electrada only,ELC-1266,2026-06-24
,Portland Fleet Center,Portland Auto Parts Distribution,FL,24,99.7,1,48,37363,76,Net New,No confirmed Inspiration match,Electrada only,ELC-1272,2026-06-24
,Knoxville Depot,Knoxville Logistics,PA,5,94.6,6,10,23299,66,Net New,No confirmed Inspiration match,Electrada only,ELC-1292,2026-06-24
,Huntsville Logistics Center,Huntsville Equipment Rental,CA,10,95,1,40,43063,64,Net New,No confirmed Inspiration match,Electrada only,ELC-1312,2026-06-24
,Fresno Logistics Hub,Fresno Logistics,MD,7,99.2,5,21,73417,59,Net New,No confirmed Inspiration match,Electrada only,ELC-1315,2026-06-24
,Richmond Distribution Hub,Richmond Beverage Co.,KS,14,98.6,3,56,31160,86,Net New,No confirmed Inspiration match,Electrada only,ELC-1316,2026-06-24
,Greenville Logistics Center,Greenville Leasing Corporation,MA,8,99.1,0,32,49071,31,Net New,No confirmed Inspiration match,Electrada only,ELC-1325,2026-06-24
,Birmingham Distribution Hub,Birmingham Food Service Distribution,AZ,15,99.7,4,60,75889,62,Net New,No confirmed Inspiration match,Electrada only,ELC-1333,2026-06-24
,Boston Logistics Center,Boston School District,CO,30,98.7,6,60,36203,86,Net New,No confirmed Inspiration match,Electrada only,ELC-1349,2026-06-24
,Orlando Logistics Center,Orlando Auto Parts Distribution,NC,4,99.7,4,12,35381,64,Net New,No confirmed Inspiration match,Electrada only,ELC-1364,2026-06-24
,Pittsburgh Depot,Pittsburgh Equipment Rental,LA,11,96.4,5,22,54267,46,Net New,No confirmed Inspiration match,Electrada only,ELC-1380,2026-06-24
,Dallas Charging Hub,Dallas Leasing Corporation,UT,24,96.7,6,48,25716,69,Net New,No confirmed Inspiration match,Electrada only,ELC-1387,2026-06-24
,Tulsa Fleet Center,Tulsa School District,AZ,17,99.7,1,34,61883,79,Net New,No confirmed Inspiration match,Electrada only,ELC-1400,2026-06-24
,Wichita Charging Hub,Wichita Telecom Services,AZ,9,98.5,1,18,70994,38,Net New,No confirmed Inspiration match,Electrada only,ELC-1420,2026-06-24
,Tallahassee Logistics Hub,Tallahassee Utility Cooperative,UT,15,96.7,4,30,12804,21,Net New,No confirmed Inspiration match,Electrada only,ELC-1424,2026-06-24
,Nashville Distribution Hub,Nashville Food Service Distribution,CA,10,99.7,1,20,43008,47,Net New,No confirmed Inspiration match,Electrada only,ELC-1434,2026-06-24
,Albuquerque Yard,Albuquerque Airport Authority,MS,14,95.8,2,28,17982,65,Net New,No confirmed Inspiration match,Electrada only,ELC-1449,2026-06-24
,Atlanta Logistics Hub,Atlanta Courier Services,UT,20,96.5,1,80,76918,22,Net New,No confirmed Inspiration match,Electrada only,ELC-1464,2026-06-24
,Bakersfield Depot,Bakersfield Auto Parts Distribution,NC,28,99.7,2,56,72061,35,Net New,No confirmed Inspiration match,Electrada only,ELC-1482,2026-06-24
INS-022,Jackson Depot,Jackson Food Service Distribution,NE,20,94.2,6,40,17447,51,Auto-Merged,"Region match is true, name similarity is 0.88, and uptime delta is below 3%. | Source values - Inspiration uptime: 93.5%, Electrada uptime: 92.8%, Inspiration chargers: 20, Electrada chargers: 20",Both,ELC-1491,2026-06-24
INS-032,Mobile Distribution Hub,Mobile School District,MD,20,95.1,0,60,52678,84,Auto-Merged,"Region match is true, name similarity is 0.81, and uptime delta is below 3%. | Source values - Inspiration uptime: 95.4%, Electrada uptime: 92.6%, Inspiration chargers: 20, Electrada chargers: 20",Both,ELC-1508,2026-06-24
,Midland Charging Hub,Midland Telecom Services,MA,9,99.7,1,18,13054,41,Net New,No confirmed Inspiration match,Electrada only,ELC-1519,2026-06-24
,Duluth Yard,Duluth Auto Parts Distribution,WA,24,91.2,2,48,50607,20,Net New,No confirmed Inspiration match,Electrada only,ELC-1526,2026-06-24
,Little Rock Service Center,Little Rock Beverage Co.,MO,29,96.3,2,116,37713,76,Net New,No confirmed Inspiration match,Electrada only,ELC-1530,2026-06-24
,Toledo Logistics Hub,Toledo Courier Services,ID,15,99.4,5,45,17316,36,Net New,No confirmed Inspiration match,Electrada only,ELC-1533,2026-06-24
,Bozeman Logistics Hub,Bozeman Leasing Corporation,WA,8,93.6,2,16,33284,72,Net New,No confirmed Inspiration match,Electrada only,ELC-1535,2026-06-24
,Sioux Falls Logistics Center,Sioux Falls Distribution,KY,28,98.8,4,56,43763,35,Net New,No confirmed Inspiration match,Electrada only,ELC-1541,2026-06-24
,South Bend Yard,South Bend Utility Cooperative,WI,22,96.6,6,44,54228,47,Net New,No confirmed Inspiration match,Electrada only,ELC-1542,2026-06-24
,Fayetteville Depot,Fayetteville Leasing Corporation,NE,16,97.9,4,48,22145,43,Net New,No confirmed Inspiration match,Electrada only,ELC-1549,2026-06-24
,Boise Service Center,Boise Logistics,KS,28,99.7,2,56,50818,48,Net New,No confirmed Inspiration match,Electrada only,ELC-1556,2026-06-24
,Akron Service Center,Akron Equipment Rental,IN,26,95.5,3,104,42731,69,Net New,No confirmed Inspiration match,Electrada only,ELC-1569,2026-06-24
,Columbia Charging Hub,Columbia Beverage Co.,AZ,12,99.7,1,48,48408,61,Net New,No confirmed Inspiration match,Electrada only,ELC-1576,2026-06-24
,Scranton Yard,Scranton Telecom Services,MO,17,99.2,2,51,30895,56,Net New,No confirmed Inspiration match,Electrada only,ELC-1581,2026-06-24
,Lafayette Distribution Hub,Lafayette Leasing Corporation,NV,10,94.2,1,20,56568,57,Net New,No confirmed Inspiration match,Electrada only,ELC-1587,2026-06-24
,Augusta Logistics Center,Augusta Telecom Services,SC,25,98,3,100,40308,72,Net New,No confirmed Inspiration match,Electrada only,ELC-1592,2026-06-24
,Champaign Logistics Hub,Champaign Beverage Co.,ID,21,89.4,0,42,78432,59,Net New,No confirmed Inspiration match,Electrada only,ELC-1601,2026-06-24
,Lubbock Service Center,Lubbock Parcel Delivery,NV,27,99,6,108,64635,79,Net New,No confirmed Inspiration match,Electrada only,ELC-1606,2026-06-24
,Erie Yard,Erie Waste & Recycling,TX,13,99.7,0,52,14189,27,Net New,No confirmed Inspiration match,Electrada only,ELC-1619,2026-06-24
,Corpus Christi Fleet Center,Corpus Christi Airport Authority,KS,26,98.9,1,104,48688,44,Net New,No confirmed Inspiration match,Electrada only,ELC-1630,2026-06-24
,Fargo Charging Hub,Fargo Airport Authority,ID,12,95.4,4,36,26838,36,Net New,No confirmed Inspiration match,Electrada only,ELC-1633,2026-06-24
,Greensboro Charging Hub,Greensboro Courier Services,NM,9,96,0,27,37212,55,Net New,No confirmed Inspiration match,Electrada only,ELC-1645,2026-06-24
,Peoria Fleet Center,Peoria Beverage Co.,NM,19,96.3,4,76,72436,41,Net New,No confirmed Inspiration match,Electrada only,ELC-1660,2026-06-24
,Provo Logistics Center,Provo Telecom Services,FL,4,98.7,0,12,74765,29,Net New,No confirmed Inspiration match,Electrada only,ELC-1669,2026-06-24
INS-041,Pocatello Service Center,Pocatello Distribution,NC,12,99.7,4,24,51823,72,Net New,No confirmed Electrada match,Inspiration only,,2026-06-24
INS-042,Allentown Distribution Hub,Allentown Beverage Co.,MO,16,98,2,32,54877,85,Net New,No confirmed Electrada match,Inspiration only,,2026-06-24
INS-050,Rockford Fleet Center,Rockford Equipment Rental,MS,5,93.1,5,15,40094,44,Net New,No confirmed Electrada match,Inspiration only,,2026-06-24
INS-056,Wichita Falls Fleet Center,Wichita Falls School District,SC,6,95.1,5,12,32759,65,Net New,No confirmed Electrada match,Inspiration only,,2026-06-24
INS-059,San Antonio Yard,San Antonio Distribution,CO,8,99,5,16,14336,85,Net New,No confirmed Electrada match,Inspiration only,,2026-06-24
INS-063,Madison West Depot,Madison West Leasing Corporation,OK,23,98.9,6,92,31116,63,Net New,No confirmed Electrada match,Inspiration only,,2026-06-24
INS-068,Rochester MN Depot,Rochester MN Parcel Delivery,NE,27,92.9,0,54,75084,86,Auto-Merged,"Region match is true, name similarity is 0.92, and uptime delta is below 3%. | Source values - Inspiration uptime: 92.9%, Electrada uptime: 92.2%, Inspiration chargers: 27, Electrada chargers: 27",Both,ELC-1672,2026-06-24
INS-072,Athens Logistics Hub,Athens Food Service Distribution,NM,18,96.5,5,72,20509,40,Auto-Merged,"Region match is true, name similarity is 0.81, and uptime delta is below 3%. | Source values - Inspiration uptime: 97.1%, Electrada uptime: 95.5%, Inspiration chargers: 18, Electrada chargers: 18",Both,ELC-1682,2026-06-24
INS-073,Reno Depot,Reno Leasing Corporation,NV,16,90,0,48,30817,36,Auto-Merged,"Region match is true, name similarity is 0.87, and uptime delta is below 3%. | Source values - Inspiration uptime: 90.6%, Electrada uptime: 89.2%, Inspiration chargers: 16, Electrada chargers: 16",Both,ELC-1692,2026-06-24
INS-075,Macon Logistics Hub,Macon Courier Services,MS,17,94.3,6,34,15281,65,Auto-Merged,"Region match is true, name similarity is 0.81, and uptime delta is below 3%. | Source values - Inspiration uptime: 94.5%, Electrada uptime: 94.2%, Inspiration chargers: 17, Electrada chargers: 17",Both,ELC-1700,2026-06-24
INS-076,Springfield IL Logistics Hub,Springfield IL School District,IN,30,97.1,2,120,39705,90,Auto-Merged,"Region match is true, name similarity is 0.78, and uptime delta is below 3%. | Source values - Inspiration uptime: 97.8%, Electrada uptime: 95.8%, Inspiration chargers: 30, Electrada chargers: 30",Both,ELC-1707,2026-06-24
INS-083,Fort Smith Yard,Fort Smith Freight Lines,TX,20,98.3,5,40,32826,87,Auto-Merged,"Region match is true, name similarity is 0.85, and uptime delta is below 3%. | Source values - Inspiration uptime: 97.1%, Electrada uptime: 94.4%, Inspiration chargers: 20, Electrada chargers: 20",Both,ELC-1714,2026-06-24
INS-093,Newark Logistics Hub,Newark Leasing Corporation,KY,17,93.6,0,68,13763,45,Auto-Merged,"Region match is true, name similarity is 0.9, and uptime delta is below 3%. | Source values - Inspiration uptime: 92.9%, Electrada uptime: 92.1%, Inspiration chargers: 17, Electrada chargers: 17",Both,ELC-1716,2026-06-24
,Bismarck Logistics Hub,Bismarck Equipment Rental,OK,19,90.9,0,57,28407,35,Net New,No confirmed Inspiration match,Electrada only,ELC-1731,2026-06-24
,Texarkana Fleet Center,Texarkana School District,AZ,16,91.9,0,48,40937,41,Net New,No confirmed Inspiration match,Electrada only,ELC-1746,2026-06-24
,Salem OR Depot,Salem OR Waste & Recycling,CA,8,91.5,0,24,35138,23,Net New,No confirmed Inspiration match,Electrada only,ELC-1752,2026-06-24
,Dubuque Depot,Dubuque Equipment Rental,WY,12,98.1,2,48,33946,68,Net New,No confirmed Inspiration match,Electrada only,ELC-1754,2026-06-24
,Alexandria LA Yard,Alexandria LA Distribution,SD,24,94.8,6,48,19227,82,Net New,No confirmed Inspiration match,Electrada only,ELC-1757,2026-06-24
,Aberdeen Charging Hub,Aberdeen Leasing Corporation,KY,15,94.8,5,45,54563,24,Net New,No confirmed Inspiration match,Electrada only,ELC-1768,2026-06-24
,Pueblo Distribution Hub,Pueblo Equipment Rental,UT,29,96.8,3,87,66745,29,Net New,No confirmed Inspiration match,Electrada only,ELC-1777,2026-06-24
,Grand Junction Fleet Center,Grand Junction Waste & Recycling,SD,14,99.7,5,56,73701,88,Net New,No confirmed Inspiration match,Electrada only,ELC-1792,2026-06-24
,Watertown Logistics Center,Watertown Equipment Rental,GA,30,93.5,1,90,54028,50,Net New,No confirmed Inspiration match,Electrada only,ELC-1807,2026-06-24
,Gillette Logistics Hub,Gillette Beverage Co.,AR,29,89.8,2,58,53800,56,Net New,No confirmed Inspiration match,Electrada only,ELC-1821,2026-06-24
,Olympia Service Center,Olympia Telecom Services,IN,30,94,1,60,12704,30,Net New,No confirmed Inspiration match,Electrada only,ELC-1830,2026-06-24
,Fort Collins Logistics Hub,Fort Collins Leasing Corporation,AR,16,97,5,32,15495,58,Net New,No confirmed Inspiration match,Electrada only,ELC-1837,2026-06-24
,Topeka Service Center,Topeka Beverage Co.,AR,16,99.7,2,32,31030,80,Net New,No confirmed Inspiration match,Electrada only,ELC-1840,2026-06-24
,Joplin Fleet Center,Joplin Freight Lines,KS,17,98.8,5,51,34241,74,Net New,No confirmed Inspiration match,Electrada only,ELC-1852,2026-06-24
,Merced Distribution Hub,Merced Equipment Rental,MD,29,98.8,3,116,59451,90,Net New,No confirmed Inspiration match,Electrada only,ELC-1860,2026-06-24
,Manhattan KS Logistics Hub,Manhattan KS Leasing Corporation,WI,13,97.4,1,39,70980,78,Net New,No confirmed Inspiration match,Electrada only,ELC-1873,2026-06-24
,Rapid City West Logistics Hub,Rapid City West Logistics,GA,20,98.2,1,40,23262,83,Net New,No confirmed Inspiration match,Electrada only,ELC-1886,2026-06-24
,Springfield MO Fleet Center,Springfield MO Waste & Recycling,CO,25,93.9,2,75,10717,29,Net New,No confirmed Inspiration match,Electrada only,ELC-1896,2026-06-24
,Chico Service Center,Chico Parcel Delivery,UT,28,94.5,5,112,51226,23,Net New,No confirmed Inspiration match,Electrada only,ELC-1903,2026-06-24
,Cedar Rapids Fleet Center,Cedar Rapids Auto Parts Distribution,NV,24,99.2,2,96,12904,28,Net New,No confirmed Inspiration match,Electrada only,ELC-1909,2026-06-24
INS-103,Yuma Fleet Center,Yuma Logistics,GA,8,94.2,5,32,38224,46,Net New,No confirmed Electrada match,Inspiration only,,2026-06-24
INS-113,Medford Logistics Hub,Medford Parcel Delivery,AR,23,91.6,3,69,65354,74,Net New,No confirmed Electrada match,Inspiration only,,2026-06-24
INS-116,Bellingham Logistics Center,Bellingham School District,OK,18,96.7,4,54,56966,44,Net New,No confirmed Electrada match,Inspiration only,,2026-06-24
INS-119,Greeley Yard,Greeley Courier Services,MS,10,96.6,4,40,57326,65,Net New,No confirmed Electrada match,Inspiration only,,2026-06-24
INS-124,Colorado Springs Depot,Colorado Springs Equipment Rental,MS,23,88,4,69,26821,73,Auto-Merged,"Region match is true, name similarity is 0.89, and uptime delta is below 3%. | Source values - Inspiration uptime: 88.0%, Electrada uptime: 85.6%, Inspiration chargers: 23, Electrada chargers: 23",Both,ELC-1924,2026-06-24
INS-128,Flagstaff Service Center,Flagstaff Leasing Corporation,MO,14,95.7,3,28,65463,37,Auto-Merged,"Region match is true, name similarity is 0.79, and uptime delta is below 3%. | Source values - Inspiration uptime: 95.3%, Electrada uptime: 92.7%, Inspiration chargers: 14, Electrada chargers: 14",Both,ELC-1925,2026-06-24
INS-137,Bend Yard,Bend Logistics,AZ,5,95.4,1,15,36760,56,Auto-Merged,"Region match is true, name similarity is 0.82, and uptime delta is below 3%. | Source values - Inspiration uptime: 95.0%, Electrada uptime: 94.2%, Inspiration chargers: 5, Electrada chargers: 5",Both,ELC-1940,2026-06-24
INS-139,Tyler Distribution Hub,Tyler Freight Lines,SC,27,94.1,1,108,70305,54,Auto-Merged,"Region match is true, name similarity is 0.89, and uptime delta is below 3%. | Source values - Inspiration uptime: 93.1%, Electrada uptime: 90.7%, Inspiration chargers: 27, Electrada chargers: 27",Both,ELC-1945,2026-06-24
INS-144,Modesto Yard,Modesto Telecom Services,IN,8,95.4,2,16,16626,20,Auto-Merged,"Region match is true, name similarity is 0.92, and uptime delta is below 3%. | Source values - Inspiration uptime: 94.7%, Electrada uptime: 93.4%, Inspiration chargers: 8, Electrada chargers: 8",Both,ELC-1950,2026-06-24
INS-145,Killeen Service Center,Killeen Waste & Recycling,LA,6,92.4,6,12,11532,83,Auto-Merged,"Region match is true, name similarity is 0.77, and uptime delta is below 3%. | Source values - Inspiration uptime: 93.6%, Electrada uptime: 92.3%, Inspiration chargers: 6, Electrada chargers: 6",Both,ELC-1960,2026-06-24
INS-154,Laramie Service Center,Laramie Parcel Delivery,AZ,30,93.5,1,90,75726,46,Auto-Merged,"Region match is true, name similarity is 0.86, and uptime delta is below 3%. | Source values - Inspiration uptime: 91.7%, Electrada uptime: 91.0%, Inspiration chargers: 30, Electrada chargers: 30",Both,ELC-1968,2026-06-24
INS-164,Redding Logistics Center,Redding Leasing Corporation,NE,17,93.1,4,68,38727,62,Auto-Merged,"Region match is true, name similarity is 0.93, and uptime delta is below 3%. | Source values - Inspiration uptime: 92.7%, Electrada uptime: 91.6%, Inspiration chargers: 17, Electrada chargers: 17",Both,ELC-1979,2026-06-24
,Elgin Distribution Hub,Elgin Utility Cooperative,OK,25,98.7,1,75,37760,79,Net New,No confirmed Inspiration match,Electrada only,ELC-1984,2026-06-24
,Huntington Fleet Center,Huntington Equipment Rental,VA,10,91.1,4,20,28719,65,Net New,No confirmed Inspiration match,Electrada only,ELC-1989,2026-06-24
,Freeport Service Center,Freeport Beverage Co.,NC,7,96.3,1,28,55959,25,Net New,No confirmed Inspiration match,Electrada only,ELC-1996,2026-06-24
,Dixon Fleet Center,Dixon Courier Services,MS,24,96.6,1,72,12279,43,Net New,No confirmed Inspiration match,Electrada only,ELC-2001,2026-06-24
,Richmond IN Logistics Hub,Richmond IN Parcel Delivery,MN,17,93.4,0,51,25860,72,Net New,No confirmed Inspiration match,Electrada only,ELC-2006,2026-06-24
,Danville Fleet Center,Danville Logistics,SC,10,94.2,1,30,37445,73,Net New,No confirmed Inspiration match,Electrada only,ELC-2018,2026-06-24
,Stevens Point Charging Hub,Stevens Point Beverage Co.,AZ,8,91.6,7,32,66466,34,Net New,No confirmed Inspiration match,Electrada only,ELC-2025,2026-06-24
,Bloomington South Yard,Bloomington South Parcel Delivery,CO,25,97.4,5,100,71594,81,Net New,No confirmed Inspiration match,Electrada only,ELC-2033,2026-06-24
,Beloit Logistics Center,Beloit Beverage Co.,MT,12,95.7,3,24,68520,66,Net New,No confirmed Inspiration match,Electrada only,ELC-2040,2026-06-24
,Elkhart Depot,Elkhart School District,TN,22,92.6,1,88,14609,39,Net New,No confirmed Inspiration match,Electrada only,ELC-2054,2026-06-24
,Sheboygan Depot,Sheboygan Leasing Corporation,ND,26,90.2,4,104,11063,29,Net New,No confirmed Inspiration match,Electrada only,ELC-2059,2026-06-24
,Kokomo Charging Hub,Kokomo Utility Cooperative,GA,24,92.3,2,72,14741,35,Net New,No confirmed Inspiration match,Electrada only,ELC-2061,2026-06-24
,Sterling Distribution Hub,Sterling Parcel Delivery,ND,26,90.9,1,78,11887,78,Net New,No confirmed Inspiration match,Electrada only,ELC-2074,2026-06-24
,Muncie Service Center,Muncie Logistics,UT,30,98.7,0,90,28519,81,Net New,No confirmed Inspiration match,Electrada only,ELC-2081,2026-06-24
,Warsaw Yard,Warsaw Beverage Co.,NV,27,95.3,1,81,65690,81,Net New,No confirmed Inspiration match,Electrada only,ELC-2091,2026-06-24
,Joliet Charging Hub,Joliet Food Service Distribution,OK,8,94.9,3,32,33678,65,Net New,No confirmed Inspiration match,Electrada only,ELC-2098,2026-06-24
,Columbus IN Charging Hub,Columbus IN Distribution,IN,17,91,3,68,71040,40,Net New,No confirmed Inspiration match,Electrada only,ELC-2110,2026-06-24
,New Albany Yard,New Albany Beverage Co.,IA,6,97.7,6,24,21779,48,Net New,No confirmed Inspiration match,Electrada only,ELC-2122,2026-06-24
,La Crosse Depot,La Crosse Parcel Delivery,AR,19,99.7,1,57,30201,39,Net New,No confirmed Inspiration match,Electrada only,ELC-2125,2026-06-24
,Decatur Service Center,Decatur Telecom Services,ND,11,92.1,1,22,32560,71,Net New,No confirmed Inspiration match,Electrada only,ELC-2130,2026-06-24
,Owensboro Distribution Hub,Owensboro Beverage Co.,NC,17,98.8,0,68,50910,88,Net New,No confirmed Inspiration match,Electrada only,ELC-2141,2026-06-24
INS-172,Rockford North Service Center,Rockford North Airport Authority,CO,25,96.6,2,75,31655,60,Net New,No confirmed Electrada match,Inspiration only,,2026-06-24
INS-177,Jeffersonville Charging Hub,Jeffersonville Parcel Delivery,NM,6,93.7,1,24,50573,61,Net New,No confirmed Electrada match,Inspiration only,,2026-06-24
INS-180,Anderson Logistics Center,Anderson Beverage Co.,CO,24,98.8,3,48,30179,32,Net New,No confirmed Electrada match,Inspiration only,,2026-06-24
INS-182,Marshfield Distribution Hub,Marshfield Waste & Recycling,MN,19,94.7,5,57,37360,53,Net New,No confirmed Electrada match,Inspiration only,,2026-06-24
INS-183,Oshkosh Fleet Center,Oshkosh Logistics,KY,28,97.9,1,84,59434,45,Net New,No confirmed Electrada match,Inspiration only,,2026-06-24
INS-189,Wabash Fleet Center,Wabash Utility Cooperative,WI,5,96.9,0,15,60642,88,Net New,No confirmed Electrada match,Inspiration only,,2026-06-24
INS-197,Bloomington IL Depot,Bloomington IL Waste & Recycling,OK,18,94.8,5,36,57698,47,Net New,No confirmed Electrada match,Inspiration only,,2026-06-24
INS-203,Janesville Distribution Hub,Janesville Distribution,CO,18,99.3,4,54,21789,59,Net New,No confirmed Electrada match,Inspiration only,,2026-06-24
INS-204,Lafayette IN Logistics Center,Lafayette IN Courier Services,TX,21,97.8,3,63,21103,63,Net New,No confirmed Electrada match,Inspiration only,,2026-06-24
INS-206,Waukegan Charging Hub,Waukegan Distribution,NC,16,89.3,3,48,75870,27,Auto-Merged,"Region match is true, name similarity is 0.88, and uptime delta is below 3%. | Source values - Inspiration uptime: 88.7%, Electrada uptime: 86.4%, Inspiration chargers: 16, Electrada chargers: 16",Both,ELC-2151,2026-06-24
INS-212,Wausau Depot,Wausau Telecom Services,FL,16,89.7,2,32,71903,76,Conflict - Needs Resolution,"Region match is true and name similarity is 0.74, but uptime delta exceeds 3%. | Source values - Inspiration uptime: 89.7%, Electrada uptime: 82.2%, Inspiration chargers: 16, Electrada chargers: 16",Both,ELC-2166,2026-06-24
INS-217,Elizabethtown Logistics Hub,Elizabethtown Equipment Rental,KY,24,90.1,3,72,52265,64,Auto-Merged,"Region match is true, name similarity is 0.76, and uptime delta is below 3%. | Source values - Inspiration uptime: 90.0%, Electrada uptime: 88.8%, Inspiration chargers: 24, Electrada chargers: 24",Both,ELC-2178,2026-06-24
INS-221,Eau Claire Yard,Eau Claire Logistics,OH,7,96.9,3,14,19619,72,Auto-Merged,"Region match is true, name similarity is 0.81, and uptime delta is below 3%. | Source values - Inspiration uptime: 95.8%, Electrada uptime: 94.3%, Inspiration chargers: 7, Electrada chargers: 7",Both,ELC-2186,2026-06-24
INS-228,Frankfort Depot,Frankfort School District,NC,7,90.2,2,21,12864,78,Conflict - Needs Resolution,"Region match is true and name similarity is 0.78, but uptime delta exceeds 3%. | Source values - Inspiration uptime: 90.2%, Electrada uptime: 83.0%, Inspiration chargers: 7, Electrada chargers: 7",Both,ELC-2194,2026-06-24
INS-238,Mishawaka Logistics Hub,Mishawaka Equipment Rental,UT,5,93,3,15,57322,21,Auto-Merged,"Region match is true, name similarity is 0.89, and uptime delta is below 3%. | Source values - Inspiration uptime: 93.9%, Electrada uptime: 92.2%, Inspiration chargers: 5, Electrada chargers: 5",Both,ELC-2201,2026-06-24
INS-247,Henderson Fleet Center,Henderson Waste & Recycling,NE,23,94.5,1,69,74254,38,Auto-Merged,"Region match is true, name similarity is 0.82, and uptime delta is below 3%. | Source values - Inspiration uptime: 92.6%, Electrada uptime: 90.5%, Inspiration chargers: 23, Electrada chargers: 23",Both,ELC-2213,2026-06-24
INS-255,Marion IN Fleet Center,Marion IN Beverage Co.,UT,13,97.8,4,39,50222,43,Auto-Merged,"Region match is true, name similarity is 0.89, and uptime delta is below 3%. | Source values - Inspiration uptime: 96.5%, Electrada uptime: 95.9%, Inspiration chargers: 13, Electrada chargers: 13",Both,ELC-2225,2026-06-24
,Petoskey Fleet Center,Petoskey Auto Parts Distribution,WA,4,99.7,5,16,54264,56,Net New,No confirmed Inspiration match,Electrada only,ELC-2236,2026-06-24
,Manistee Fleet Center,Manistee Telecom Services,ID,20,98.5,4,40,77746,77,Net New,No confirmed Inspiration match,Electrada only,ELC-2245,2026-06-24
,Niles Fleet Center,Niles School District,NM,11,94,4,44,28415,83,Net New,No confirmed Inspiration match,Electrada only,ELC-2253,2026-06-24
,Traverse City Service Center,Traverse City Logistics,VA,29,97.5,1,87,46767,22,Net New,No confirmed Inspiration match,Electrada only,ELC-2254,2026-06-24
,Ionia Fleet Center,Ionia Freight Lines,ND,10,89,0,40,61422,42,Net New,No confirmed Inspiration match,Electrada only,ELC-2262,2026-06-24
,Owosso Logistics Hub,Owosso Logistics,MT,19,92,2,38,75402,89,Net New,No confirmed Inspiration match,Electrada only,ELC-2275,2026-06-24
,Menominee Charging Hub,Menominee Parcel Delivery,NV,19,98.7,6,38,59201,28,Net New,No confirmed Inspiration match,Electrada only,ELC-2276,2026-06-24
,Clare Distribution Hub,Clare Telecom Services,CO,25,95.8,2,100,53309,38,Net New,No confirmed Inspiration match,Electrada only,ELC-2279,2026-06-24
,Holland MI Depot,Holland MI Distribution,MD,18,90.8,2,36,15630,79,Net New,No confirmed Inspiration match,Electrada only,ELC-2286,2026-06-24
,Coldwater Fleet Center,Coldwater School District,SD,13,98.9,2,39,62867,88,Net New,No confirmed Inspiration match,Electrada only,ELC-2293,2026-06-24
,Three Rivers Service Center,Three Rivers Utility Cooperative,TN,11,90.7,6,33,53380,38,Net New,No confirmed Inspiration match,Electrada only,ELC-2299,2026-06-24
,Ludington Distribution Hub,Ludington Telecom Services,TN,25,94.8,1,50,41642,31,Net New,No confirmed Inspiration match,Electrada only,ELC-2300,2026-06-24
,Greenville MI Fleet Center,Greenville MI Leasing Corporation,AL,11,93.5,1,33,79657,55,Net New,No confirmed Inspiration match,Electrada only,ELC-2304,2026-06-24
,Flint Depot,Flint Distribution,IL,20,91.4,3,60,19321,28,Net New,No confirmed Inspiration match,Electrada only,ELC-2310,2026-06-24
,Kalamazoo Logistics Center,Kalamazoo Telecom Services,NM,8,97.7,5,32,52089,52,Net New,No confirmed Inspiration match,Electrada only,ELC-2318,2026-06-24
,Jackson MI Fleet Center,Jackson MI Airport Authority,TN,18,94.1,2,36,52602,56,Net New,No confirmed Inspiration match,Electrada only,ELC-2332,2026-06-24
,Fenton Service Center,Fenton Waste & Recycling,AL,27,99.2,1,54,43788,65,Net New,No confirmed Inspiration match,Electrada only,ELC-2340,2026-06-24
,Tecumseh Distribution Hub,Tecumseh Logistics,WI,6,98.5,7,18,58527,47,Net New,No confirmed Inspiration match,Electrada only,ELC-2351,2026-06-24
,Ironwood Logistics Center,Ironwood Parcel Delivery,ND,27,93.5,3,108,32677,58,Net New,No confirmed Inspiration match,Electrada only,ELC-2363,2026-06-24
INS-263,Marquette Distribution Hub,Marquette Auto Parts Distribution,NC,28,98.2,1,112,72343,61,Net New,No confirmed Electrada match,Inspiration only,,2026-06-24
INS-270,Lansing Charging Hub,Lansing Beverage Co.,NM,7,97.3,0,28,21384,52,Net New,No confirmed Electrada match,Inspiration only,,2026-06-24
INS-273,Houghton Service Center,Houghton Utility Cooperative,MI,10,95,1,30,62663,35,Net New,No confirmed Electrada match,Inspiration only,,2026-06-24
INS-282,Gladwin Logistics Hub,Gladwin Auto Parts Distribution,UT,7,97.7,0,14,69896,40,Net New,No confirmed Electrada match,Inspiration only,,2026-06-24
INS-286,Sault Ste Marie Depot,Sault Ste Marie Waste & Recycling,VA,10,95.8,0,30,58637,33,Net New,No confirmed Electrada match,Inspiration only,,2026-06-24
INS-294,Ypsilanti Logistics Center,Ypsilanti School District,UT,18,98.4,1,54,34179,90,Net New,No confirmed Electrada match,Inspiration only,,2026-06-24
INS-300,Sturgis Logistics Hub,Sturgis Parcel Delivery,AZ,15,93.9,2,60,69424,87,Net New,No confirmed Electrada match,Inspiration only,,2026-06-24
INS-310,Bay City Service Center,Bay City Auto Parts Distribution,CO,19,90,6,76,23714,71,Conflict - Needs Resolution,"Region match is true and name similarity is 0.84, but uptime delta exceeds 3%. | Source values - Inspiration uptime: 90.0%, Electrada uptime: 82.8%, Inspiration chargers: 19, Electrada chargers: 19",Both,ELC-2371,2026-06-24
INS-318,Grand Rapids Distribution Hub,Grand Rapids Parcel Delivery,WA,15,93.6,1,45,58829,24,Auto-Merged,"Region match is true, name similarity is 0.91, and uptime delta is below 3%. | Source values - Inspiration uptime: 93.7%, Electrada uptime: 91.2%, Inspiration chargers: 15, Electrada chargers: 15",Both,ELC-2382,2026-06-24
INS-319,Standish Logistics Hub,Standish Logistics,ND,26,96.4,4,104,55690,76,Auto-Merged,"Region match is true, name similarity is 0.75, and uptime delta is below 3%. | Source values - Inspiration uptime: 96.4%, Electrada uptime: 94.7%, Inspiration chargers: 26, Electrada chargers: 26",Both,ELC-2391,2026-06-24
INS-329,Ann Arbor Logistics Hub,Ann Arbor Telecom Services,WI,28,95.8,6,56,74833,51,Auto-Merged,"Region match is true, name similarity is 0.79, and uptime delta is below 3%. | Source values - Inspiration uptime: 95.3%, Electrada uptime: 93.8%, Inspiration chargers: 28, Electrada chargers: 28",Both,ELC-2392,2026-06-24
INS-339,Dowagiac Charging Hub,Dowagiac Beverage Co.,IA,10,97.3,4,30,12396,61,Auto-Merged,"Region match is true, name similarity is 0.86, and uptime delta is below 3%. | Source values - Inspiration uptime: 98.3%, Electrada uptime: 97.7%, Inspiration chargers: 10, Electrada chargers: 10",Both,ELC-2397,2026-06-24
INS-341,Alpena Logistics Hub,Alpena Equipment Rental,NE,13,93.1,5,52,36756,72,Auto-Merged,"Region match is true, name similarity is 0.9, and uptime delta is below 3%. | Source values - Inspiration uptime: 93.5%, Electrada uptime: 93.3%, Inspiration chargers: 13, Electrada chargers: 13",Both,ELC-2405,2026-06-24
,Ithaca Distribution Hub,Ithaca Auto Parts Distribution,CT,6,98.4,6,12,52518,58,Net New,No confirmed Inspiration match,Electrada only,ELC-2419,2026-06-24
,Kingston NY Depot,Kingston NY Freight Lines,FL,10,98.7,2,20,68014,77,Net New,No confirmed Inspiration match,Electrada only,ELC-2427,2026-06-24
,Worcester Service Center,Worcester Auto Parts Distribution,RI,9,98.4,5,18,17594,86,Net New,No confirmed Inspiration match,Electrada only,ELC-2435,2026-06-24
,Oswego Distribution Hub,Oswego Equipment Rental,VT,21,90.8,7,42,28210,65,Net New,No confirmed Inspiration match,Electrada only,ELC-2442,2026-06-24
,Gloversville Yard,Gloversville Beverage Co.,MI,13,97,4,52,51875,79,Net New,No confirmed Inspiration match,Electrada only,ELC-2443,2026-06-24
,Elmira Yard,Elmira School District,KS,6,94,5,24,33981,72,Net New,No confirmed Inspiration match,Electrada only,ELC-2450,2026-06-24
,Bangor Logistics Hub,Bangor School District,VA,15,96.4,6,60,78428,69,Net New,No confirmed Inspiration match,Electrada only,ELC-2454,2026-06-24
,New Haven Depot,New Haven Beverage Co.,AL,27,95.4,0,54,11393,49,Net New,No confirmed Inspiration match,Electrada only,ELC-2465,2026-06-24
,Concord NH Charging Hub,Concord NH Telecom Services,ND,22,99.3,1,88,74779,26,Net New,No confirmed Inspiration match,Electrada only,ELC-2467,2026-06-24
,Fall River Fleet Center,Fall River School District,AZ,6,94.9,4,24,66843,21,Net New,No confirmed Inspiration match,Electrada only,ELC-2469,2026-06-24
,Danbury Yard,Danbury School District,NV,29,96.5,6,87,51477,88,Net New,No confirmed Inspiration match,Electrada only,ELC-2470,2026-06-24
,Watertown NY Yard,Watertown NY Airport Authority,NM,30,96.7,5,90,39443,86,Net New,No confirmed Inspiration match,Electrada only,ELC-2483,2026-06-24
,Rutland Depot,Rutland Beverage Co.,MO,25,97.8,5,50,36040,58,Net New,No confirmed Inspiration match,Electrada only,ELC-2496,2026-06-24
,Plattsburgh Yard,Plattsburgh Equipment Rental,PA,19,93.2,0,38,14981,57,Net New,No confirmed Inspiration match,Electrada only,ELC-2506,2026-06-24
,Augusta ME Fleet Center,Augusta ME School District,OR,13,93.8,4,39,78631,49,Net New,No confirmed Inspiration match,Electrada only,ELC-2512,2026-06-24
,Binghamton Fleet Center,Binghamton Telecom Services,VA,29,98,6,116,17485,81,Net New,No confirmed Inspiration match,Electrada only,ELC-2523,2026-06-24
,Cortland Yard,Cortland Beverage Co.,KS,6,89.7,1,18,51693,87,Net New,No confirmed Inspiration match,Electrada only,ELC-2525,2026-06-24
,Burlington VT Distribution Hub,Burlington VT Auto Parts Distribution,WA,10,91,0,40,75276,49,Net New,No confirmed Inspiration match,Electrada only,ELC-2526,2026-06-24
,Auburn NY Logistics Center,Auburn NY Leasing Corporation,MN,7,91.4,3,21,15011,72,Net New,No confirmed Inspiration match,Electrada only,ELC-2531,2026-06-24
,Poughkeepsie Charging Hub,Poughkeepsie Airport Authority,OR,29,93.4,0,116,52572,64,Net New,No confirmed Inspiration match,Electrada only,ELC-2535,2026-06-24
,Niagara Falls Distribution Hub,Niagara Falls Beverage Co.,NM,19,89.8,4,76,14872,43,Net New,No confirmed Inspiration match,Electrada only,ELC-2537,2026-06-24
,Lowell Service Center,Lowell Parcel Delivery,WA,20,94.7,5,60,69786,51,Net New,No confirmed Inspiration match,Electrada only,ELC-2544,2026-06-24
,Utica Service Center,Utica Utility Cooperative,KY,21,93.3,0,84,53928,21,Net New,No confirmed Inspiration match,Electrada only,ELC-2551,2026-06-24
,Springfield MA Depot,Springfield MA Freight Lines,UT,20,93.2,6,80,37300,37,Net New,No confirmed Inspiration match,Electrada only,ELC-2556,2026-06-24
,Glens Falls Logistics Center,Glens Falls Beverage Co.,NV,20,93.4,1,80,64156,85,Net New,No confirmed Inspiration match,Electrada only,ELC-2559,2026-06-24
INS-348,Norwalk Distribution Hub,Norwalk Distribution,TN,25,97.7,2,75,35526,30,Net New,No confirmed Electrada match,Inspiration only,,2026-06-24
INS-356,New Bedford Fleet Center,New Bedford Food Service Distribution,MS,6,93.2,1,18,71018,22,Net New,No confirmed Electrada match,Inspiration only,,2026-06-24
INS-366,Cranston Service Center,Cranston Equipment Rental,UT,18,94.9,1,72,74254,74,Net New,No confirmed Electrada match,Inspiration only,,2026-06-24
INS-371,Nashua Depot,Nashua Food Service Distribution,IA,24,91,0,96,30010,47,Net New,No confirmed Electrada match,Inspiration only,,2026-06-24
INS-375,Warwick Depot,Warwick Telecom Services,KY,4,96.5,5,16,50628,41,Net New,No confirmed Electrada match,Inspiration only,,2026-06-24
INS-379,Hudson NY Logistics Center,Hudson NY Parcel Delivery,WA,27,89.5,5,54,75369,56,Net New,No confirmed Electrada match,Inspiration only,,2026-06-24
INS-384,Montpelier Logistics Hub,Montpelier Airport Authority,RI,5,92.3,4,20,53626,78,Net New,No confirmed Electrada match,Inspiration only,,2026-06-24
INS-391,Schenectady Logistics Hub,Schenectady Equipment Rental,OK,4,97,4,12,39923,61,Net New,No confirmed Electrada match,Inspiration only,,2026-06-24
INS-395,Albany Distribution Hub,Albany Freight Lines,TN,26,95.1,3,78,64369,26,Net New,No confirmed Electrada match,Inspiration only,,2026-06-24
INS-403,Bridgeport Yard,Bridgeport Beverage Co.,VT,21,96.7,6,63,15877,23,Net New,No confirmed Electrada match,Inspiration only,,2026-06-24
INS-405,Manchester NH Charging Hub,Manchester NH Beverage Co.,MN,27,89.4,5,108,35142,81,Net New,No confirmed Electrada match,Inspiration only,,2026-06-24
INS-410,Hartford Depot,Hartford Courier Services,CA,5,98.4,1,15,61311,48,Net New,No confirmed Electrada match,Inspiration only,,2026-06-24
,Ashburn Service Center,Ashburn Equipment Rental,NH,23,96.6,2,46,55515,87,Net New,No confirmed Inspiration match,Electrada only,ELC-2564,2026-06-24
,Lexington VA Distribution Hub,Lexington VA Airport Authority,NM,8,92,1,24,36030,88,Net New,No confirmed Inspiration match,Electrada only,ELC-2569,2026-06-24
,Warrenton Charging Hub,Warrenton Telecom Services,MT,29,95.5,5,58,10974,25,Net New,No confirmed Inspiration match,Electrada only,ELC-2580,2026-06-24
,Petersburg VA Service Center,Petersburg VA Auto Parts Distribution,AR,11,99.7,5,22,51376,32,Net New,No confirmed Inspiration match,Electrada only,ELC-2589,2026-06-24
,Cumberland MD Distribution Hub,Cumberland MD Parcel Delivery,OH,22,93.5,2,66,51772,83,Net New,No confirmed Inspiration match,Electrada only,ELC-2592,2026-06-24
,Martinsville Depot,Martinsville Freight Lines,VA,15,94.2,4,30,54343,29,Net New,No confirmed Inspiration match,Electrada only,ELC-2601,2026-06-24
,Chesapeake Yard,Chesapeake Freight Lines,MI,4,91.5,3,8,29106,39,Net New,No confirmed Inspiration match,Electrada only,ELC-2603,2026-06-24
,Gaithersburg Depot,Gaithersburg Courier Services,RI,14,94.8,2,28,49937,30,Net New,No confirmed Inspiration match,Electrada only,ELC-2616,2026-06-24
,Staunton Service Center,Staunton Waste & Recycling,AR,7,93,2,21,47810,84,Net New,No confirmed Inspiration match,Electrada only,ELC-2627,2026-06-24
,Salisbury MD Yard,Salisbury MD Utility Cooperative,VA,13,97.6,4,26,59151,61,Net New,No confirmed Inspiration match,Electrada only,ELC-2631,2026-06-24
,Franklin VA Depot,Franklin VA Food Service Distribution,GA,8,90.1,1,24,10723,45,Net New,No confirmed Inspiration match,Electrada only,ELC-2643,2026-06-24
,Waynesboro Service Center,Waynesboro Parcel Delivery,AR,20,97.5,4,40,66862,82,Net New,No confirmed Inspiration match,Electrada only,ELC-2655,2026-06-24
,Emporia Fleet Center,Emporia Leasing Corporation,NV,17,93.5,5,68,57423,51,Net New,No confirmed Inspiration match,Electrada only,ELC-2666,2026-06-24
,South Boston Depot,South Boston Courier Services,GA,18,97.1,4,72,16476,66,Net New,No confirmed Inspiration match,Electrada only,ELC-2672,2026-06-24
,Rockville Yard,Rockville Airport Authority,IN,19,97.7,2,38,28335,32,Net New,No confirmed Inspiration match,Electrada only,ELC-2673,2026-06-24
,Silver Spring Distribution Hub,Silver Spring School District,NH,19,95.8,4,38,68829,74,Net New,No confirmed Inspiration match,Electrada only,ELC-2684,2026-06-24
,Charlottesville Fleet Center,Charlottesville Telecom Services,WA,4,94.9,3,8,34724,40,Net New,No confirmed Inspiration match,Electrada only,ELC-2695,2026-06-24
,Woodbridge Logistics Center,Woodbridge Freight Lines,NM,30,94.4,6,120,79015,66,Net New,No confirmed Inspiration match,Electrada only,ELC-2706,2026-06-24
,Hopewell Depot,Hopewell Beverage Co.,MO,27,94.5,2,108,24457,79,Net New,No confirmed Inspiration match,Electrada only,ELC-2716,2026-06-24
,Radford Depot,Radford Utility Cooperative,NY,22,97.5,4,66,66792,37,Net New,No confirmed Inspiration match,Electrada only,ELC-2725,2026-06-24
,Blacksburg Depot,Blacksburg Airport Authority,ND,14,93.7,3,28,66802,33,Net New,No confirmed Inspiration match,Electrada only,ELC-2738,2026-06-24
INS-418,Portsmouth VA Logistics Center,Portsmouth VA Courier Services,OR,9,95.9,5,27,23153,26,Net New,No confirmed Electrada match,Inspiration only,,2026-06-24
INS-426,Harrisonburg Logistics Hub,Harrisonburg Food Service Distribution,SD,21,98.6,0,63,60149,68,Net New,No confirmed Electrada match,Inspiration only,,2026-06-24
INS-436,Abingdon Logistics Center,Abingdon Beverage Co.,LA,26,95.8,4,78,68746,82,Net New,No confirmed Electrada match,Inspiration only,,2026-06-24
INS-443,Bethesda Service Center,Bethesda Food Service Distribution,NE,6,96.7,0,24,42531,78,Net New,No confirmed Electrada match,Inspiration only,,2026-06-24
INS-449,Farmville Fleet Center,Farmville Telecom Services,ME,28,99.7,1,56,31653,65,Net New,No confirmed Electrada match,Inspiration only,,2026-06-24
INS-457,Leesburg Service Center,Leesburg Utility Cooperative,FL,7,99.7,6,21,64210,58,Net New,No confirmed Electrada match,Inspiration only,,2026-06-24
INS-466,Colonial Heights Charging Hub,Colonial Heights Auto Parts Distribution,CT,19,96.4,3,76,27114,86,Net New,No confirmed Electrada match,Inspiration only,,2026-06-24
INS-474,Frederick MD Fleet Center,Frederick MD Utility Cooperative,ND,9,91.5,1,18,79710,47,Net New,No confirmed Electrada match,Inspiration only,,2026-06-24
INS-483,Winchester VA Depot,Winchester VA Beverage Co.,TX,20,96.9,1,40,31976,55,Net New,No confirmed Electrada match,Inspiration only,,2026-06-24
INS-492,Christiansburg Yard,Christiansburg Freight Lines,LA,17,94.3,1,51,79053,83,Conflict - Needs Resolution,"Region match is true and name similarity is 0.85, but uptime delta exceeds 3%. | Source values - Inspiration uptime: 94.3%, Electrada uptime: 89.4%, Inspiration chargers: 17, Electrada chargers: 17",Both,ELC-2742,2026-06-24
INS-496,Danville VA Service Center,Danville VA Parcel Delivery,IA,15,91.3,5,60,18703,28,Conflict - Needs Resolution,"Region match is true and name similarity is 0.83, but uptime delta exceeds 3%. | Source values - Inspiration uptime: 91.3%, Electrada uptime: 86.1%, Inspiration chargers: 15, Electrada chargers: 15",Both,ELC-2752,2026-06-24
INS-498,Hagerstown Charging Hub,Hagerstown Beverage Co.,AL,18,96.3,0,54,72928,72,Conflict - Needs Resolution,"Region match is true and name similarity is 0.78, but uptime delta exceeds 3%. | Source values - Inspiration uptime: 96.3%, Electrada uptime: 92.8%, Inspiration chargers: 18, Electrada chargers: 18",Both,ELC-2759,2026-06-24
INS-506,Newark DE Logistics Center,Newark DE Leasing Corporation,IL,14,99,1,42,25429,42,Auto-Merged,"Region match is true, name similarity is 0.84, and uptime delta is below 3%. | Source values - Inspiration uptime: 99.0%, Electrada uptime: 97.5%, Inspiration chargers: 14, Electrada chargers: 14",Both,ELC-2770,2026-06-24
,Kannapolis Distribution Hub,Kannapolis Food Service Distribution,WA,8,90.8,4,32,65560,85,Net New,No confirmed Inspiration match,Electrada only,ELC-2784,2026-06-24
,Chapel Hill Fleet Center,Chapel Hill Equipment Rental,SD,22,95.4,0,88,67268,81,Net New,No confirmed Inspiration match,Electrada only,ELC-2790,2026-06-24
,Burnsville Yard,Burnsville Auto Parts Distribution,CO,10,97,2,40,53965,48,Net New,No confirmed Inspiration match,Electrada only,ELC-2792,2026-06-24
,Eden NC Logistics Hub,Eden NC Freight Lines,ME,14,97.8,3,42,50371,81,Net New,No confirmed Inspiration match,Electrada only,ELC-2801,2026-06-24
,Mount Airy Service Center,Mount Airy School District,IL,29,93.4,1,58,26230,27,Net New,No confirmed Inspiration match,Electrada only,ELC-2808,2026-06-24
,Albemarle Logistics Hub,Albemarle Telecom Services,AZ,19,91.7,5,57,55491,65,Net New,No confirmed Inspiration match,Electrada only,ELC-2810,2026-06-24
,West Jefferson Fleet Center,West Jefferson Telecom Services,AL,4,95.2,2,16,42268,23,Net New,No confirmed Inspiration match,Electrada only,ELC-2816,2026-06-24
,Salisbury NC Logistics Hub,Salisbury NC Beverage Co.,WI,23,99,3,46,40324,69,Net New,No confirmed Inspiration match,Electrada only,ELC-2827,2026-06-24
,Morganton Depot,Morganton Parcel Delivery,ND,15,96.2,0,60,73086,61,Net New,No confirmed Inspiration match,Electrada only,ELC-2839,2026-06-24
,Reidsville Logistics Center,Reidsville Leasing Corporation,SD,11,94.9,3,22,73542,65,Net New,No confirmed Inspiration match,Electrada only,ELC-2854,2026-06-24
,Elkin Yard,Elkin Utility Cooperative,SC,30,95.9,5,60,79429,53,Net New,No confirmed Inspiration match,Electrada only,ELC-2864,2026-06-24
,Monroe NC Charging Hub,Monroe NC Parcel Delivery,DE,4,95.2,6,12,21467,44,Net New,No confirmed Inspiration match,Electrada only,ELC-2878,2026-06-24
,Sylva Yard,Sylva Equipment Rental,OH,5,91.2,5,10,78395,42,Net New,No confirmed Inspiration match,Electrada only,ELC-2886,2026-06-24
,Rocky Mount Logistics Hub,Rocky Mount Logistics,AL,12,98.5,0,24,38467,53,Net New,No confirmed Inspiration match,Electrada only,ELC-2894,2026-06-24
,Gastonia Distribution Hub,Gastonia Courier Services,AR,12,95.6,6,48,44863,90,Net New,No confirmed Inspiration match,Electrada only,ELC-2899,2026-06-24
,Rutherfordton Fleet Center,Rutherfordton School District,NE,25,93.6,2,75,60246,42,Net New,No confirmed Inspiration match,Electrada only,ELC-2905,2026-06-24
,Lenoir Distribution Hub,Lenoir Parcel Delivery,MI,24,98.9,5,96,77532,60,Net New,No confirmed Inspiration match,Electrada only,ELC-2920,2026-06-24
,Graham NC Service Center,Graham NC Waste & Recycling,WI,7,97.4,4,14,68066,42,Net New,No confirmed Inspiration match,Electrada only,ELC-2921,2026-06-24
INS-516,Oxford NC Distribution Hub,Oxford NC Utility Cooperative,ME,19,95.1,2,76,56793,59,Net New,No confirmed Electrada match,Inspiration only,,2026-06-24
INS-519,Hickory Fleet Center,Hickory Parcel Delivery,ID,25,94.6,1,50,28657,63,Net New,No confirmed Electrada match,Inspiration only,,2026-06-24
INS-524,Tarboro Yard,Tarboro School District,GA,5,93,1,20,47572,72,Net New,No confirmed Electrada match,Inspiration only,,2026-06-24
INS-527,Wilson Depot,Wilson Freight Lines,VA,28,94.8,5,112,45946,61,Net New,No confirmed Electrada match,Inspiration only,,2026-06-24
INS-530,Jacksonville NC Logistics Center,Jacksonville NC School District,MD,21,95.8,1,42,34429,31,Net New,No confirmed Electrada match,Inspiration only,,2026-06-24
INS-540,Pittsboro Distribution Hub,Pittsboro Waste & Recycling,KY,6,99,0,12,49542,21,Net New,No confirmed Electrada match,Inspiration only,,2026-06-24
INS-546,Wilmington NC Fleet Center,Wilmington NC Beverage Co.,IL,9,99,4,18,21979,61,Net New,No confirmed Electrada match,Inspiration only,,2026-06-24
INS-556,Bakersville Service Center,Bakersville Waste & Recycling,MN,28,93.8,1,84,22967,68,Net New,No confirmed Electrada match,Inspiration only,,2026-06-24
INS-566,Spruce Pine Yard,Spruce Pine Telecom Services,MT,18,94.7,3,54,78370,69,Net New,No confirmed Electrada match,Inspiration only,,2026-06-24
INS-567,Rockingham Logistics Center,Rockingham Food Service Distribution,TX,25,99.5,3,75,58743,20,Net New,No confirmed Electrada match,Inspiration only,,2026-06-24
INS-577,Wilkesboro Fleet Center,Wilkesboro Food Service Distribution,KS,16,92.5,0,64,19900,71,Conflict - Needs Resolution,"Region match is true and name similarity is 0.6, but uptime delta exceeds 3%. | Source values - Inspiration uptime: 92.5%, Electrada uptime: 84.7%, Inspiration chargers: 16, Electrada chargers: 16",Both,ELC-2929,2026-06-24
INS-579,Henderson NC Yard,Henderson NC Freight Lines,DE,30,96.8,5,120,54954,63,Conflict - Needs Resolution,"Region match is true and name similarity is 0.64, but uptime delta exceeds 3%. | Source values - Inspiration uptime: 96.8%, Electrada uptime: 90.7%, Inspiration chargers: 30, Electrada chargers: 30",Both,ELC-2944,2026-06-24
INS-586,Whiteville Logistics Hub,Whiteville School District,GA,13,90.2,3,26,48039,82,Conflict - Needs Resolution,"Region match is true and name similarity is 0.68, but uptime delta exceeds 3%. | Source values - Inspiration uptime: 90.2%, Electrada uptime: 84.9%, Inspiration chargers: 13, Electrada chargers: 13",Both,ELC-2955,2026-06-24
INS-587,Marion NC Distribution Hub,Marion NC Airport Authority,KY,10,90.5,1,40,37856,62,Conflict - Needs Resolution,"Region match is true and name similarity is 0.71, but uptime delta exceeds 3%. | Source values - Inspiration uptime: 90.5%, Electrada uptime: 82.5%, Inspiration chargers: 10, Electrada chargers: 10",Both,ELC-2960,2026-06-24
INS-592,Boone NC Yard,Boone NC Equipment Rental,MS,13,93.3,0,26,22874,35,Conflict - Needs Resolution,"Region match is true and name similarity is 0.74, but uptime delta exceeds 3%. | Source values - Inspiration uptime: 93.3%, Electrada uptime: 86.5%, Inspiration chargers: 13, Electrada chargers: 13",Both,ELC-2975,2026-06-24
INS-596,Sparta NC Charging Hub,Sparta NC Parcel Delivery,IN,8,94.8,6,16,51252,76,Conflict - Needs Resolution,"Region match is true and name similarity is 0.77, but uptime delta exceeds 3%. | Source values - Inspiration uptime: 94.8%, Electrada uptime: 90.6%, Inspiration chargers: 8, Electrada chargers: 8",Both,ELC-2988,2026-06-24
INS-601,Statesville Logistics Center,Statesville Telecom Services,TX,19,94,4,38,36034,62,Conflict - Needs Resolution,"Region match is true and name similarity is 0.8, but uptime delta exceeds 3%. | Source values - Inspiration uptime: 94.0%, Electrada uptime: 88.8%, Inspiration chargers: 19, Electrada chargers: 19",Both,ELC-2999,2026-06-24
INS-603,Laurinburg Fleet Center,Laurinburg Equipment Rental,ID,13,91.5,0,52,15301,40,Conflict - Needs Resolution,"Region match is true and name similarity is 0.83, but uptime delta exceeds 3%. | Source values - Inspiration uptime: 91.5%, Electrada uptime: 84.8%, Inspiration chargers: 13, Electrada chargers: 13",Both,ELC-3009,2026-06-24
INS-605,Asheville Fleet Center,Asheville Food Service Distribution,MO,23,89.1,2,92,39410,64,Conflict - Needs Resolution,"Region match is true and name similarity is 0.86, but uptime delta exceeds 3%. | Source values - Inspiration uptime: 89.1%, Electrada uptime: 85.8%, Inspiration chargers: 23, Electrada chargers: 23",Both,ELC-3019,2026-06-24
INS-607,Concord NC Logistics Hub,Concord NC Airport Authority,CA,28,92.5,5,84,23350,31,Auto-Merged,"Region match is true, name similarity is 0.88, and uptime delta is below 3%. | Source values - Inspiration uptime: 92.5%, Electrada uptime: 90.9%, Inspiration chargers: 28, Electrada chargers: 28",Both,ELC-3029,2026-06-24
INS-015,Tampa Yard,Tampa Food Service Distribution,AR,26,94.34,0,104,36995,83,Net New,No confirmed Electrada match,Inspiration only,,2026-06-25
INS-018,Cleveland Distribution Hub,Cleveland Logistics,SC,18,98.6,2,54,49291,51,Net New,No confirmed Electrada match,Inspiration only,,2026-06-25
,Omaha Fleet Center,Omaha Logistics,MS,13,97.8,3,52,68829,56,Net New,No confirmed Inspiration match,Electrada only,ELC-1170,2026-06-25
,Columbia Fleet Center,Columbia Food Service Distribution,VA,17,96.1,2,34,74089,73,Net New,No confirmed Inspiration match,Electrada only,ELC-1172,2026-06-25
,Spokane Charging Hub,Spokane Courier Services,AR,22,97.9,5,66,54580,64,Net New,No confirmed Inspiration match,Electrada only,ELC-1192,2026-06-25
,Macon Service Center,Macon Telecom Services,ID,18,93.2,2,54,72141,28,Net New,No confirmed Inspiration match,Electrada only,ELC-1194,2026-06-25
,Charlotte Charging Hub,Charlotte Auto Parts Distribution,MS,25,98.9,1,100,60566,64,Net New,No confirmed Inspiration match,Electrada only,ELC-1195,2026-06-25
,Eugene Yard,Eugene Utility Cooperative,AZ,23,92.1,0,46,47674,36,Net New,No confirmed Inspiration match,Electrada only,ELC-1203,2026-06-25
,Augusta Service Center,Augusta School District,UT,19,97.4,2,57,46416,37,Net New,No confirmed Inspiration match,Electrada only,ELC-1217,2026-06-25
,Phoenix Logistics Hub,Phoenix Parcel Delivery,KY,15,99.4,4,30,29781,30,Net New,No confirmed Inspiration match,Electrada only,ELC-1223,2026-06-25
,Chattanooga Depot,Chattanooga Distribution,NE,11,95.8,6,44,33900,53,Net New,No confirmed Inspiration match,Electrada only,ELC-1233,2026-06-25
,Memphis Depot,Memphis Equipment Rental,KY,21,98.2,3,63,26448,85,Net New,No confirmed Inspiration match,Electrada only,ELC-1253,2026-06-25
,Denver Yard,Denver Logistics,NV,28,99,5,112,61429,70,Net New,No confirmed Inspiration match,Electrada only,ELC-1266,2026-06-25
,Portland Fleet Center,Portland Auto Parts Distribution,FL,24,99.5,1,48,37363,76,Net New,No confirmed Inspiration match,Electrada only,ELC-1272,2026-06-25
,Knoxville Depot,Knoxville Logistics,PA,5,95.8,6,10,23299,66,Net New,No confirmed Inspiration match,Electrada only,ELC-1292,2026-06-25
,Huntsville Logistics Center,Huntsville Equipment Rental,CA,10,95.5,1,40,43063,64,Net New,No confirmed Inspiration match,Electrada only,ELC-1312,2026-06-25
,Fresno Logistics Hub,Fresno Logistics,MD,7,99.3,4,21,73417,59,Net New,No confirmed Inspiration match,Electrada only,ELC-1315,2026-06-25
,Richmond Distribution Hub,Richmond Beverage Co.,KS,14,99.4,3,56,31160,86,Net New,No confirmed Inspiration match,Electrada only,ELC-1316,2026-06-25
,Greenville Logistics Center,Greenville Leasing Corporation,MA,8,99.7,0,32,49071,31,Net New,No confirmed Inspiration match,Electrada only,ELC-1325,2026-06-25
,Birmingham Distribution Hub,Birmingham Food Service Distribution,AZ,15,99.7,4,60,75889,62,Net New,No confirmed Inspiration match,Electrada only,ELC-1333,2026-06-25
,Boston Logistics Center,Boston School District,CO,30,98.2,6,60,36203,86,Net New,No confirmed Inspiration match,Electrada only,ELC-1349,2026-06-25
,Orlando Logistics Center,Orlando Auto Parts Distribution,NC,4,99.7,4,12,35381,64,Net New,No confirmed Inspiration match,Electrada only,ELC-1364,2026-06-25
,Pittsburgh Depot,Pittsburgh Equipment Rental,LA,11,96.3,5,22,54267,46,Net New,No confirmed Inspiration match,Electrada only,ELC-1380,2026-06-25
,Dallas Charging Hub,Dallas Leasing Corporation,UT,24,98,6,48,25716,69,Net New,No confirmed Inspiration match,Electrada only,ELC-1387,2026-06-25
,Tulsa Fleet Center,Tulsa School District,AZ,17,99.7,1,34,61883,79,Net New,No confirmed Inspiration match,Electrada only,ELC-1400,2026-06-25
,Wichita Charging Hub,Wichita Telecom Services,AZ,9,98.8,1,18,70994,38,Net New,No confirmed Inspiration match,Electrada only,ELC-1420,2026-06-25
,Tallahassee Logistics Hub,Tallahassee Utility Cooperative,UT,15,96.8,4,30,12804,21,Net New,No confirmed Inspiration match,Electrada only,ELC-1424,2026-06-25
,Nashville Distribution Hub,Nashville Food Service Distribution,CA,10,99.7,1,20,43008,47,Net New,No confirmed Inspiration match,Electrada only,ELC-1434,2026-06-25
,Albuquerque Yard,Albuquerque Airport Authority,MS,14,97,2,28,17982,65,Net New,No confirmed Inspiration match,Electrada only,ELC-1449,2026-06-25
,Atlanta Logistics Hub,Atlanta Courier Services,UT,20,97.7,2,80,76918,22,Net New,No confirmed Inspiration match,Electrada only,ELC-1464,2026-06-25
,Bakersfield Depot,Bakersfield Auto Parts Distribution,NC,28,99.7,2,56,72061,35,Net New,No confirmed Inspiration match,Electrada only,ELC-1482,2026-06-25
INS-022,Jackson Depot,Jackson Food Service Distribution,NE,20,93.6,6,40,17447,51,Auto-Merged,"Region match is true, name similarity is 0.88, and uptime delta is below 3%. | Source values - Inspiration uptime: 93.5%, Electrada uptime: 92.8%, Inspiration chargers: 20, Electrada chargers: 20",Both,ELC-1491,2026-06-25
INS-032,Mobile Distribution Hub,Mobile School District,MD,20,94.7,0,60,52678,84,Auto-Merged,"Region match is true, name similarity is 0.81, and uptime delta is below 3%. | Source values - Inspiration uptime: 95.4%, Electrada uptime: 92.6%, Inspiration chargers: 20, Electrada chargers: 20",Both,ELC-1508,2026-06-25
,Midland Charging Hub,Midland Telecom Services,MA,9,99.6,1,18,13054,41,Net New,No confirmed Inspiration match,Electrada only,ELC-1519,2026-06-25
,Duluth Yard,Duluth Auto Parts Distribution,WA,24,92.1,2,48,50607,20,Net New,No confirmed Inspiration match,Electrada only,ELC-1526,2026-06-25
,Little Rock Service Center,Little Rock Beverage Co.,MO,29,97.6,1,116,37713,76,Net New,No confirmed Inspiration match,Electrada only,ELC-1530,2026-06-25
,Toledo Logistics Hub,Toledo Courier Services,ID,15,99.7,5,45,17316,36,Net New,No confirmed Inspiration match,Electrada only,ELC-1533,2026-06-25
,Bozeman Logistics Hub,Bozeman Leasing Corporation,WA,8,93.3,2,16,33284,72,Net New,No confirmed Inspiration match,Electrada only,ELC-1535,2026-06-25
,Sioux Falls Logistics Center,Sioux Falls Distribution,KY,28,99.7,4,56,43763,35,Net New,No confirmed Inspiration match,Electrada only,ELC-1541,2026-06-25
,South Bend Yard,South Bend Utility Cooperative,WI,22,98.1,6,44,54228,47,Net New,No confirmed Inspiration match,Electrada only,ELC-1542,2026-06-25
,Fayetteville Depot,Fayetteville Leasing Corporation,NE,16,98.6,4,48,22145,43,Net New,No confirmed Inspiration match,Electrada only,ELC-1549,2026-06-25
,Boise Service Center,Boise Logistics,KS,28,99.7,2,56,50818,48,Net New,No confirmed Inspiration match,Electrada only,ELC-1556,2026-06-25
,Akron Service Center,Akron Equipment Rental,IN,26,96.1,3,104,42731,69,Net New,No confirmed Inspiration match,Electrada only,ELC-1569,2026-06-25
,Columbia Charging Hub,Columbia Beverage Co.,AZ,12,99.7,0,48,48408,61,Net New,No confirmed Inspiration match,Electrada only,ELC-1576,2026-06-25
,Scranton Yard,Scranton Telecom Services,MO,17,99.7,2,51,30895,56,Net New,No confirmed Inspiration match,Electrada only,ELC-1581,2026-06-25
,Lafayette Distribution Hub,Lafayette Leasing Corporation,NV,10,94.1,1,20,56568,57,Net New,No confirmed Inspiration match,Electrada only,ELC-1587,2026-06-25
,Augusta Logistics Center,Augusta Telecom Services,SC,25,98,3,100,40308,72,Net New,No confirmed Inspiration match,Electrada only,ELC-1592,2026-06-25
,Champaign Logistics Hub,Champaign Beverage Co.,ID,21,89.5,0,42,78432,59,Net New,No confirmed Inspiration match,Electrada only,ELC-1601,2026-06-25
,Lubbock Service Center,Lubbock Parcel Delivery,NV,27,99.7,6,108,64635,79,Net New,No confirmed Inspiration match,Electrada only,ELC-1606,2026-06-25
,Erie Yard,Erie Waste & Recycling,TX,13,99.5,1,52,14189,27,Net New,No confirmed Inspiration match,Electrada only,ELC-1619,2026-06-25
,Corpus Christi Fleet Center,Corpus Christi Airport Authority,KS,26,98.4,1,104,48688,44,Net New,No confirmed Inspiration match,Electrada only,ELC-1630,2026-06-25
,Fargo Charging Hub,Fargo Airport Authority,ID,12,96.8,4,36,26838,36,Net New,No confirmed Inspiration match,Electrada only,ELC-1633,2026-06-25
,Greensboro Charging Hub,Greensboro Courier Services,NM,9,96.2,0,27,37212,55,Net New,No confirmed Inspiration match,Electrada only,ELC-1645,2026-06-25
,Peoria Fleet Center,Peoria Beverage Co.,NM,19,96.1,4,76,72436,41,Net New,No confirmed Inspiration match,Electrada only,ELC-1660,2026-06-25
,Provo Logistics Center,Provo Telecom Services,FL,4,99.7,0,12,74765,29,Net New,No confirmed Inspiration match,Electrada only,ELC-1669,2026-06-25
INS-041,Pocatello Service Center,Pocatello Distribution,NC,12,99.5,4,24,51823,72,Net New,No confirmed Electrada match,Inspiration only,,2026-06-25
INS-042,Allentown Distribution Hub,Allentown Beverage Co.,MO,16,99.3,2,32,54877,85,Net New,No confirmed Electrada match,Inspiration only,,2026-06-25
INS-050,Rockford Fleet Center,Rockford Equipment Rental,MS,5,93.5,6,15,40094,44,Net New,No confirmed Electrada match,Inspiration only,,2026-06-25
INS-056,Wichita Falls Fleet Center,Wichita Falls School District,SC,6,96.4,5,12,32759,65,Net New,No confirmed Electrada match,Inspiration only,,2026-06-25
INS-059,San Antonio Yard,San Antonio Distribution,CO,8,99.7,5,16,14336,85,Net New,No confirmed Electrada match,Inspiration only,,2026-06-25
INS-063,Madison West Depot,Madison West Leasing Corporation,OK,23,99.7,6,92,31116,63,Net New,No confirmed Electrada match,Inspiration only,,2026-06-25
INS-068,Rochester MN Depot,Rochester MN Parcel Delivery,NE,27,92.3,0,54,75084,86,Auto-Merged,"Region match is true, name similarity is 0.92, and uptime delta is below 3%. | Source values - Inspiration uptime: 92.9%, Electrada uptime: 92.2%, Inspiration chargers: 27, Electrada chargers: 27",Both,ELC-1672,2026-06-25
INS-072,Athens Logistics Hub,Athens Food Service Distribution,NM,18,96.7,5,72,20509,40,Auto-Merged,"Region match is true, name similarity is 0.81, and uptime delta is below 3%. | Source values - Inspiration uptime: 97.1%, Electrada uptime: 95.5%, Inspiration chargers: 18, Electrada chargers: 18",Both,ELC-1682,2026-06-25
INS-073,Reno Depot,Reno Leasing Corporation,NV,16,90.6,0,48,30817,36,Auto-Merged,"Region match is true, name similarity is 0.87, and uptime delta is below 3%. | Source values - Inspiration uptime: 90.6%, Electrada uptime: 89.2%, Inspiration chargers: 16, Electrada chargers: 16",Both,ELC-1692,2026-06-25
INS-075,Macon Logistics Hub,Macon Courier Services,MS,17,94.2,6,34,15281,65,Auto-Merged,"Region match is true, name similarity is 0.81, and uptime delta is below 3%. | Source values - Inspiration uptime: 94.5%, Electrada uptime: 94.2%, Inspiration chargers: 17, Electrada chargers: 17",Both,ELC-1700,2026-06-25
INS-076,Springfield IL Logistics Hub,Springfield IL School District,IN,30,97.4,2,120,39705,90,Auto-Merged,"Region match is true, name similarity is 0.78, and uptime delta is below 3%. | Source values - Inspiration uptime: 97.8%, Electrada uptime: 95.8%, Inspiration chargers: 30, Electrada chargers: 30",Both,ELC-1707,2026-06-25
INS-083,Fort Smith Yard,Fort Smith Freight Lines,TX,20,97.8,5,40,32826,87,Auto-Merged,"Region match is true, name similarity is 0.85, and uptime delta is below 3%. | Source values - Inspiration uptime: 97.1%, Electrada uptime: 94.4%, Inspiration chargers: 20, Electrada chargers: 20",Both,ELC-1714,2026-06-25
INS-093,Newark Logistics Hub,Newark Leasing Corporation,KY,17,93.4,0,68,13763,45,Auto-Merged,"Region match is true, name similarity is 0.9, and uptime delta is below 3%. | Source values - Inspiration uptime: 92.9%, Electrada uptime: 92.1%, Inspiration chargers: 17, Electrada chargers: 17",Both,ELC-1716,2026-06-25
,Bismarck Logistics Hub,Bismarck Equipment Rental,OK,19,91.3,0,57,28407,35,Net New,No confirmed Inspiration match,Electrada only,ELC-1731,2026-06-25
,Texarkana Fleet Center,Texarkana School District,AZ,16,92,0,48,40937,41,Net New,No confirmed Inspiration match,Electrada only,ELC-1746,2026-06-25
,Salem OR Depot,Salem OR Waste & Recycling,CA,8,92.7,0,24,35138,23,Net New,No confirmed Inspiration match,Electrada only,ELC-1752,2026-06-25
,Dubuque Depot,Dubuque Equipment Rental,WY,12,99,2,48,33946,68,Net New,No confirmed Inspiration match,Electrada only,ELC-1754,2026-06-25
,Alexandria LA Yard,Alexandria LA Distribution,SD,24,95,6,48,19227,82,Net New,No confirmed Inspiration match,Electrada only,ELC-1757,2026-06-25
,Aberdeen Charging Hub,Aberdeen Leasing Corporation,KY,15,94.8,5,45,54563,24,Net New,No confirmed Inspiration match,Electrada only,ELC-1768,2026-06-25
,Pueblo Distribution Hub,Pueblo Equipment Rental,UT,29,96.3,3,87,66745,29,Net New,No confirmed Inspiration match,Electrada only,ELC-1777,2026-06-25
,Grand Junction Fleet Center,Grand Junction Waste & Recycling,SD,14,99.4,5,56,73701,88,Net New,No confirmed Inspiration match,Electrada only,ELC-1792,2026-06-25
,Watertown Logistics Center,Watertown Equipment Rental,GA,30,93.7,1,90,54028,50,Net New,No confirmed Inspiration match,Electrada only,ELC-1807,2026-06-25
,Gillette Logistics Hub,Gillette Beverage Co.,AR,29,90.3,1,58,53800,56,Net New,No confirmed Inspiration match,Electrada only,ELC-1821,2026-06-25
,Olympia Service Center,Olympia Telecom Services,IN,30,95.6,1,60,12704,30,Net New,No confirmed Inspiration match,Electrada only,ELC-1830,2026-06-25
,Fort Collins Logistics Hub,Fort Collins Leasing Corporation,AR,16,97.5,5,32,15495,58,Net New,No confirmed Inspiration match,Electrada only,ELC-1837,2026-06-25
,Topeka Service Center,Topeka Beverage Co.,AR,16,99.7,2,32,31030,80,Net New,No confirmed Inspiration match,Electrada only,ELC-1840,2026-06-25
,Joplin Fleet Center,Joplin Freight Lines,KS,17,98.3,5,51,34241,74,Net New,No confirmed Inspiration match,Electrada only,ELC-1852,2026-06-25
,Merced Distribution Hub,Merced Equipment Rental,MD,29,99.7,3,116,59451,90,Net New,No confirmed Inspiration match,Electrada only,ELC-1860,2026-06-25
,Manhattan KS Logistics Hub,Manhattan KS Leasing Corporation,WI,13,96.8,1,39,70980,78,Net New,No confirmed Inspiration match,Electrada only,ELC-1873,2026-06-25
,Rapid City West Logistics Hub,Rapid City West Logistics,GA,20,99.7,1,40,23262,83,Net New,No confirmed Inspiration match,Electrada only,ELC-1886,2026-06-25
,Springfield MO Fleet Center,Springfield MO Waste & Recycling,CO,25,94.4,3,75,10717,29,Net New,No confirmed Inspiration match,Electrada only,ELC-1896,2026-06-25
,Chico Service Center,Chico Parcel Delivery,UT,28,95.5,5,112,51226,23,Net New,No confirmed Inspiration match,Electrada only,ELC-1903,2026-06-25
,Cedar Rapids Fleet Center,Cedar Rapids Auto Parts Distribution,NV,24,99.7,2,96,12904,28,Net New,No confirmed Inspiration match,Electrada only,ELC-1909,2026-06-25
INS-103,Yuma Fleet Center,Yuma Logistics,GA,8,94.2,5,32,38224,46,Net New,No confirmed Electrada match,Inspiration only,,2026-06-25
INS-113,Medford Logistics Hub,Medford Parcel Delivery,AR,23,92.3,3,69,65354,74,Net New,No confirmed Electrada match,Inspiration only,,2026-06-25
INS-116,Bellingham Logistics Center,Bellingham School District,OK,18,98.2,4,54,56966,44,Net New,No confirmed Electrada match,Inspiration only,,2026-06-25
INS-119,Greeley Yard,Greeley Courier Services,MS,10,96.1,4,40,57326,65,Net New,No confirmed Electrada match,Inspiration only,,2026-06-25
INS-124,Colorado Springs Depot,Colorado Springs Equipment Rental,MS,23,88,4,69,26821,73,Auto-Merged,"Region match is true, name similarity is 0.89, and uptime delta is below 3%. | Source values - Inspiration uptime: 88.0%, Electrada uptime: 85.6%, Inspiration chargers: 23, Electrada chargers: 23",Both,ELC-1924,2026-06-25
INS-128,Flagstaff Service Center,Flagstaff Leasing Corporation,MO,14,95.6,3,28,65463,37,Auto-Merged,"Region match is true, name similarity is 0.79, and uptime delta is below 3%. | Source values - Inspiration uptime: 95.3%, Electrada uptime: 92.7%, Inspiration chargers: 14, Electrada chargers: 14",Both,ELC-1925,2026-06-25
INS-137,Bend Yard,Bend Logistics,AZ,5,94.9,1,15,36760,56,Auto-Merged,"Region match is true, name similarity is 0.82, and uptime delta is below 3%. | Source values - Inspiration uptime: 95.0%, Electrada uptime: 94.2%, Inspiration chargers: 5, Electrada chargers: 5",Both,ELC-1940,2026-06-25
INS-139,Tyler Distribution Hub,Tyler Freight Lines,SC,27,93.8,1,108,70305,54,Auto-Merged,"Region match is true, name similarity is 0.89, and uptime delta is below 3%. | Source values - Inspiration uptime: 93.1%, Electrada uptime: 90.7%, Inspiration chargers: 27, Electrada chargers: 27",Both,ELC-1945,2026-06-25
INS-144,Modesto Yard,Modesto Telecom Services,IN,8,95.9,2,16,16626,20,Auto-Merged,"Region match is true, name similarity is 0.92, and uptime delta is below 3%. | Source values - Inspiration uptime: 94.7%, Electrada uptime: 93.4%, Inspiration chargers: 8, Electrada chargers: 8",Both,ELC-1950,2026-06-25
INS-145,Killeen Service Center,Killeen Waste & Recycling,LA,6,92.1,6,12,11532,83,Auto-Merged,"Region match is true, name similarity is 0.77, and uptime delta is below 3%. | Source values - Inspiration uptime: 93.6%, Electrada uptime: 92.3%, Inspiration chargers: 6, Electrada chargers: 6",Both,ELC-1960,2026-06-25
INS-154,Laramie Service Center,Laramie Parcel Delivery,AZ,30,93.5,1,90,75726,46,Auto-Merged,"Region match is true, name similarity is 0.86, and uptime delta is below 3%. | Source values - Inspiration uptime: 91.7%, Electrada uptime: 91.0%, Inspiration chargers: 30, Electrada chargers: 30",Both,ELC-1968,2026-06-25
INS-164,Redding Logistics Center,Redding Leasing Corporation,NE,17,93.5,4,68,38727,62,Auto-Merged,"Region match is true, name similarity is 0.93, and uptime delta is below 3%. | Source values - Inspiration uptime: 92.7%, Electrada uptime: 91.6%, Inspiration chargers: 17, Electrada chargers: 17",Both,ELC-1979,2026-06-25
,Elgin Distribution Hub,Elgin Utility Cooperative,OK,25,98.3,1,75,37760,79,Net New,No confirmed Inspiration match,Electrada only,ELC-1984,2026-06-25
,Huntington Fleet Center,Huntington Equipment Rental,VA,10,91.7,4,20,28719,65,Net New,No confirmed Inspiration match,Electrada only,ELC-1989,2026-06-25
,Freeport Service Center,Freeport Beverage Co.,NC,7,95.8,1,28,55959,25,Net New,No confirmed Inspiration match,Electrada only,ELC-1996,2026-06-25
,Dixon Fleet Center,Dixon Courier Services,MS,24,97.8,0,72,12279,43,Net New,No confirmed Inspiration match,Electrada only,ELC-2001,2026-06-25
,Richmond IN Logistics Hub,Richmond IN Parcel Delivery,MN,17,93.6,0,51,25860,72,Net New,No confirmed Inspiration match,Electrada only,ELC-2006,2026-06-25
,Danville Fleet Center,Danville Logistics,SC,10,95.7,2,30,37445,73,Net New,No confirmed Inspiration match,Electrada only,ELC-2018,2026-06-25
,Stevens Point Charging Hub,Stevens Point Beverage Co.,AZ,8,92.8,8,32,66466,34,Net New,No confirmed Inspiration match,Electrada only,ELC-2025,2026-06-25
,Bloomington South Yard,Bloomington South Parcel Delivery,CO,25,97,5,100,71594,81,Net New,No confirmed Inspiration match,Electrada only,ELC-2033,2026-06-25
,Beloit Logistics Center,Beloit Beverage Co.,MT,12,95.6,3,24,68520,66,Net New,No confirmed Inspiration match,Electrada only,ELC-2040,2026-06-25
,Elkhart Depot,Elkhart School District,TN,22,93.4,1,88,14609,39,Net New,No confirmed Inspiration match,Electrada only,ELC-2054,2026-06-25
,Sheboygan Depot,Sheboygan Leasing Corporation,ND,26,91,4,104,11063,29,Net New,No confirmed Inspiration match,Electrada only,ELC-2059,2026-06-25
,Kokomo Charging Hub,Kokomo Utility Cooperative,GA,24,92.9,2,72,14741,35,Net New,No confirmed Inspiration match,Electrada only,ELC-2061,2026-06-25
,Sterling Distribution Hub,Sterling Parcel Delivery,ND,26,90.8,1,78,11887,78,Net New,No confirmed Inspiration match,Electrada only,ELC-2074,2026-06-25
,Muncie Service Center,Muncie Logistics,UT,30,99.7,0,90,28519,81,Net New,No confirmed Inspiration match,Electrada only,ELC-2081,2026-06-25
,Warsaw Yard,Warsaw Beverage Co.,NV,27,96.3,1,81,65690,81,Net New,No confirmed Inspiration match,Electrada only,ELC-2091,2026-06-25
,Joliet Charging Hub,Joliet Food Service Distribution,OK,8,95.4,3,32,33678,65,Net New,No confirmed Inspiration match,Electrada only,ELC-2098,2026-06-25
,Columbus IN Charging Hub,Columbus IN Distribution,IN,17,92.6,4,68,71040,40,Net New,No confirmed Inspiration match,Electrada only,ELC-2110,2026-06-25
,New Albany Yard,New Albany Beverage Co.,IA,6,99.1,5,24,21779,48,Net New,No confirmed Inspiration match,Electrada only,ELC-2122,2026-06-25
,La Crosse Depot,La Crosse Parcel Delivery,AR,19,99.7,1,57,30201,39,Net New,No confirmed Inspiration match,Electrada only,ELC-2125,2026-06-25
,Decatur Service Center,Decatur Telecom Services,ND,11,93.5,1,22,32560,71,Net New,No confirmed Inspiration match,Electrada only,ELC-2130,2026-06-25
,Owensboro Distribution Hub,Owensboro Beverage Co.,NC,17,99.5,1,68,50910,88,Net New,No confirmed Inspiration match,Electrada only,ELC-2141,2026-06-25
INS-172,Rockford North Service Center,Rockford North Airport Authority,CO,25,97.8,1,75,31655,60,Net New,No confirmed Electrada match,Inspiration only,,2026-06-25
INS-177,Jeffersonville Charging Hub,Jeffersonville Parcel Delivery,NM,6,93.3,1,24,50573,61,Net New,No confirmed Electrada match,Inspiration only,,2026-06-25
INS-180,Anderson Logistics Center,Anderson Beverage Co.,CO,24,99.7,2,48,30179,32,Net New,No confirmed Electrada match,Inspiration only,,2026-06-25
INS-182,Marshfield Distribution Hub,Marshfield Waste & Recycling,MN,19,94.5,6,57,37360,53,Net New,No confirmed Electrada match,Inspiration only,,2026-06-25
INS-183,Oshkosh Fleet Center,Oshkosh Logistics,KY,28,98.6,0,84,59434,45,Net New,No confirmed Electrada match,Inspiration only,,2026-06-25
INS-189,Wabash Fleet Center,Wabash Utility Cooperative,WI,5,97.6,0,15,60642,88,Net New,No confirmed Electrada match,Inspiration only,,2026-06-25
INS-197,Bloomington IL Depot,Bloomington IL Waste & Recycling,OK,18,95.1,5,36,57698,47,Net New,No confirmed Electrada match,Inspiration only,,2026-06-25
INS-203,Janesville Distribution Hub,Janesville Distribution,CO,18,99.7,5,54,21789,59,Net New,No confirmed Electrada match,Inspiration only,,2026-06-25
INS-204,Lafayette IN Logistics Center,Lafayette IN Courier Services,TX,21,97.6,3,63,21103,63,Net New,No confirmed Electrada match,Inspiration only,,2026-06-25
INS-206,Waukegan Charging Hub,Waukegan Distribution,NC,16,89.1,3,48,75870,27,Auto-Merged,"Region match is true, name similarity is 0.88, and uptime delta is below 3%. | Source values - Inspiration uptime: 88.7%, Electrada uptime: 86.4%, Inspiration chargers: 16, Electrada chargers: 16",Both,ELC-2151,2026-06-25
INS-212,Wausau Depot,Wausau Telecom Services,FL,16,88.8,2,32,71903,76,Conflict - Needs Resolution,"Region match is true and name similarity is 0.82, but uptime delta exceeds 3%. | Source values - Inspiration uptime: 88.8%, Electrada uptime: 84.1%, Inspiration chargers: 16, Electrada chargers: 16",Both,ELC-2166,2026-06-25
INS-217,Elizabethtown Logistics Hub,Elizabethtown Equipment Rental,KY,24,90.2,3,72,52265,64,Auto-Merged,"Region match is true, name similarity is 0.76, and uptime delta is below 3%. | Source values - Inspiration uptime: 90.0%, Electrada uptime: 88.8%, Inspiration chargers: 24, Electrada chargers: 24",Both,ELC-2178,2026-06-25
INS-221,Eau Claire Yard,Eau Claire Logistics,OH,7,96.6,3,14,19619,72,Auto-Merged,"Region match is true, name similarity is 0.81, and uptime delta is below 3%. | Source values - Inspiration uptime: 95.8%, Electrada uptime: 94.3%, Inspiration chargers: 7, Electrada chargers: 7",Both,ELC-2186,2026-06-25
INS-228,Frankfort Depot,Frankfort School District,NC,7,89.3,2,21,12864,78,Auto-Merged,"Region match is true, name similarity is 0.9, and uptime delta is below 3%. | Source values - Inspiration uptime: 89.3%, Electrada uptime: 87.5%, Inspiration chargers: 7, Electrada chargers: 7",Both,ELC-2194,2026-06-25
INS-238,Mishawaka Logistics Hub,Mishawaka Equipment Rental,UT,5,93.4,3,15,57322,21,Auto-Merged,"Region match is true, name similarity is 0.89, and uptime delta is below 3%. | Source values - Inspiration uptime: 93.9%, Electrada uptime: 92.2%, Inspiration chargers: 5, Electrada chargers: 5",Both,ELC-2201,2026-06-25
INS-247,Henderson Fleet Center,Henderson Waste & Recycling,NE,23,94,1,69,74254,38,Auto-Merged,"Region match is true, name similarity is 0.82, and uptime delta is below 3%. | Source values - Inspiration uptime: 92.6%, Electrada uptime: 90.5%, Inspiration chargers: 23, Electrada chargers: 23",Both,ELC-2213,2026-06-25
INS-255,Marion IN Fleet Center,Marion IN Beverage Co.,UT,13,97.7,4,39,50222,43,Auto-Merged,"Region match is true, name similarity is 0.89, and uptime delta is below 3%. | Source values - Inspiration uptime: 96.5%, Electrada uptime: 95.9%, Inspiration chargers: 13, Electrada chargers: 13",Both,ELC-2225,2026-06-25
,Petoskey Fleet Center,Petoskey Auto Parts Distribution,WA,4,99.7,5,16,54264,56,Net New,No confirmed Inspiration match,Electrada only,ELC-2236,2026-06-25
,Manistee Fleet Center,Manistee Telecom Services,ID,20,98.3,4,40,77746,77,Net New,No confirmed Inspiration match,Electrada only,ELC-2245,2026-06-25
,Niles Fleet Center,Niles School District,NM,11,94,3,44,28415,83,Net New,No confirmed Inspiration match,Electrada only,ELC-2253,2026-06-25
,Traverse City Service Center,Traverse City Logistics,VA,29,98.1,1,87,46767,22,Net New,No confirmed Inspiration match,Electrada only,ELC-2254,2026-06-25
,Ionia Fleet Center,Ionia Freight Lines,ND,10,90.2,0,40,61422,42,Net New,No confirmed Inspiration match,Electrada only,ELC-2262,2026-06-25
,Owosso Logistics Hub,Owosso Logistics,MT,19,93.5,2,38,75402,89,Net New,No confirmed Inspiration match,Electrada only,ELC-2275,2026-06-25
,Menominee Charging Hub,Menominee Parcel Delivery,NV,19,99.2,6,38,59201,28,Net New,No confirmed Inspiration match,Electrada only,ELC-2276,2026-06-25
,Clare Distribution Hub,Clare Telecom Services,CO,25,96,3,100,53309,38,Net New,No confirmed Inspiration match,Electrada only,ELC-2279,2026-06-25
,Holland MI Depot,Holland MI Distribution,MD,18,91.1,2,36,15630,79,Net New,No confirmed Inspiration match,Electrada only,ELC-2286,2026-06-25
,Coldwater Fleet Center,Coldwater School District,SD,13,99.7,2,39,62867,88,Net New,No confirmed Inspiration match,Electrada only,ELC-2293,2026-06-25
,Three Rivers Service Center,Three Rivers Utility Cooperative,TN,11,90.4,6,33,53380,38,Net New,No confirmed Inspiration match,Electrada only,ELC-2299,2026-06-25
,Ludington Distribution Hub,Ludington Telecom Services,TN,25,95,1,50,41642,31,Net New,No confirmed Inspiration match,Electrada only,ELC-2300,2026-06-25
,Greenville MI Fleet Center,Greenville MI Leasing Corporation,AL,11,94.8,1,33,79657,55,Net New,No confirmed Inspiration match,Electrada only,ELC-2304,2026-06-25
,Flint Depot,Flint Distribution,IL,20,92.4,3,60,19321,28,Net New,No confirmed Inspiration match,Electrada only,ELC-2310,2026-06-25
,Kalamazoo Logistics Center,Kalamazoo Telecom Services,NM,8,97.9,4,32,52089,52,Net New,No confirmed Inspiration match,Electrada only,ELC-2318,2026-06-25
,Jackson MI Fleet Center,Jackson MI Airport Authority,TN,18,95,2,36,52602,56,Net New,No confirmed Inspiration match,Electrada only,ELC-2332,2026-06-25
,Fenton Service Center,Fenton Waste & Recycling,AL,27,99.6,1,54,43788,65,Net New,No confirmed Inspiration match,Electrada only,ELC-2340,2026-06-25
,Tecumseh Distribution Hub,Tecumseh Logistics,WI,6,98.4,7,18,58527,47,Net New,No confirmed Inspiration match,Electrada only,ELC-2351,2026-06-25
,Ironwood Logistics Center,Ironwood Parcel Delivery,ND,27,93.5,3,108,32677,58,Net New,No confirmed Inspiration match,Electrada only,ELC-2363,2026-06-25
INS-263,Marquette Distribution Hub,Marquette Auto Parts Distribution,NC,28,98.7,1,112,72343,61,Net New,No confirmed Electrada match,Inspiration only,,2026-06-25
INS-270,Lansing Charging Hub,Lansing Beverage Co.,NM,7,97.2,0,28,21384,52,Net New,No confirmed Electrada match,Inspiration only,,2026-06-25
INS-273,Houghton Service Center,Houghton Utility Cooperative,MI,10,96.3,1,30,62663,35,Net New,No confirmed Electrada match,Inspiration only,,2026-06-25
INS-282,Gladwin Logistics Hub,Gladwin Auto Parts Distribution,UT,7,99,0,14,69896,40,Net New,No confirmed Electrada match,Inspiration only,,2026-06-25
INS-286,Sault Ste Marie Depot,Sault Ste Marie Waste & Recycling,VA,10,96.5,0,30,58637,33,Net New,No confirmed Electrada match,Inspiration only,,2026-06-25
INS-294,Ypsilanti Logistics Center,Ypsilanti School District,UT,18,98,0,54,34179,90,Net New,No confirmed Electrada match,Inspiration only,,2026-06-25
INS-300,Sturgis Logistics Hub,Sturgis Parcel Delivery,AZ,15,95.1,2,60,69424,87,Net New,No confirmed Electrada match,Inspiration only,,2026-06-25
INS-310,Bay City Service Center,Bay City Auto Parts Distribution,CO,19,89.4,6,76,23714,71,Auto-Merged,"Region match is true, name similarity is 0.91, and uptime delta is below 3%. | Source values - Inspiration uptime: 89.4%, Electrada uptime: 87.6%, Inspiration chargers: 19, Electrada chargers: 19",Both,ELC-2371,2026-06-25
INS-318,Grand Rapids Distribution Hub,Grand Rapids Parcel Delivery,WA,15,93.5,1,45,58829,24,Auto-Merged,"Region match is true, name similarity is 0.91, and uptime delta is below 3%. | Source values - Inspiration uptime: 93.7%, Electrada uptime: 91.2%, Inspiration chargers: 15, Electrada chargers: 15",Both,ELC-2382,2026-06-25
INS-319,Standish Logistics Hub,Standish Logistics,ND,26,96.8,4,104,55690,76,Auto-Merged,"Region match is true, name similarity is 0.75, and uptime delta is below 3%. | Source values - Inspiration uptime: 96.4%, Electrada uptime: 94.7%, Inspiration chargers: 26, Electrada chargers: 26",Both,ELC-2391,2026-06-25
INS-329,Ann Arbor Logistics Hub,Ann Arbor Telecom Services,WI,28,96.1,6,56,74833,51,Auto-Merged,"Region match is true, name similarity is 0.79, and uptime delta is below 3%. | Source values - Inspiration uptime: 95.3%, Electrada uptime: 93.8%, Inspiration chargers: 28, Electrada chargers: 28",Both,ELC-2392,2026-06-25
INS-339,Dowagiac Charging Hub,Dowagiac Beverage Co.,IA,10,97,4,30,12396,61,Auto-Merged,"Region match is true, name similarity is 0.86, and uptime delta is below 3%. | Source values - Inspiration uptime: 98.3%, Electrada uptime: 97.7%, Inspiration chargers: 10, Electrada chargers: 10",Both,ELC-2397,2026-06-25
INS-341,Alpena Logistics Hub,Alpena Equipment Rental,NE,13,92.7,5,52,36756,72,Auto-Merged,"Region match is true, name similarity is 0.9, and uptime delta is below 3%. | Source values - Inspiration uptime: 93.5%, Electrada uptime: 93.3%, Inspiration chargers: 13, Electrada chargers: 13",Both,ELC-2405,2026-06-25
,Ithaca Distribution Hub,Ithaca Auto Parts Distribution,CT,6,99.7,6,12,52518,58,Net New,No confirmed Inspiration match,Electrada only,ELC-2419,2026-06-25
,Kingston NY Depot,Kingston NY Freight Lines,FL,10,99,3,20,68014,77,Net New,No confirmed Inspiration match,Electrada only,ELC-2427,2026-06-25
,Worcester Service Center,Worcester Auto Parts Distribution,RI,9,99.1,5,18,17594,86,Net New,No confirmed Inspiration match,Electrada only,ELC-2435,2026-06-25
,Oswego Distribution Hub,Oswego Equipment Rental,VT,21,90.5,7,42,28210,65,Net New,No confirmed Inspiration match,Electrada only,ELC-2442,2026-06-25
,Gloversville Yard,Gloversville Beverage Co.,MI,13,96.5,4,52,51875,79,Net New,No confirmed Inspiration match,Electrada only,ELC-2443,2026-06-25
,Elmira Yard,Elmira School District,KS,6,95.1,5,24,33981,72,Net New,No confirmed Inspiration match,Electrada only,ELC-2450,2026-06-25
,Bangor Logistics Hub,Bangor School District,VA,15,97.2,7,60,78428,69,Net New,No confirmed Inspiration match,Electrada only,ELC-2454,2026-06-25
,New Haven Depot,New Haven Beverage Co.,AL,27,95.3,0,54,11393,49,Net New,No confirmed Inspiration match,Electrada only,ELC-2465,2026-06-25
,Concord NH Charging Hub,Concord NH Telecom Services,ND,22,98.9,1,88,74779,26,Net New,No confirmed Inspiration match,Electrada only,ELC-2467,2026-06-25
,Fall River Fleet Center,Fall River School District,AZ,6,96.4,4,24,66843,21,Net New,No confirmed Inspiration match,Electrada only,ELC-2469,2026-06-25
,Danbury Yard,Danbury School District,NV,29,97.1,6,87,51477,88,Net New,No confirmed Inspiration match,Electrada only,ELC-2470,2026-06-25
,Watertown NY Yard,Watertown NY Airport Authority,NM,30,98,5,90,39443,86,Net New,No confirmed Inspiration match,Electrada only,ELC-2483,2026-06-25
,Rutland Depot,Rutland Beverage Co.,MO,25,98.4,6,50,36040,58,Net New,No confirmed Inspiration match,Electrada only,ELC-2496,2026-06-25
,Plattsburgh Yard,Plattsburgh Equipment Rental,PA,19,93.9,0,38,14981,57,Net New,No confirmed Inspiration match,Electrada only,ELC-2506,2026-06-25
,Augusta ME Fleet Center,Augusta ME School District,OR,13,95.4,4,39,78631,49,Net New,No confirmed Inspiration match,Electrada only,ELC-2512,2026-06-25
,Binghamton Fleet Center,Binghamton Telecom Services,VA,29,97.7,5,116,17485,81,Net New,No confirmed Inspiration match,Electrada only,ELC-2523,2026-06-25
,Cortland Yard,Cortland Beverage Co.,KS,6,90.7,1,18,51693,87,Net New,No confirmed Inspiration match,Electrada only,ELC-2525,2026-06-25
,Burlington VT Distribution Hub,Burlington VT Auto Parts Distribution,WA,10,90.5,0,40,75276,49,Net New,No confirmed Inspiration match,Electrada only,ELC-2526,2026-06-25
,Auburn NY Logistics Center,Auburn NY Leasing Corporation,MN,7,91.7,3,21,15011,72,Net New,No confirmed Inspiration match,Electrada only,ELC-2531,2026-06-25
,Poughkeepsie Charging Hub,Poughkeepsie Airport Authority,OR,29,93.4,0,116,52572,64,Net New,No confirmed Inspiration match,Electrada only,ELC-2535,2026-06-25
,Niagara Falls Distribution Hub,Niagara Falls Beverage Co.,NM,19,89.9,4,76,14872,43,Net New,No confirmed Inspiration match,Electrada only,ELC-2537,2026-06-25
,Lowell Service Center,Lowell Parcel Delivery,WA,20,94.2,5,60,69786,51,Net New,No confirmed Inspiration match,Electrada only,ELC-2544,2026-06-25
,Utica Service Center,Utica Utility Cooperative,KY,21,94.1,0,84,53928,21,Net New,No confirmed Inspiration match,Electrada only,ELC-2551,2026-06-25
,Springfield MA Depot,Springfield MA Freight Lines,UT,20,94.5,5,80,37300,37,Net New,No confirmed Inspiration match,Electrada only,ELC-2556,2026-06-25
,Glens Falls Logistics Center,Glens Falls Beverage Co.,NV,20,93.4,1,80,64156,85,Net New,No confirmed Inspiration match,Electrada only,ELC-2559,2026-06-25
INS-348,Norwalk Distribution Hub,Norwalk Distribution,TN,25,97.8,2,75,35526,30,Net New,No confirmed Electrada match,Inspiration only,,2026-06-25
INS-356,New Bedford Fleet Center,New Bedford Food Service Distribution,MS,6,93.4,1,18,71018,22,Net New,No confirmed Electrada match,Inspiration only,,2026-06-25
INS-366,Cranston Service Center,Cranston Equipment Rental,UT,18,96,2,72,74254,74,Net New,No confirmed Electrada match,Inspiration only,,2026-06-25
INS-371,Nashua Depot,Nashua Food Service Distribution,IA,24,90.9,0,96,30010,47,Net New,No confirmed Electrada match,Inspiration only,,2026-06-25
INS-375,Warwick Depot,Warwick Telecom Services,KY,4,96.7,5,16,50628,41,Net New,No confirmed Electrada match,Inspiration only,,2026-06-25
INS-379,Hudson NY Logistics Center,Hudson NY Parcel Delivery,WA,27,90.9,4,54,75369,56,Net New,No confirmed Electrada match,Inspiration only,,2026-06-25
INS-384,Montpelier Logistics Hub,Montpelier Airport Authority,RI,5,93.7,4,20,53626,78,Net New,No confirmed Electrada match,Inspiration only,,2026-06-25
INS-391,Schenectady Logistics Hub,Schenectady Equipment Rental,OK,4,96.5,3,12,39923,61,Net New,No confirmed Electrada match,Inspiration only,,2026-06-25
INS-395,Albany Distribution Hub,Albany Freight Lines,TN,26,95.2,3,78,64369,26,Net New,No confirmed Electrada match,Inspiration only,,2026-06-25
INS-403,Bridgeport Yard,Bridgeport Beverage Co.,VT,21,96.5,6,63,15877,23,Net New,No confirmed Electrada match,Inspiration only,,2026-06-25
INS-405,Manchester NH Charging Hub,Manchester NH Beverage Co.,MN,27,90.4,5,108,35142,81,Net New,No confirmed Electrada match,Inspiration only,,2026-06-25
INS-410,Hartford Depot,Hartford Courier Services,CA,5,99.2,1,15,61311,48,Net New,No confirmed Electrada match,Inspiration only,,2026-06-25
,Ashburn Service Center,Ashburn Equipment Rental,NH,23,98,2,46,55515,87,Net New,No confirmed Inspiration match,Electrada only,ELC-2564,2026-06-25
,Lexington VA Distribution Hub,Lexington VA Airport Authority,NM,8,92.7,1,24,36030,88,Net New,No confirmed Inspiration match,Electrada only,ELC-2569,2026-06-25
,Warrenton Charging Hub,Warrenton Telecom Services,MT,29,95.5,6,58,10974,25,Net New,No confirmed Inspiration match,Electrada only,ELC-2580,2026-06-25
,Petersburg VA Service Center,Petersburg VA Auto Parts Distribution,AR,11,99.6,5,22,51376,32,Net New,No confirmed Inspiration match,Electrada only,ELC-2589,2026-06-25
,Cumberland MD Distribution Hub,Cumberland MD Parcel Delivery,OH,22,93,2,66,51772,83,Net New,No confirmed Inspiration match,Electrada only,ELC-2592,2026-06-25
,Martinsville Depot,Martinsville Freight Lines,VA,15,93.8,3,30,54343,29,Net New,No confirmed Inspiration match,Electrada only,ELC-2601,2026-06-25
,Chesapeake Yard,Chesapeake Freight Lines,MI,4,91.9,3,8,29106,39,Net New,No confirmed Inspiration match,Electrada only,ELC-2603,2026-06-25
,Gaithersburg Depot,Gaithersburg Courier Services,RI,14,95.9,2,28,49937,30,Net New,No confirmed Inspiration match,Electrada only,ELC-2616,2026-06-25
,Staunton Service Center,Staunton Waste & Recycling,AR,7,93.5,3,21,47810,84,Net New,No confirmed Inspiration match,Electrada only,ELC-2627,2026-06-25
,Salisbury MD Yard,Salisbury MD Utility Cooperative,VA,13,97.7,4,26,59151,61,Net New,No confirmed Inspiration match,Electrada only,ELC-2631,2026-06-25
,Franklin VA Depot,Franklin VA Food Service Distribution,GA,8,90.4,1,24,10723,45,Net New,No confirmed Inspiration match,Electrada only,ELC-2643,2026-06-25
,Waynesboro Service Center,Waynesboro Parcel Delivery,AR,20,97.6,5,40,66862,82,Net New,No confirmed Inspiration match,Electrada only,ELC-2655,2026-06-25
,Emporia Fleet Center,Emporia Leasing Corporation,NV,17,93.3,5,68,57423,51,Net New,No confirmed Inspiration match,Electrada only,ELC-2666,2026-06-25
,South Boston Depot,South Boston Courier Services,GA,18,98.5,4,72,16476,66,Net New,No confirmed Inspiration match,Electrada only,ELC-2672,2026-06-25
,Rockville Yard,Rockville Airport Authority,IN,19,99.2,1,38,28335,32,Net New,No confirmed Inspiration match,Electrada only,ELC-2673,2026-06-25
,Silver Spring Distribution Hub,Silver Spring School District,NH,19,96.4,4,38,68829,74,Net New,No confirmed Inspiration match,Electrada only,ELC-2684,2026-06-25
,Charlottesville Fleet Center,Charlottesville Telecom Services,WA,4,95.1,2,8,34724,40,Net New,No confirmed Inspiration match,Electrada only,ELC-2695,2026-06-25
,Woodbridge Logistics Center,Woodbridge Freight Lines,NM,30,95.1,6,120,79015,66,Net New,No confirmed Inspiration match,Electrada only,ELC-2706,2026-06-25
,Hopewell Depot,Hopewell Beverage Co.,MO,27,95.2,2,108,24457,79,Net New,No confirmed Inspiration match,Electrada only,ELC-2716,2026-06-25
,Radford Depot,Radford Utility Cooperative,NY,22,97.1,4,66,66792,37,Net New,No confirmed Inspiration match,Electrada only,ELC-2725,2026-06-25
,Blacksburg Depot,Blacksburg Airport Authority,ND,14,94.7,3,28,66802,33,Net New,No confirmed Inspiration match,Electrada only,ELC-2738,2026-06-25
INS-418,Portsmouth VA Logistics Center,Portsmouth VA Courier Services,OR,9,96,5,27,23153,26,Net New,No confirmed Electrada match,Inspiration only,,2026-06-25
INS-426,Harrisonburg Logistics Hub,Harrisonburg Food Service Distribution,SD,21,99.7,0,63,60149,68,Net New,No confirmed Electrada match,Inspiration only,,2026-06-25
INS-436,Abingdon Logistics Center,Abingdon Beverage Co.,LA,26,96.6,4,78,68746,82,Net New,No confirmed Electrada match,Inspiration only,,2026-06-25
INS-443,Bethesda Service Center,Bethesda Food Service Distribution,NE,6,96.9,0,24,42531,78,Net New,No confirmed Electrada match,Inspiration only,,2026-06-25
INS-449,Farmville Fleet Center,Farmville Telecom Services,ME,28,99.7,1,56,31653,65,Net New,No confirmed Electrada match,Inspiration only,,2026-06-25
INS-457,Leesburg Service Center,Leesburg Utility Cooperative,FL,7,99.5,6,21,64210,58,Net New,No confirmed Electrada match,Inspiration only,,2026-06-25
INS-466,Colonial Heights Charging Hub,Colonial Heights Auto Parts Distribution,CT,19,97.7,3,76,27114,86,Net New,No confirmed Electrada match,Inspiration only,,2026-06-25
INS-474,Frederick MD Fleet Center,Frederick MD Utility Cooperative,ND,9,91,1,18,79710,47,Net New,No confirmed Electrada match,Inspiration only,,2026-06-25
INS-483,Winchester VA Depot,Winchester VA Beverage Co.,TX,20,97.3,1,40,31976,55,Net New,No confirmed Electrada match,Inspiration only,,2026-06-25
INS-492,Christiansburg Yard,Christiansburg Freight Lines,LA,17,94.3,1,51,79053,83,Auto-Merged,"Region match is true, name similarity is 0.9, and uptime delta is below 3%. | Source values - Inspiration uptime: 94.3%, Electrada uptime: 93.2%, Inspiration chargers: 17, Electrada chargers: 17",Both,ELC-2742,2026-06-25
INS-496,Danville VA Service Center,Danville VA Parcel Delivery,IA,15,91.2,5,60,18703,28,Conflict - Needs Resolution,"Region match is true and name similarity is 0.66, but uptime delta exceeds 3%. | Source values - Inspiration uptime: 91.2%, Electrada uptime: 86.8%, Inspiration chargers: 15, Electrada chargers: 15",Both,ELC-2752,2026-06-25
INS-498,Hagerstown Charging Hub,Hagerstown Beverage Co.,AL,18,96.4,0,54,72928,72,Conflict - Needs Resolution,"Region match is true and name similarity is 0.85, but uptime delta exceeds 3%. | Source values - Inspiration uptime: 96.4%, Electrada uptime: 89.5%, Inspiration chargers: 18, Electrada chargers: 18",Both,ELC-2759,2026-06-25
INS-506,Newark DE Logistics Center,Newark DE Leasing Corporation,IL,14,99.1,1,42,25429,42,Auto-Merged,"Region match is true, name similarity is 0.84, and uptime delta is below 3%. | Source values - Inspiration uptime: 99.0%, Electrada uptime: 97.5%, Inspiration chargers: 14, Electrada chargers: 14",Both,ELC-2770,2026-06-25
,Kannapolis Distribution Hub,Kannapolis Food Service Distribution,WA,8,91.4,4,32,65560,85,Net New,No confirmed Inspiration match,Electrada only,ELC-2784,2026-06-25
,Chapel Hill Fleet Center,Chapel Hill Equipment Rental,SD,22,96.6,0,88,67268,81,Net New,No confirmed Inspiration match,Electrada only,ELC-2790,2026-06-25
,Burnsville Yard,Burnsville Auto Parts Distribution,CO,10,98.1,2,40,53965,48,Net New,No confirmed Inspiration match,Electrada only,ELC-2792,2026-06-25
,Eden NC Logistics Hub,Eden NC Freight Lines,ME,14,98,3,42,50371,81,Net New,No confirmed Inspiration match,Electrada only,ELC-2801,2026-06-25
,Mount Airy Service Center,Mount Airy School District,IL,29,92.9,2,58,26230,27,Net New,No confirmed Inspiration match,Electrada only,ELC-2808,2026-06-25
,Albemarle Logistics Hub,Albemarle Telecom Services,AZ,19,92.5,5,57,55491,65,Net New,No confirmed Inspiration match,Electrada only,ELC-2810,2026-06-25
,West Jefferson Fleet Center,West Jefferson Telecom Services,AL,4,95.2,1,16,42268,23,Net New,No confirmed Inspiration match,Electrada only,ELC-2816,2026-06-25
,Salisbury NC Logistics Hub,Salisbury NC Beverage Co.,WI,23,99.2,3,46,40324,69,Net New,No confirmed Inspiration match,Electrada only,ELC-2827,2026-06-25
,Morganton Depot,Morganton Parcel Delivery,ND,15,97.5,0,60,73086,61,Net New,No confirmed Inspiration match,Electrada only,ELC-2839,2026-06-25
,Reidsville Logistics Center,Reidsville Leasing Corporation,SD,11,95,2,22,73542,65,Net New,No confirmed Inspiration match,Electrada only,ELC-2854,2026-06-25
,Elkin Yard,Elkin Utility Cooperative,SC,30,95.6,5,60,79429,53,Net New,No confirmed Inspiration match,Electrada only,ELC-2864,2026-06-25
,Monroe NC Charging Hub,Monroe NC Parcel Delivery,DE,4,96.8,6,12,21467,44,Net New,No confirmed Inspiration match,Electrada only,ELC-2878,2026-06-25
,Sylva Yard,Sylva Equipment Rental,OH,5,91.1,5,10,78395,42,Net New,No confirmed Inspiration match,Electrada only,ELC-2886,2026-06-25
,Rocky Mount Logistics Hub,Rocky Mount Logistics,AL,12,99.5,0,24,38467,53,Net New,No confirmed Inspiration match,Electrada only,ELC-2894,2026-06-25
,Gastonia Distribution Hub,Gastonia Courier Services,AR,12,96.3,6,48,44863,90,Net New,No confirmed Inspiration match,Electrada only,ELC-2899,2026-06-25
,Rutherfordton Fleet Center,Rutherfordton School District,NE,25,94.7,3,75,60246,42,Net New,No confirmed Inspiration match,Electrada only,ELC-2905,2026-06-25
,Lenoir Distribution Hub,Lenoir Parcel Delivery,MI,24,99.7,5,96,77532,60,Net New,No confirmed Inspiration match,Electrada only,ELC-2920,2026-06-25
,Graham NC Service Center,Graham NC Waste & Recycling,WI,7,98.7,4,14,68066,42,Net New,No confirmed Inspiration match,Electrada only,ELC-2921,2026-06-25
INS-516,Oxford NC Distribution Hub,Oxford NC Utility Cooperative,ME,19,95.4,2,76,56793,59,Net New,No confirmed Electrada match,Inspiration only,,2026-06-25
INS-519,Hickory Fleet Center,Hickory Parcel Delivery,ID,25,94.2,1,50,28657,63,Net New,No confirmed Electrada match,Inspiration only,,2026-06-25
INS-524,Tarboro Yard,Tarboro School District,GA,5,92.7,1,20,47572,72,Net New,No confirmed Electrada match,Inspiration only,,2026-06-25
INS-527,Wilson Depot,Wilson Freight Lines,VA,28,96,4,112,45946,61,Net New,No confirmed Electrada match,Inspiration only,,2026-06-25
INS-530,Jacksonville NC Logistics Center,Jacksonville NC School District,MD,21,96.2,1,42,34429,31,Net New,No confirmed Electrada match,Inspiration only,,2026-06-25
INS-540,Pittsboro Distribution Hub,Pittsboro Waste & Recycling,KY,6,99.3,1,12,49542,21,Net New,No confirmed Electrada match,Inspiration only,,2026-06-25
INS-546,Wilmington NC Fleet Center,Wilmington NC Beverage Co.,IL,9,99.7,4,18,21979,61,Net New,No confirmed Electrada match,Inspiration only,,2026-06-25
INS-556,Bakersville Service Center,Bakersville Waste & Recycling,MN,28,94.5,2,84,22967,68,Net New,No confirmed Electrada match,Inspiration only,,2026-06-25
INS-566,Spruce Pine Yard,Spruce Pine Telecom Services,MT,18,95.4,3,54,78370,69,Net New,No confirmed Electrada match,Inspiration only,,2026-06-25
INS-567,Rockingham Logistics Center,Rockingham Food Service Distribution,TX,25,99.7,3,75,58743,20,Net New,No confirmed Electrada match,Inspiration only,,2026-06-25
INS-577,Wilkesboro Fleet Center,Wilkesboro Food Service Distribution,KS,16,93.3,0,64,19900,71,Auto-Merged,"Region match is true, name similarity is 0.83, and uptime delta is below 3%. | Source values - Inspiration uptime: 93.3%, Electrada uptime: 90.8%, Inspiration chargers: 16, Electrada chargers: 16",Both,ELC-2929,2026-06-25
INS-579,Henderson NC Yard,Henderson NC Freight Lines,DE,30,97,5,120,54954,63,Conflict - Needs Resolution,"Region match is true and name similarity is 0.81, but uptime delta exceeds 3%. | Source values - Inspiration uptime: 97.0%, Electrada uptime: 90.0%, Inspiration chargers: 30, Electrada chargers: 30",Both,ELC-2944,2026-06-25
INS-586,Whiteville Logistics Hub,Whiteville School District,GA,13,89.7,3,26,48039,82,Auto-Merged,"Region match is true, name similarity is 0.88, and uptime delta is below 3%. | Source values - Inspiration uptime: 89.7%, Electrada uptime: 87.4%, Inspiration chargers: 13, Electrada chargers: 13",Both,ELC-2955,2026-06-25
INS-587,Marion NC Distribution Hub,Marion NC Airport Authority,KY,10,90.5,1,40,37856,62,Auto-Merged,"Region match is true, name similarity is 0.75, and uptime delta is below 3%. | Source values - Inspiration uptime: 90.5%, Electrada uptime: 88.5%, Inspiration chargers: 10, Electrada chargers: 10",Both,ELC-2960,2026-06-25
INS-592,Boone NC Yard,Boone NC Equipment Rental,MS,13,93.9,0,26,22874,35,Conflict - Needs Resolution,"Region match is true and name similarity is 0.72, but uptime delta exceeds 3%. | Source values - Inspiration uptime: 93.9%, Electrada uptime: 88.7%, Inspiration chargers: 13, Electrada chargers: 13",Both,ELC-2975,2026-06-25
INS-596,Sparta NC Charging Hub,Sparta NC Parcel Delivery,IN,8,95.6,6,16,51252,76,Auto-Merged,"Region match is true, name similarity is 0.79, and uptime delta is below 3%. | Source values - Inspiration uptime: 95.6%, Electrada uptime: 93.9%, Inspiration chargers: 8, Electrada chargers: 8",Both,ELC-2988,2026-06-25
INS-601,Statesville Logistics Center,Statesville Telecom Services,TX,19,94,4,38,36034,62,Conflict - Needs Resolution,"Region match is true and name similarity is 0.65, but uptime delta exceeds 3%. | Source values - Inspiration uptime: 94.0%, Electrada uptime: 87.1%, Inspiration chargers: 19, Electrada chargers: 19",Both,ELC-2999,2026-06-25
INS-603,Laurinburg Fleet Center,Laurinburg Equipment Rental,ID,13,91.1,0,52,15301,40,Conflict - Needs Resolution,"Region match is true and name similarity is 0.68, but uptime delta exceeds 3%. | Source values - Inspiration uptime: 91.1%, Electrada uptime: 85.5%, Inspiration chargers: 13, Electrada chargers: 13",Both,ELC-3009,2026-06-25
INS-605,Asheville Fleet Center,Asheville Food Service Distribution,MO,23,88.2,2,92,39410,64,Auto-Merged,"Region match is true, name similarity is 0.86, and uptime delta is below 3%. | Source values - Inspiration uptime: 88.2%, Electrada uptime: 85.9%, Inspiration chargers: 23, Electrada chargers: 23",Both,ELC-3019,2026-06-25
INS-607,Concord NC Logistics Hub,Concord NC Airport Authority,CA,28,92.8,5,84,23350,31,Auto-Merged,"Region match is true, name similarity is 0.88, and uptime delta is below 3%. | Source values - Inspiration uptime: 92.5%, Electrada uptime: 90.9%, Inspiration chargers: 28, Electrada chargers: 28",Both,ELC-3029,2026-06-25
,Latta Depot,Latta Waste & Recycling,TN,10,90.6,5,30,63257,70,Net New,No confirmed Inspiration match,Electrada only,ELC-3035,2026-06-25
,Lancaster SC Yard,Lancaster SC Freight Lines,IL,12,93.3,2,36,42839,84,Net New,No confirmed Inspiration match,Electrada only,ELC-3036,2026-06-25
,Cheraw Fleet Center,Cheraw Food Service Distribution,ND,14,96.1,0,28,30277,90,Net New,No confirmed Inspiration match,Electrada only,ELC-3044,2026-06-25
,Florence SC Charging Hub,Florence SC Parcel Delivery,TX,17,91.6,3,51,39723,61,Net New,No confirmed Inspiration match,Electrada only,ELC-3053,2026-06-25
,Spartanburg Fleet Center,Spartanburg Equipment Rental,PA,25,98.5,1,50,29916,55,Net New,No confirmed Inspiration match,Electrada only,ELC-3061,2026-06-25
,Clemson Charging Hub,Clemson School District,IA,22,93.8,3,66,41288,72,Net New,No confirmed Inspiration match,Electrada only,ELC-3063,2026-06-25
,Lake City Logistics Hub,Lake City Waste & Recycling,TN,6,91.4,5,12,48683,81,Net New,No confirmed Inspiration match,Electrada only,ELC-3073,2026-06-25
,Beaufort Charging Hub,Beaufort Courier Services,IL,15,94.4,4,60,25025,79,Net New,No confirmed Inspiration match,Electrada only,ELC-3086,2026-06-25
,Ridgeland SC Distribution Hub,Ridgeland SC Leasing Corporation,FL,12,97.4,1,36,21148,53,Net New,No confirmed Inspiration match,Electrada only,ELC-3100,2026-06-25
,Hartsville Distribution Hub,Hartsville Waste & Recycling,AR,14,93.1,2,42,74829,29,Net New,No confirmed Inspiration match,Electrada only,ELC-3108,2026-06-25
,Walhalla Logistics Hub,Walhalla Airport Authority,NH,27,90.6,3,54,66547,90,Net New,No confirmed Inspiration match,Electrada only,ELC-3118,2026-06-25
,Pickens Depot,Pickens Parcel Delivery,RI,17,97.8,4,51,56604,54,Net New,No confirmed Inspiration match,Electrada only,ELC-3121,2026-06-25
,Georgetown SC Logistics Hub,Georgetown SC Food Service Distribution,MN,22,94.5,4,44,73515,23,Net New,No confirmed Inspiration match,Electrada only,ELC-3127,2026-06-25
,Hilton Head Logistics Hub,Hilton Head Waste & Recycling,SD,21,94.7,3,42,77241,34,Net New,No confirmed Inspiration match,Electrada only,ELC-3131,2026-06-25
,Camden SC Logistics Center,Camden SC Auto Parts Distribution,NY,19,97.3,2,38,12066,78,Net New,No confirmed Inspiration match,Electrada only,ELC-3142,2026-06-25
,Orangeburg Logistics Center,Orangeburg School District,NV,12,92.9,2,24,15489,69,Net New,No confirmed Inspiration match,Electrada only,ELC-3151,2026-06-25
,Darlington Yard,Darlington Parcel Delivery,FL,11,99.7,1,33,31114,51,Net New,No confirmed Inspiration match,Electrada only,ELC-3160,2026-06-25
,Bennettsville Service Center,Bennettsville Distribution,WY,19,98.5,4,38,23058,21,Net New,No confirmed Inspiration match,Electrada only,ELC-3172,2026-06-25
,Bluffton Logistics Hub,Bluffton School District,CA,22,92.1,2,88,20615,65,Net New,No confirmed Inspiration match,Electrada only,ELC-3178,2026-06-25
,Aiken Charging Hub,Aiken Courier Services,CT,23,96,5,69,11978,21,Net New,No confirmed Inspiration match,Electrada only,ELC-3193,2026-06-25
,Kershaw Service Center,Kershaw Logistics,NE,15,95,1,60,23835,84,Net New,No confirmed Inspiration match,Electrada only,ELC-3208,2026-06-25
INS-611,Anderson SC Logistics Hub,Anderson SC Telecom Services,NY,12,91.6,1,36,63814,68,Net New,No confirmed Electrada match,Inspiration only,,2026-06-25
INS-613,Manning Service Center,Manning Courier Services,ID,19,94.6,2,57,39915,55,Net New,No confirmed Electrada match,Inspiration only,,2026-06-25
INS-617,Marion SC Fleet Center,Marion SC Freight Lines,OH,8,96.4,3,16,71112,35,Net New,No confirmed Electrada match,Inspiration only,,2026-06-25
INS-620,Newberry SC Service Center,Newberry SC Logistics,MT,8,90.7,0,16,39841,62,Net New,No confirmed Electrada match,Inspiration only,,2026-06-25
INS-628,Clinton SC Distribution Hub,Clinton SC Distribution,TN,21,98.8,4,42,47174,36,Net New,No confirmed Electrada match,Inspiration only,,2026-06-25
INS-634,Seneca Yard,Seneca Telecom Services,MS,7,97.4,6,28,75357,44,Net New,No confirmed Electrada match,Inspiration only,,2026-06-25
INS-635,Union SC Yard,Union SC Beverage Co.,MD,28,95.8,5,56,40878,71,Net New,No confirmed Electrada match,Inspiration only,,2026-06-25
INS-640,Barnwell Distribution Hub,Barnwell Telecom Services,SC,29,90.5,2,58,58327,22,Net New,No confirmed Electrada match,Inspiration only,,2026-06-25
INS-650,Kingstree Yard,Kingstree Telecom Services,CA,23,98.5,3,92,37719,59,Net New,No confirmed Electrada match,Inspiration only,,2026-06-25
INS-660,Walterboro Fleet Center,Walterboro Courier Services,AZ,26,91.2,4,78,79364,37,Conflict - Needs Resolution,"Region match is true and name similarity is 0.69, but uptime delta exceeds 3%. | Source values - Inspiration uptime: 91.2%, Electrada uptime: 87.5%, Inspiration chargers: 26, Electrada chargers: 26",Both,ELC-3220,2026-06-25
INS-670,York SC Yard,York SC Auto Parts Distribution,AR,30,91.2,3,120,61521,76,Conflict - Needs Resolution,"Region match is true and name similarity is 0.75, but uptime delta exceeds 3%. | Source values - Inspiration uptime: 91.2%, Electrada uptime: 84.0%, Inspiration chargers: 30, Electrada chargers: 30",Both,ELC-3221,2026-06-25
INS-680,Myrtle Beach Fleet Center,Myrtle Beach Equipment Rental,OR,10,89.8,4,40,13466,50,Conflict - Needs Resolution,"Region match is true and name similarity is 0.81, but uptime delta exceeds 3%. | Source values - Inspiration uptime: 89.8%, Electrada uptime: 84.4%, Inspiration chargers: 10, Electrada chargers: 10",Both,ELC-3222,2026-06-25
INS-689,Sumter Logistics Hub,Sumter Telecom Services,GA,24,98.9,0,96,79401,89,Auto-Merged,"Region match is true, name similarity is 0.87, and uptime delta is below 3%. | Source values - Inspiration uptime: 98.9%, Electrada uptime: 96.4%, Inspiration chargers: 24, Electrada chargers: 24",Both,ELC-3236,2026-06-25
INS-015,Tampa Yard,Tampa Food Service Distribution,AR,26,93.36,0,104,36995,83,Net New,No confirmed Electrada match,Inspiration only,,2026-06-26
INS-018,Cleveland Distribution Hub,Cleveland Logistics,SC,18,99.54,1,54,49291,51,Net New,No confirmed Electrada match,Inspiration only,,2026-06-26
,Omaha Fleet Center,Omaha Logistics,MS,13,97.04,3,52,68829,56,Net New,No confirmed Inspiration match,Electrada only,ELC-1170,2026-06-26
,Columbia Fleet Center,Columbia Food Service Distribution,VA,17,96.54,2,34,74089,73,Net New,No confirmed Inspiration match,Electrada only,ELC-1172,2026-06-26
,Spokane Charging Hub,Spokane Courier Services,AR,22,98.84,4,66,54580,64,Net New,No confirmed Inspiration match,Electrada only,ELC-1192,2026-06-26
,Macon Service Center,Macon Telecom Services,ID,18,93.14,2,54,72141,28,Net New,No confirmed Inspiration match,Electrada only,ELC-1194,2026-06-26
,Charlotte Charging Hub,Charlotte Auto Parts Distribution,MS,25,99.64,1,100,60566,64,Net New,No confirmed Inspiration match,Electrada only,ELC-1195,2026-06-26
,Eugene Yard,Eugene Utility Cooperative,AZ,23,92.84,0,46,47674,36,Net New,No confirmed Inspiration match,Electrada only,ELC-1203,2026-06-26
,Augusta Service Center,Augusta School District,UT,19,96.54,2,57,46416,37,Net New,No confirmed Inspiration match,Electrada only,ELC-1217,2026-06-26
,Phoenix Logistics Hub,Phoenix Parcel Delivery,KY,15,98.94,4,30,29781,30,Net New,No confirmed Inspiration match,Electrada only,ELC-1223,2026-06-26
,Chattanooga Depot,Chattanooga Distribution,NE,11,94.44,6,44,33900,53,Net New,No confirmed Inspiration match,Electrada only,ELC-1233,2026-06-26
,Memphis Depot,Memphis Equipment Rental,KY,21,97.94,3,63,26448,85,Net New,No confirmed Inspiration match,Electrada only,ELC-1253,2026-06-26
,Denver Yard,Denver Logistics,NV,28,99.34,4,112,61429,70,Net New,No confirmed Inspiration match,Electrada only,ELC-1266,2026-06-26
,Portland Fleet Center,Portland Auto Parts Distribution,FL,24,99.64,1,48,37363,76,Net New,No confirmed Inspiration match,Electrada only,ELC-1272,2026-06-26
,Knoxville Depot,Knoxville Logistics,PA,5,96.54,5,10,23299,66,Net New,No confirmed Inspiration match,Electrada only,ELC-1292,2026-06-26
,Huntsville Logistics Center,Huntsville Equipment Rental,CA,10,94.84,1,40,43063,64,Net New,No confirmed Inspiration match,Electrada only,ELC-1312,2026-06-26
,Fresno Logistics Hub,Fresno Logistics,MD,7,99.04,4,21,73417,59,Net New,No confirmed Inspiration match,Electrada only,ELC-1315,2026-06-26
,Richmond Distribution Hub,Richmond Beverage Co.,KS,14,99.34,3,56,31160,86,Net New,No confirmed Inspiration match,Electrada only,ELC-1316,2026-06-26
,Greenville Logistics Center,Greenville Leasing Corporation,MA,8,98.94,0,32,49071,31,Net New,No confirmed Inspiration match,Electrada only,ELC-1325,2026-06-26
,Birmingham Distribution Hub,Birmingham Food Service Distribution,AZ,15,98.74,4,60,75889,62,Net New,No confirmed Inspiration match,Electrada only,ELC-1333,2026-06-26
,Boston Logistics Center,Boston School District,CO,30,98.74,5,60,36203,86,Net New,No confirmed Inspiration match,Electrada only,ELC-1349,2026-06-26
,Orlando Logistics Center,Orlando Auto Parts Distribution,NC,4,99.34,4,12,35381,64,Net New,No confirmed Inspiration match,Electrada only,ELC-1364,2026-06-26
,Pittsburgh Depot,Pittsburgh Equipment Rental,LA,11,95.54,5,22,54267,46,Net New,No confirmed Inspiration match,Electrada only,ELC-1380,2026-06-26
,Dallas Charging Hub,Dallas Leasing Corporation,UT,24,97.44,6,48,25716,69,Net New,No confirmed Inspiration match,Electrada only,ELC-1387,2026-06-26
,Tulsa Fleet Center,Tulsa School District,AZ,17,99.44,0,34,61883,79,Net New,No confirmed Inspiration match,Electrada only,ELC-1400,2026-06-26
,Wichita Charging Hub,Wichita Telecom Services,AZ,9,99.14,1,18,70994,38,Net New,No confirmed Inspiration match,Electrada only,ELC-1420,2026-06-26
,Tallahassee Logistics Hub,Tallahassee Utility Cooperative,UT,15,97.84,4,30,12804,21,Net New,No confirmed Inspiration match,Electrada only,ELC-1424,2026-06-26
,Nashville Distribution Hub,Nashville Food Service Distribution,CA,10,99.34,1,20,43008,47,Net New,No confirmed Inspiration match,Electrada only,ELC-1434,2026-06-26
,Albuquerque Yard,Albuquerque Airport Authority,MS,14,97.84,2,28,17982,65,Net New,No confirmed Inspiration match,Electrada only,ELC-1449,2026-06-26
,Atlanta Logistics Hub,Atlanta Courier Services,UT,20,97.84,1,80,76918,22,Net New,No confirmed Inspiration match,Electrada only,ELC-1464,2026-06-26
,Bakersfield Depot,Bakersfield Auto Parts Distribution,NC,28,99.64,2,56,72061,35,Net New,No confirmed Inspiration match,Electrada only,ELC-1482,2026-06-26
INS-022,Jackson Depot,Jackson Food Service Distribution,NE,20,93.4,6,40,17447,51,Auto-Merged,"Region match is true, name similarity is 0.88, and uptime delta is below 3%. | Source values - Inspiration uptime: 93.5%, Electrada uptime: 92.8%, Inspiration chargers: 20, Electrada chargers: 20",Both,ELC-1491,2026-06-26
INS-032,Mobile Distribution Hub,Mobile School District,MD,20,94.1,0,60,52678,84,Auto-Merged,"Region match is true, name similarity is 0.81, and uptime delta is below 3%. | Source values - Inspiration uptime: 95.4%, Electrada uptime: 92.6%, Inspiration chargers: 20, Electrada chargers: 20",Both,ELC-1508,2026-06-26
,Midland Charging Hub,Midland Telecom Services,MA,9,98.54,1,18,13054,41,Net New,No confirmed Inspiration match,Electrada only,ELC-1519,2026-06-26
,Duluth Yard,Duluth Auto Parts Distribution,WA,24,93.14,3,48,50607,20,Net New,No confirmed Inspiration match,Electrada only,ELC-1526,2026-06-26
,Little Rock Service Center,Little Rock Beverage Co.,MO,29,96.34,1,116,37713,76,Net New,No confirmed Inspiration match,Electrada only,ELC-1530,2026-06-26
,Toledo Logistics Hub,Toledo Courier Services,ID,15,99.64,5,45,17316,36,Net New,No confirmed Inspiration match,Electrada only,ELC-1533,2026-06-26
,Bozeman Logistics Hub,Bozeman Leasing Corporation,WA,8,93.14,2,16,33284,72,Net New,No confirmed Inspiration match,Electrada only,ELC-1535,2026-06-26
,Sioux Falls Logistics Center,Sioux Falls Distribution,KY,28,99.34,4,56,43763,35,Net New,No confirmed Inspiration match,Electrada only,ELC-1541,2026-06-26
,South Bend Yard,South Bend Utility Cooperative,WI,22,97.34,6,44,54228,47,Net New,No confirmed Inspiration match,Electrada only,ELC-1542,2026-06-26
,Fayetteville Depot,Fayetteville Leasing Corporation,NE,16,97.54,4,48,22145,43,Net New,No confirmed Inspiration match,Electrada only,ELC-1549,2026-06-26
,Boise Service Center,Boise Logistics,KS,28,99.64,2,56,50818,48,Net New,No confirmed Inspiration match,Electrada only,ELC-1556,2026-06-26
,Akron Service Center,Akron Equipment Rental,IN,26,95.34,3,104,42731,69,Net New,No confirmed Inspiration match,Electrada only,ELC-1569,2026-06-26
,Columbia Charging Hub,Columbia Beverage Co.,AZ,12,99.14,0,48,48408,61,Net New,No confirmed Inspiration match,Electrada only,ELC-1576,2026-06-26
,Scranton Yard,Scranton Telecom Services,MO,17,99.44,3,51,30895,56,Net New,No confirmed Inspiration match,Electrada only,ELC-1581,2026-06-26
,Lafayette Distribution Hub,Lafayette Leasing Corporation,NV,10,94.54,2,20,56568,57,Net New,No confirmed Inspiration match,Electrada only,ELC-1587,2026-06-26
,Augusta Logistics Center,Augusta Telecom Services,SC,25,98.94,3,100,40308,72,Net New,No confirmed Inspiration match,Electrada only,ELC-1592,2026-06-26
,Champaign Logistics Hub,Champaign Beverage Co.,ID,21,89.94,0,42,78432,59,Net New,No confirmed Inspiration match,Electrada only,ELC-1601,2026-06-26
,Lubbock Service Center,Lubbock Parcel Delivery,NV,27,99.54,6,108,64635,79,Net New,No confirmed Inspiration match,Electrada only,ELC-1606,2026-06-26
,Erie Yard,Erie Waste & Recycling,TX,13,99.64,1,52,14189,27,Net New,No confirmed Inspiration match,Electrada only,ELC-1619,2026-06-26
,Corpus Christi Fleet Center,Corpus Christi Airport Authority,KS,26,99.34,0,104,48688,44,Net New,No confirmed Inspiration match,Electrada only,ELC-1630,2026-06-26
,Fargo Charging Hub,Fargo Airport Authority,ID,12,95.54,4,36,26838,36,Net New,No confirmed Inspiration match,Electrada only,ELC-1633,2026-06-26
,Greensboro Charging Hub,Greensboro Courier Services,NM,9,97.74,1,27,37212,55,Net New,No confirmed Inspiration match,Electrada only,ELC-1645,2026-06-26
,Peoria Fleet Center,Peoria Beverage Co.,NM,19,95.94,4,76,72436,41,Net New,No confirmed Inspiration match,Electrada only,ELC-1660,2026-06-26
,Provo Logistics Center,Provo Telecom Services,FL,4,99.64,0,12,74765,29,Net New,No confirmed Inspiration match,Electrada only,ELC-1669,2026-06-26
INS-041,Pocatello Service Center,Pocatello Distribution,NC,12,99.64,5,24,51823,72,Net New,No confirmed Electrada match,Inspiration only,,2026-06-26
INS-042,Allentown Distribution Hub,Allentown Beverage Co.,MO,16,98.14,2,32,54877,85,Net New,No confirmed Electrada match,Inspiration only,,2026-06-26
INS-050,Rockford Fleet Center,Rockford Equipment Rental,MS,5,94.04,6,15,40094,44,Net New,No confirmed Electrada match,Inspiration only,,2026-06-26
INS-056,Wichita Falls Fleet Center,Wichita Falls School District,SC,6,95.04,5,12,32759,65,Net New,No confirmed Electrada match,Inspiration only,,2026-06-26
INS-059,San Antonio Yard,San Antonio Distribution,CO,8,99.54,4,16,14336,85,Net New,No confirmed Electrada match,Inspiration only,,2026-06-26
INS-063,Madison West Depot,Madison West Leasing Corporation,OK,23,99.64,6,92,31116,63,Net New,No confirmed Electrada match,Inspiration only,,2026-06-26
INS-068,Rochester MN Depot,Rochester MN Parcel Delivery,NE,27,92,0,54,75084,86,Auto-Merged,"Region match is true, name similarity is 0.92, and uptime delta is below 3%. | Source values - Inspiration uptime: 92.9%, Electrada uptime: 92.2%, Inspiration chargers: 27, Electrada chargers: 27",Both,ELC-1672,2026-06-26
INS-072,Athens Logistics Hub,Athens Food Service Distribution,NM,18,96.9,5,72,20509,40,Auto-Merged,"Region match is true, name similarity is 0.81, and uptime delta is below 3%. | Source values - Inspiration uptime: 97.1%, Electrada uptime: 95.5%, Inspiration chargers: 18, Electrada chargers: 18",Both,ELC-1682,2026-06-26
INS-073,Reno Depot,Reno Leasing Corporation,NV,16,89.9,0,48,30817,36,Auto-Merged,"Region match is true, name similarity is 0.87, and uptime delta is below 3%. | Source values - Inspiration uptime: 90.6%, Electrada uptime: 89.2%, Inspiration chargers: 16, Electrada chargers: 16",Both,ELC-1692,2026-06-26
INS-075,Macon Logistics Hub,Macon Courier Services,MS,17,94.1,6,34,15281,65,Auto-Merged,"Region match is true, name similarity is 0.81, and uptime delta is below 3%. | Source values - Inspiration uptime: 94.5%, Electrada uptime: 94.2%, Inspiration chargers: 17, Electrada chargers: 17",Both,ELC-1700,2026-06-26
INS-076,Springfield IL Logistics Hub,Springfield IL School District,IN,30,96.9,2,120,39705,90,Auto-Merged,"Region match is true, name similarity is 0.78, and uptime delta is below 3%. | Source values - Inspiration uptime: 97.8%, Electrada uptime: 95.8%, Inspiration chargers: 30, Electrada chargers: 30",Both,ELC-1707,2026-06-26
INS-083,Fort Smith Yard,Fort Smith Freight Lines,TX,20,97.5,5,40,32826,87,Auto-Merged,"Region match is true, name similarity is 0.85, and uptime delta is below 3%. | Source values - Inspiration uptime: 97.1%, Electrada uptime: 94.4%, Inspiration chargers: 20, Electrada chargers: 20",Both,ELC-1714,2026-06-26
INS-093,Newark Logistics Hub,Newark Leasing Corporation,KY,17,93.2,0,68,13763,45,Auto-Merged,"Region match is true, name similarity is 0.9, and uptime delta is below 3%. | Source values - Inspiration uptime: 92.9%, Electrada uptime: 92.1%, Inspiration chargers: 17, Electrada chargers: 17",Both,ELC-1716,2026-06-26
,Bismarck Logistics Hub,Bismarck Equipment Rental,OK,19,92.24,1,57,28407,35,Net New,No confirmed Inspiration match,Electrada only,ELC-1731,2026-06-26
,Texarkana Fleet Center,Texarkana School District,AZ,16,90.84,0,48,40937,41,Net New,No confirmed Inspiration match,Electrada only,ELC-1746,2026-06-26
,Salem OR Depot,Salem OR Waste & Recycling,CA,8,92.04,0,24,35138,23,Net New,No confirmed Inspiration match,Electrada only,ELC-1752,2026-06-26
,Dubuque Depot,Dubuque Equipment Rental,WY,12,99.04,3,48,33946,68,Net New,No confirmed Inspiration match,Electrada only,ELC-1754,2026-06-26
,Alexandria LA Yard,Alexandria LA Distribution,SD,24,96.04,7,48,19227,82,Net New,No confirmed Inspiration match,Electrada only,ELC-1757,2026-06-26
,Aberdeen Charging Hub,Aberdeen Leasing Corporation,KY,15,95.04,5,45,54563,24,Net New,No confirmed Inspiration match,Electrada only,ELC-1768,2026-06-26
,Pueblo Distribution Hub,Pueblo Equipment Rental,UT,29,97.74,3,87,66745,29,Net New,No confirmed Inspiration match,Electrada only,ELC-1777,2026-06-26
,Grand Junction Fleet Center,Grand Junction Waste & Recycling,SD,14,98.34,5,56,73701,88,Net New,No confirmed Inspiration match,Electrada only,ELC-1792,2026-06-26
,Watertown Logistics Center,Watertown Equipment Rental,GA,30,94.54,0,90,54028,50,Net New,No confirmed Inspiration match,Electrada only,ELC-1807,2026-06-26
,Gillette Logistics Hub,Gillette Beverage Co.,AR,29,89.54,2,58,53800,56,Net New,No confirmed Inspiration match,Electrada only,ELC-1821,2026-06-26
,Olympia Service Center,Olympia Telecom Services,IN,30,96.24,1,60,12704,30,Net New,No confirmed Inspiration match,Electrada only,ELC-1830,2026-06-26
,Fort Collins Logistics Hub,Fort Collins Leasing Corporation,AR,16,97.34,5,32,15495,58,Net New,No confirmed Inspiration match,Electrada only,ELC-1837,2026-06-26
,Topeka Service Center,Topeka Beverage Co.,AR,16,99.64,2,32,31030,80,Net New,No confirmed Inspiration match,Electrada only,ELC-1840,2026-06-26
,Joplin Fleet Center,Joplin Freight Lines,KS,17,98.14,6,51,34241,74,Net New,No confirmed Inspiration match,Electrada only,ELC-1852,2026-06-26
,Merced Distribution Hub,Merced Equipment Rental,MD,29,98.44,3,116,59451,90,Net New,No confirmed Inspiration match,Electrada only,ELC-1860,2026-06-26
,Manhattan KS Logistics Hub,Manhattan KS Leasing Corporation,WI,13,96.34,1,39,70980,78,Net New,No confirmed Inspiration match,Electrada only,ELC-1873,2026-06-26
,Rapid City West Logistics Hub,Rapid City West Logistics,GA,20,99.14,1,40,23262,83,Net New,No confirmed Inspiration match,Electrada only,ELC-1886,2026-06-26
,Springfield MO Fleet Center,Springfield MO Waste & Recycling,CO,25,94.84,4,75,10717,29,Net New,No confirmed Inspiration match,Electrada only,ELC-1896,2026-06-26
,Chico Service Center,Chico Parcel Delivery,UT,28,95.44,5,112,51226,23,Net New,No confirmed Inspiration match,Electrada only,ELC-1903,2026-06-26
,Cedar Rapids Fleet Center,Cedar Rapids Auto Parts Distribution,NV,24,99.44,2,96,12904,28,Net New,No confirmed Inspiration match,Electrada only,ELC-1909,2026-06-26
INS-103,Yuma Fleet Center,Yuma Logistics,GA,8,94.54,5,32,38224,46,Net New,No confirmed Electrada match,Inspiration only,,2026-06-26
INS-113,Medford Logistics Hub,Medford Parcel Delivery,AR,23,92.14,3,69,65354,74,Net New,No confirmed Electrada match,Inspiration only,,2026-06-26
INS-116,Bellingham Logistics Center,Bellingham School District,OK,18,96.94,5,54,56966,44,Net New,No confirmed Electrada match,Inspiration only,,2026-06-26
INS-119,Greeley Yard,Greeley Courier Services,MS,10,97.14,4,40,57326,65,Net New,No confirmed Electrada match,Inspiration only,,2026-06-26
INS-124,Colorado Springs Depot,Colorado Springs Equipment Rental,MS,23,88.2,4,69,26821,73,Auto-Merged,"Region match is true, name similarity is 0.89, and uptime delta is below 3%. | Source values - Inspiration uptime: 88.0%, Electrada uptime: 85.6%, Inspiration chargers: 23, Electrada chargers: 23",Both,ELC-1924,2026-06-26
INS-128,Flagstaff Service Center,Flagstaff Leasing Corporation,MO,14,95.7,3,28,65463,37,Auto-Merged,"Region match is true, name similarity is 0.79, and uptime delta is below 3%. | Source values - Inspiration uptime: 95.3%, Electrada uptime: 92.7%, Inspiration chargers: 14, Electrada chargers: 14",Both,ELC-1925,2026-06-26
INS-137,Bend Yard,Bend Logistics,AZ,5,94.7,1,15,36760,56,Auto-Merged,"Region match is true, name similarity is 0.82, and uptime delta is below 3%. | Source values - Inspiration uptime: 95.0%, Electrada uptime: 94.2%, Inspiration chargers: 5, Electrada chargers: 5",Both,ELC-1940,2026-06-26
INS-139,Tyler Distribution Hub,Tyler Freight Lines,SC,27,94.1,1,108,70305,54,Auto-Merged,"Region match is true, name similarity is 0.89, and uptime delta is below 3%. | Source values - Inspiration uptime: 93.1%, Electrada uptime: 90.7%, Inspiration chargers: 27, Electrada chargers: 27",Both,ELC-1945,2026-06-26
INS-144,Modesto Yard,Modesto Telecom Services,IN,8,96.6,2,16,16626,20,Auto-Merged,"Region match is true, name similarity is 0.92, and uptime delta is below 3%. | Source values - Inspiration uptime: 94.7%, Electrada uptime: 93.4%, Inspiration chargers: 8, Electrada chargers: 8",Both,ELC-1950,2026-06-26
INS-145,Killeen Service Center,Killeen Waste & Recycling,LA,6,92.6,6,12,11532,83,Auto-Merged,"Region match is true, name similarity is 0.77, and uptime delta is below 3%. | Source values - Inspiration uptime: 93.6%, Electrada uptime: 92.3%, Inspiration chargers: 6, Electrada chargers: 6",Both,ELC-1960,2026-06-26
INS-154,Laramie Service Center,Laramie Parcel Delivery,AZ,30,94,1,90,75726,46,Auto-Merged,"Region match is true, name similarity is 0.86, and uptime delta is below 3%. | Source values - Inspiration uptime: 91.7%, Electrada uptime: 91.0%, Inspiration chargers: 30, Electrada chargers: 30",Both,ELC-1968,2026-06-26
INS-164,Redding Logistics Center,Redding Leasing Corporation,NE,17,93.8,4,68,38727,62,Auto-Merged,"Region match is true, name similarity is 0.93, and uptime delta is below 3%. | Source values - Inspiration uptime: 92.7%, Electrada uptime: 91.6%, Inspiration chargers: 17, Electrada chargers: 17",Both,ELC-1979,2026-06-26
,Elgin Distribution Hub,Elgin Utility Cooperative,OK,25,98.74,1,75,37760,79,Net New,No confirmed Inspiration match,Electrada only,ELC-1984,2026-06-26
,Huntington Fleet Center,Huntington Equipment Rental,VA,10,91.04,5,20,28719,65,Net New,No confirmed Inspiration match,Electrada only,ELC-1989,2026-06-26
,Freeport Service Center,Freeport Beverage Co.,NC,7,95.74,1,28,55959,25,Net New,No confirmed Inspiration match,Electrada only,ELC-1996,2026-06-26
,Dixon Fleet Center,Dixon Courier Services,MS,24,98.04,0,72,12279,43,Net New,No confirmed Inspiration match,Electrada only,ELC-2001,2026-06-26
,Richmond IN Logistics Hub,Richmond IN Parcel Delivery,MN,17,93.94,0,51,25860,72,Net New,No confirmed Inspiration match,Electrada only,ELC-2006,2026-06-26
,Danville Fleet Center,Danville Logistics,SC,10,95.84,2,30,37445,73,Net New,No confirmed Inspiration match,Electrada only,ELC-2018,2026-06-26
,Stevens Point Charging Hub,Stevens Point Beverage Co.,AZ,8,93.14,8,32,66466,34,Net New,No confirmed Inspiration match,Electrada only,ELC-2025,2026-06-26
,Bloomington South Yard,Bloomington South Parcel Delivery,CO,25,98.24,6,100,71594,81,Net New,No confirmed Inspiration match,Electrada only,ELC-2033,2026-06-26
,Beloit Logistics Center,Beloit Beverage Co.,MT,12,95.84,4,24,68520,66,Net New,No confirmed Inspiration match,Electrada only,ELC-2040,2026-06-26
,Elkhart Depot,Elkhart School District,TN,22,93.94,1,88,14609,39,Net New,No confirmed Inspiration match,Electrada only,ELC-2054,2026-06-26
,Sheboygan Depot,Sheboygan Leasing Corporation,ND,26,90.94,5,104,11063,29,Net New,No confirmed Inspiration match,Electrada only,ELC-2059,2026-06-26
,Kokomo Charging Hub,Kokomo Utility Cooperative,GA,24,93.34,2,72,14741,35,Net New,No confirmed Inspiration match,Electrada only,ELC-2061,2026-06-26
,Sterling Distribution Hub,Sterling Parcel Delivery,ND,26,90.14,1,78,11887,78,Net New,No confirmed Inspiration match,Electrada only,ELC-2074,2026-06-26
,Muncie Service Center,Muncie Logistics,UT,30,99.24,0,90,28519,81,Net New,No confirmed Inspiration match,Electrada only,ELC-2081,2026-06-26
,Warsaw Yard,Warsaw Beverage Co.,NV,27,95.64,1,81,65690,81,Net New,No confirmed Inspiration match,Electrada only,ELC-2091,2026-06-26
,Joliet Charging Hub,Joliet Food Service Distribution,OK,8,95.54,2,32,33678,65,Net New,No confirmed Inspiration match,Electrada only,ELC-2098,2026-06-26
,Columbus IN Charging Hub,Columbus IN Distribution,IN,17,91.54,3,68,71040,40,Net New,No confirmed Inspiration match,Electrada only,ELC-2110,2026-06-26
,New Albany Yard,New Albany Beverage Co.,IA,6,98.94,5,24,21779,48,Net New,No confirmed Inspiration match,Electrada only,ELC-2122,2026-06-26
,La Crosse Depot,La Crosse Parcel Delivery,AR,19,98.14,1,57,30201,39,Net New,No confirmed Inspiration match,Electrada only,ELC-2125,2026-06-26
,Decatur Service Center,Decatur Telecom Services,ND,11,93.64,1,22,32560,71,Net New,No confirmed Inspiration match,Electrada only,ELC-2130,2026-06-26
,Owensboro Distribution Hub,Owensboro Beverage Co.,NC,17,99.14,1,68,50910,88,Net New,No confirmed Inspiration match,Electrada only,ELC-2141,2026-06-26
INS-172,Rockford North Service Center,Rockford North Airport Authority,CO,25,97.84,1,75,31655,60,Net New,No confirmed Electrada match,Inspiration only,,2026-06-26
INS-177,Jeffersonville Charging Hub,Jeffersonville Parcel Delivery,NM,6,93.54,1,24,50573,61,Net New,No confirmed Electrada match,Inspiration only,,2026-06-26
INS-180,Anderson Logistics Center,Anderson Beverage Co.,CO,24,99.14,2,48,30179,32,Net New,No confirmed Electrada match,Inspiration only,,2026-06-26
INS-182,Marshfield Distribution Hub,Marshfield Waste & Recycling,MN,19,94.64,6,57,37360,53,Net New,No confirmed Electrada match,Inspiration only,,2026-06-26
INS-183,Oshkosh Fleet Center,Oshkosh Logistics,KY,28,98.24,0,84,59434,45,Net New,No confirmed Electrada match,Inspiration only,,2026-06-26
INS-189,Wabash Fleet Center,Wabash Utility Cooperative,WI,5,97.94,0,15,60642,88,Net New,No confirmed Electrada match,Inspiration only,,2026-06-26
INS-197,Bloomington IL Depot,Bloomington IL Waste & Recycling,OK,18,94.74,5,36,57698,47,Net New,No confirmed Electrada match,Inspiration only,,2026-06-26
INS-203,Janesville Distribution Hub,Janesville Distribution,CO,18,99.14,4,54,21789,59,Net New,No confirmed Electrada match,Inspiration only,,2026-06-26
INS-204,Lafayette IN Logistics Center,Lafayette IN Courier Services,TX,21,98.34,3,63,21103,63,Net New,No confirmed Electrada match,Inspiration only,,2026-06-26
INS-206,Waukegan Charging Hub,Waukegan Distribution,NC,16,89.8,3,48,75870,27,Auto-Merged,"Region match is true, name similarity is 0.88, and uptime delta is below 3%. | Source values - Inspiration uptime: 88.7%, Electrada uptime: 86.4%, Inspiration chargers: 16, Electrada chargers: 16",Both,ELC-2151,2026-06-26
INS-212,Wausau Depot,Wausau Telecom Services,FL,16,88,2,32,71903,76,Conflict - Needs Resolution,"Region match is true and name similarity is 0.81, but uptime delta exceeds 3%. | Source values - Inspiration uptime: 88.0%, Electrada uptime: 81.4%, Inspiration chargers: 16, Electrada chargers: 16",Both,ELC-2166,2026-06-26
INS-217,Elizabethtown Logistics Hub,Elizabethtown Equipment Rental,KY,24,90.1,3,72,52265,64,Auto-Merged,"Region match is true, name similarity is 0.76, and uptime delta is below 3%. | Source values - Inspiration uptime: 90.0%, Electrada uptime: 88.8%, Inspiration chargers: 24, Electrada chargers: 24",Both,ELC-2178,2026-06-26
INS-221,Eau Claire Yard,Eau Claire Logistics,OH,7,95.9,3,14,19619,72,Auto-Merged,"Region match is true, name similarity is 0.81, and uptime delta is below 3%. | Source values - Inspiration uptime: 95.8%, Electrada uptime: 94.3%, Inspiration chargers: 7, Electrada chargers: 7",Both,ELC-2186,2026-06-26
INS-228,Frankfort Depot,Frankfort School District,NC,7,89.2,2,21,12864,78,Auto-Merged,"Region match is true, name similarity is 0.9, and uptime delta is below 3%. | Source values - Inspiration uptime: 89.3%, Electrada uptime: 87.5%, Inspiration chargers: 7, Electrada chargers: 7",Both,ELC-2194,2026-06-26
INS-238,Mishawaka Logistics Hub,Mishawaka Equipment Rental,UT,5,93.3,3,15,57322,21,Auto-Merged,"Region match is true, name similarity is 0.89, and uptime delta is below 3%. | Source values - Inspiration uptime: 93.9%, Electrada uptime: 92.2%, Inspiration chargers: 5, Electrada chargers: 5",Both,ELC-2201,2026-06-26
INS-247,Henderson Fleet Center,Henderson Waste & Recycling,NE,23,94,1,69,74254,38,Auto-Merged,"Region match is true, name similarity is 0.82, and uptime delta is below 3%. | Source values - Inspiration uptime: 92.6%, Electrada uptime: 90.5%, Inspiration chargers: 23, Electrada chargers: 23",Both,ELC-2213,2026-06-26
INS-255,Marion IN Fleet Center,Marion IN Beverage Co.,UT,13,98.3,4,39,50222,43,Auto-Merged,"Region match is true, name similarity is 0.89, and uptime delta is below 3%. | Source values - Inspiration uptime: 96.5%, Electrada uptime: 95.9%, Inspiration chargers: 13, Electrada chargers: 13",Both,ELC-2225,2026-06-26
,Petoskey Fleet Center,Petoskey Auto Parts Distribution,WA,4,99.14,6,16,54264,56,Net New,No confirmed Inspiration match,Electrada only,ELC-2236,2026-06-26
,Manistee Fleet Center,Manistee Telecom Services,ID,20,97.64,4,40,77746,77,Net New,No confirmed Inspiration match,Electrada only,ELC-2245,2026-06-26
,Niles Fleet Center,Niles School District,NM,11,93.54,3,44,28415,83,Net New,No confirmed Inspiration match,Electrada only,ELC-2253,2026-06-26
,Traverse City Service Center,Traverse City Logistics,VA,29,97.84,1,87,46767,22,Net New,No confirmed Inspiration match,Electrada only,ELC-2254,2026-06-26
,Ionia Fleet Center,Ionia Freight Lines,ND,10,90.64,0,40,61422,42,Net New,No confirmed Inspiration match,Electrada only,ELC-2262,2026-06-26
,Owosso Logistics Hub,Owosso Logistics,MT,19,93.14,2,38,75402,89,Net New,No confirmed Inspiration match,Electrada only,ELC-2275,2026-06-26
,Menominee Charging Hub,Menominee Parcel Delivery,NV,19,97.84,5,38,59201,28,Net New,No confirmed Inspiration match,Electrada only,ELC-2276,2026-06-26
,Clare Distribution Hub,Clare Telecom Services,CO,25,97.44,3,100,53309,38,Net New,No confirmed Inspiration match,Electrada only,ELC-2279,2026-06-26
,Holland MI Depot,Holland MI Distribution,MD,18,89.94,1,36,15630,79,Net New,No confirmed Inspiration match,Electrada only,ELC-2286,2026-06-26
,Coldwater Fleet Center,Coldwater School District,SD,13,99.64,2,39,62867,88,Net New,No confirmed Inspiration match,Electrada only,ELC-2293,2026-06-26
,Three Rivers Service Center,Three Rivers Utility Cooperative,TN,11,90.44,6,33,53380,38,Net New,No confirmed Inspiration match,Electrada only,ELC-2299,2026-06-26
,Ludington Distribution Hub,Ludington Telecom Services,TN,25,94.64,2,50,41642,31,Net New,No confirmed Inspiration match,Electrada only,ELC-2300,2026-06-26
,Greenville MI Fleet Center,Greenville MI Leasing Corporation,AL,11,95.54,1,33,79657,55,Net New,No confirmed Inspiration match,Electrada only,ELC-2304,2026-06-26
,Flint Depot,Flint Distribution,IL,20,92.84,4,60,19321,28,Net New,No confirmed Inspiration match,Electrada only,ELC-2310,2026-06-26
,Kalamazoo Logistics Center,Kalamazoo Telecom Services,NM,8,98.44,4,32,52089,52,Net New,No confirmed Inspiration match,Electrada only,ELC-2318,2026-06-26
,Jackson MI Fleet Center,Jackson MI Airport Authority,TN,18,95.24,2,36,52602,56,Net New,No confirmed Inspiration match,Electrada only,ELC-2332,2026-06-26
,Fenton Service Center,Fenton Waste & Recycling,AL,27,99.44,1,54,43788,65,Net New,No confirmed Inspiration match,Electrada only,ELC-2340,2026-06-26
,Tecumseh Distribution Hub,Tecumseh Logistics,WI,6,97.64,7,18,58527,47,Net New,No confirmed Inspiration match,Electrada only,ELC-2351,2026-06-26
,Ironwood Logistics Center,Ironwood Parcel Delivery,ND,27,93.44,2,108,32677,58,Net New,No confirmed Inspiration match,Electrada only,ELC-2363,2026-06-26
INS-263,Marquette Distribution Hub,Marquette Auto Parts Distribution,NC,28,99.44,2,112,72343,61,Net New,No confirmed Electrada match,Inspiration only,,2026-06-26
INS-270,Lansing Charging Hub,Lansing Beverage Co.,NM,7,97.64,0,28,21384,52,Net New,No confirmed Electrada match,Inspiration only,,2026-06-26
INS-273,Houghton Service Center,Houghton Utility Cooperative,MI,10,96.14,2,30,62663,35,Net New,No confirmed Electrada match,Inspiration only,,2026-06-26
INS-282,Gladwin Logistics Hub,Gladwin Auto Parts Distribution,UT,7,98.14,0,14,69896,40,Net New,No confirmed Electrada match,Inspiration only,,2026-06-26
INS-286,Sault Ste Marie Depot,Sault Ste Marie Waste & Recycling,VA,10,97.04,0,30,58637,33,Net New,No confirmed Electrada match,Inspiration only,,2026-06-26
INS-294,Ypsilanti Logistics Center,Ypsilanti School District,UT,18,97.94,1,54,34179,90,Net New,No confirmed Electrada match,Inspiration only,,2026-06-26
INS-300,Sturgis Logistics Hub,Sturgis Parcel Delivery,AZ,15,94.54,1,60,69424,87,Net New,No confirmed Electrada match,Inspiration only,,2026-06-26
INS-310,Bay City Service Center,Bay City Auto Parts Distribution,CO,19,89.8,6,76,23714,71,Auto-Merged,"Region match is true, name similarity is 0.91, and uptime delta is below 3%. | Source values - Inspiration uptime: 89.4%, Electrada uptime: 87.6%, Inspiration chargers: 19, Electrada chargers: 19",Both,ELC-2371,2026-06-26
INS-318,Grand Rapids Distribution Hub,Grand Rapids Parcel Delivery,WA,15,93.5,1,45,58829,24,Auto-Merged,"Region match is true, name similarity is 0.91, and uptime delta is below 3%. | Source values - Inspiration uptime: 93.7%, Electrada uptime: 91.2%, Inspiration chargers: 15, Electrada chargers: 15",Both,ELC-2382,2026-06-26
INS-319,Standish Logistics Hub,Standish Logistics,ND,26,97.4,4,104,55690,76,Auto-Merged,"Region match is true, name similarity is 0.75, and uptime delta is below 3%. | Source values - Inspiration uptime: 96.4%, Electrada uptime: 94.7%, Inspiration chargers: 26, Electrada chargers: 26",Both,ELC-2391,2026-06-26
INS-329,Ann Arbor Logistics Hub,Ann Arbor Telecom Services,WI,28,96.6,6,56,74833,51,Auto-Merged,"Region match is true, name similarity is 0.79, and uptime delta is below 3%. | Source values - Inspiration uptime: 95.3%, Electrada uptime: 93.8%, Inspiration chargers: 28, Electrada chargers: 28",Both,ELC-2392,2026-06-26
INS-339,Dowagiac Charging Hub,Dowagiac Beverage Co.,IA,10,96.9,4,30,12396,61,Auto-Merged,"Region match is true, name similarity is 0.86, and uptime delta is below 3%. | Source values - Inspiration uptime: 98.3%, Electrada uptime: 97.7%, Inspiration chargers: 10, Electrada chargers: 10",Both,ELC-2397,2026-06-26
INS-341,Alpena Logistics Hub,Alpena Equipment Rental,NE,13,91.9,5,52,36756,72,Auto-Merged,"Region match is true, name similarity is 0.9, and uptime delta is below 3%. | Source values - Inspiration uptime: 93.5%, Electrada uptime: 93.3%, Inspiration chargers: 13, Electrada chargers: 13",Both,ELC-2405,2026-06-26
,Ithaca Distribution Hub,Ithaca Auto Parts Distribution,CT,6,99.64,5,12,52518,58,Net New,No confirmed Inspiration match,Electrada only,ELC-2419,2026-06-26
,Kingston NY Depot,Kingston NY Freight Lines,FL,10,98.94,2,20,68014,77,Net New,No confirmed Inspiration match,Electrada only,ELC-2427,2026-06-26
,Worcester Service Center,Worcester Auto Parts Distribution,RI,9,99.04,5,18,17594,86,Net New,No confirmed Inspiration match,Electrada only,ELC-2435,2026-06-26
,Oswego Distribution Hub,Oswego Equipment Rental,VT,21,90.74,8,42,28210,65,Net New,No confirmed Inspiration match,Electrada only,ELC-2442,2026-06-26
,Gloversville Yard,Gloversville Beverage Co.,MI,13,96.54,4,52,51875,79,Net New,No confirmed Inspiration match,Electrada only,ELC-2443,2026-06-26
,Elmira Yard,Elmira School District,KS,6,95.84,5,24,33981,72,Net New,No confirmed Inspiration match,Electrada only,ELC-2450,2026-06-26
,Bangor Logistics Hub,Bangor School District,VA,15,96.14,7,60,78428,69,Net New,No confirmed Inspiration match,Electrada only,ELC-2454,2026-06-26
,New Haven Depot,New Haven Beverage Co.,AL,27,96.04,0,54,11393,49,Net New,No confirmed Inspiration match,Electrada only,ELC-2465,2026-06-26
,Concord NH Charging Hub,Concord NH Telecom Services,ND,22,99.34,1,88,74779,26,Net New,No confirmed Inspiration match,Electrada only,ELC-2467,2026-06-26
,Fall River Fleet Center,Fall River School District,AZ,6,96.74,4,24,66843,21,Net New,No confirmed Inspiration match,Electrada only,ELC-2469,2026-06-26
,Danbury Yard,Danbury School District,NV,29,97.04,6,87,51477,88,Net New,No confirmed Inspiration match,Electrada only,ELC-2470,2026-06-26
,Watertown NY Yard,Watertown NY Airport Authority,NM,30,98.94,5,90,39443,86,Net New,No confirmed Inspiration match,Electrada only,ELC-2483,2026-06-26
,Rutland Depot,Rutland Beverage Co.,MO,25,97.54,5,50,36040,58,Net New,No confirmed Inspiration match,Electrada only,ELC-2496,2026-06-26
,Plattsburgh Yard,Plattsburgh Equipment Rental,PA,19,93.74,0,38,14981,57,Net New,No confirmed Inspiration match,Electrada only,ELC-2506,2026-06-26
,Augusta ME Fleet Center,Augusta ME School District,OR,13,96.24,4,39,78631,49,Net New,No confirmed Inspiration match,Electrada only,ELC-2512,2026-06-26
,Binghamton Fleet Center,Binghamton Telecom Services,VA,29,96.64,5,116,17485,81,Net New,No confirmed Inspiration match,Electrada only,ELC-2523,2026-06-26
,Cortland Yard,Cortland Beverage Co.,KS,6,90.04,1,18,51693,87,Net New,No confirmed Inspiration match,Electrada only,ELC-2525,2026-06-26
,Burlington VT Distribution Hub,Burlington VT Auto Parts Distribution,WA,10,91.34,0,40,75276,49,Net New,No confirmed Inspiration match,Electrada only,ELC-2526,2026-06-26
,Auburn NY Logistics Center,Auburn NY Leasing Corporation,MN,7,92.34,3,21,15011,72,Net New,No confirmed Inspiration match,Electrada only,ELC-2531,2026-06-26
,Poughkeepsie Charging Hub,Poughkeepsie Airport Authority,OR,29,93.04,0,116,52572,64,Net New,No confirmed Inspiration match,Electrada only,ELC-2535,2026-06-26
,Niagara Falls Distribution Hub,Niagara Falls Beverage Co.,NM,19,90.34,3,76,14872,43,Net New,No confirmed Inspiration match,Electrada only,ELC-2537,2026-06-26
,Lowell Service Center,Lowell Parcel Delivery,WA,20,95.14,5,60,69786,51,Net New,No confirmed Inspiration match,Electrada only,ELC-2544,2026-06-26
,Utica Service Center,Utica Utility Cooperative,KY,21,94.54,0,84,53928,21,Net New,No confirmed Inspiration match,Electrada only,ELC-2551,2026-06-26
,Springfield MA Depot,Springfield MA Freight Lines,UT,20,93.64,5,80,37300,37,Net New,No confirmed Inspiration match,Electrada only,ELC-2556,2026-06-26
,Glens Falls Logistics Center,Glens Falls Beverage Co.,NV,20,93.04,2,80,64156,85,Net New,No confirmed Inspiration match,Electrada only,ELC-2559,2026-06-26
INS-348,Norwalk Distribution Hub,Norwalk Distribution,TN,25,98.04,2,75,35526,30,Net New,No confirmed Electrada match,Inspiration only,,2026-06-26
INS-356,New Bedford Fleet Center,New Bedford Food Service Distribution,MS,6,93.84,1,18,71018,22,Net New,No confirmed Electrada match,Inspiration only,,2026-06-26
INS-366,Cranston Service Center,Cranston Equipment Rental,UT,18,96.14,3,72,74254,74,Net New,No confirmed Electrada match,Inspiration only,,2026-06-26
INS-371,Nashua Depot,Nashua Food Service Distribution,IA,24,91.04,0,96,30010,47,Net New,No confirmed Electrada match,Inspiration only,,2026-06-26
INS-375,Warwick Depot,Warwick Telecom Services,KY,4,97.34,5,16,50628,41,Net New,No confirmed Electrada match,Inspiration only,,2026-06-26
INS-379,Hudson NY Logistics Center,Hudson NY Parcel Delivery,WA,27,90.44,4,54,75369,56,Net New,No confirmed Electrada match,Inspiration only,,2026-06-26
INS-384,Montpelier Logistics Hub,Montpelier Airport Authority,RI,5,94.54,4,20,53626,78,Net New,No confirmed Electrada match,Inspiration only,,2026-06-26
INS-391,Schenectady Logistics Hub,Schenectady Equipment Rental,OK,4,96.04,3,12,39923,61,Net New,No confirmed Electrada match,Inspiration only,,2026-06-26
INS-395,Albany Distribution Hub,Albany Freight Lines,TN,26,95.14,3,78,64369,26,Net New,No confirmed Electrada match,Inspiration only,,2026-06-26
INS-403,Bridgeport Yard,Bridgeport Beverage Co.,VT,21,97.14,6,63,15877,23,Net New,No confirmed Electrada match,Inspiration only,,2026-06-26
INS-405,Manchester NH Charging Hub,Manchester NH Beverage Co.,MN,27,89.64,5,108,35142,81,Net New,No confirmed Electrada match,Inspiration only,,2026-06-26
INS-410,Hartford Depot,Hartford Courier Services,CA,5,99.54,0,15,61311,48,Net New,No confirmed Electrada match,Inspiration only,,2026-06-26
,Ashburn Service Center,Ashburn Equipment Rental,NH,23,98.44,2,46,55515,87,Net New,No confirmed Inspiration match,Electrada only,ELC-2564,2026-06-26
,Lexington VA Distribution Hub,Lexington VA Airport Authority,NM,8,92.04,1,24,36030,88,Net New,No confirmed Inspiration match,Electrada only,ELC-2569,2026-06-26
,Warrenton Charging Hub,Warrenton Telecom Services,MT,29,95.24,6,58,10974,25,Net New,No confirmed Inspiration match,Electrada only,ELC-2580,2026-06-26
,Petersburg VA Service Center,Petersburg VA Auto Parts Distribution,AR,11,99.54,6,22,51376,32,Net New,No confirmed Inspiration match,Electrada only,ELC-2589,2026-06-26
,Cumberland MD Distribution Hub,Cumberland MD Parcel Delivery,OH,22,93.74,2,66,51772,83,Net New,No confirmed Inspiration match,Electrada only,ELC-2592,2026-06-26
,Martinsville Depot,Martinsville Freight Lines,VA,15,94.14,2,30,54343,29,Net New,No confirmed Inspiration match,Electrada only,ELC-2601,2026-06-26
,Chesapeake Yard,Chesapeake Freight Lines,MI,4,93.04,3,8,29106,39,Net New,No confirmed Inspiration match,Electrada only,ELC-2603,2026-06-26
,Gaithersburg Depot,Gaithersburg Courier Services,RI,14,94.64,2,28,49937,30,Net New,No confirmed Inspiration match,Electrada only,ELC-2616,2026-06-26
,Staunton Service Center,Staunton Waste & Recycling,AR,7,94.44,3,21,47810,84,Net New,No confirmed Inspiration match,Electrada only,ELC-2627,2026-06-26
,Salisbury MD Yard,Salisbury MD Utility Cooperative,VA,13,98.04,3,26,59151,61,Net New,No confirmed Inspiration match,Electrada only,ELC-2631,2026-06-26
,Franklin VA Depot,Franklin VA Food Service Distribution,GA,8,89.94,1,24,10723,45,Net New,No confirmed Inspiration match,Electrada only,ELC-2643,2026-06-26
,Waynesboro Service Center,Waynesboro Parcel Delivery,AR,20,97.64,5,40,66862,82,Net New,No confirmed Inspiration match,Electrada only,ELC-2655,2026-06-26
,Emporia Fleet Center,Emporia Leasing Corporation,NV,17,93.34,5,68,57423,51,Net New,No confirmed Inspiration match,Electrada only,ELC-2666,2026-06-26
,South Boston Depot,South Boston Courier Services,GA,18,97.84,4,72,16476,66,Net New,No confirmed Inspiration match,Electrada only,ELC-2672,2026-06-26
,Rockville Yard,Rockville Airport Authority,IN,19,99.44,0,38,28335,32,Net New,No confirmed Inspiration match,Electrada only,ELC-2673,2026-06-26
,Silver Spring Distribution Hub,Silver Spring School District,NH,19,97.24,4,38,68829,74,Net New,No confirmed Inspiration match,Electrada only,ELC-2684,2026-06-26
,Charlottesville Fleet Center,Charlottesville Telecom Services,WA,4,94.14,2,8,34724,40,Net New,No confirmed Inspiration match,Electrada only,ELC-2695,2026-06-26
,Woodbridge Logistics Center,Woodbridge Freight Lines,NM,30,95.94,6,120,79015,66,Net New,No confirmed Inspiration match,Electrada only,ELC-2706,2026-06-26
,Hopewell Depot,Hopewell Beverage Co.,MO,27,95.74,2,108,24457,79,Net New,No confirmed Inspiration match,Electrada only,ELC-2716,2026-06-26
,Radford Depot,Radford Utility Cooperative,NY,22,96.34,5,66,66792,37,Net New,No confirmed Inspiration match,Electrada only,ELC-2725,2026-06-26
,Blacksburg Depot,Blacksburg Airport Authority,ND,14,95.24,3,28,66802,33,Net New,No confirmed Inspiration match,Electrada only,ELC-2738,2026-06-26
INS-418,Portsmouth VA Logistics Center,Portsmouth VA Courier Services,OR,9,96.34,5,27,23153,26,Net New,No confirmed Electrada match,Inspiration only,,2026-06-26
INS-426,Harrisonburg Logistics Hub,Harrisonburg Food Service Distribution,SD,21,99.54,0,63,60149,68,Net New,No confirmed Electrada match,Inspiration only,,2026-06-26
INS-436,Abingdon Logistics Center,Abingdon Beverage Co.,LA,26,96.94,4,78,68746,82,Net New,No confirmed Electrada match,Inspiration only,,2026-06-26
INS-443,Bethesda Service Center,Bethesda Food Service Distribution,NE,6,96.44,1,24,42531,78,Net New,No confirmed Electrada match,Inspiration only,,2026-06-26
INS-449,Farmville Fleet Center,Farmville Telecom Services,ME,28,99.54,1,56,31653,65,Net New,No confirmed Electrada match,Inspiration only,,2026-06-26
INS-457,Leesburg Service Center,Leesburg Utility Cooperative,FL,7,99.54,6,21,64210,58,Net New,No confirmed Electrada match,Inspiration only,,2026-06-26
INS-466,Colonial Heights Charging Hub,Colonial Heights Auto Parts Distribution,CT,19,96.54,2,76,27114,86,Net New,No confirmed Electrada match,Inspiration only,,2026-06-26
INS-474,Frederick MD Fleet Center,Frederick MD Utility Cooperative,ND,9,91.94,1,18,79710,47,Net New,No confirmed Electrada match,Inspiration only,,2026-06-26
INS-483,Winchester VA Depot,Winchester VA Beverage Co.,TX,20,96.44,1,40,31976,55,Net New,No confirmed Electrada match,Inspiration only,,2026-06-26
INS-492,Christiansburg Yard,Christiansburg Freight Lines,LA,17,93.5,1,51,79053,83,Auto-Merged,"Region match is true, name similarity is 0.9, and uptime delta is below 3%. | Source values - Inspiration uptime: 94.3%, Electrada uptime: 93.2%, Inspiration chargers: 17, Electrada chargers: 17",Both,ELC-2742,2026-06-26
INS-496,Danville VA Service Center,Danville VA Parcel Delivery,IA,15,91.9,5,60,18703,28,Auto-Merged,"Region match is true, name similarity is 0.9, and uptime delta is below 3%. | Source values - Inspiration uptime: 91.9%, Electrada uptime: 89.8%, Inspiration chargers: 15, Electrada chargers: 15",Both,ELC-2752,2026-06-26
INS-498,Hagerstown Charging Hub,Hagerstown Beverage Co.,AL,18,96.5,0,54,72928,72,Conflict - Needs Resolution,"Region match is true and name similarity is 0.81, but uptime delta exceeds 3%. | Source values - Inspiration uptime: 96.5%, Electrada uptime: 90.8%, Inspiration chargers: 18, Electrada chargers: 18",Both,ELC-2759,2026-06-26
INS-506,Newark DE Logistics Center,Newark DE Leasing Corporation,IL,14,99.5,1,42,25429,42,Auto-Merged,"Region match is true, name similarity is 0.84, and uptime delta is below 3%. | Source values - Inspiration uptime: 99.0%, Electrada uptime: 97.5%, Inspiration chargers: 14, Electrada chargers: 14",Both,ELC-2770,2026-06-26
,Kannapolis Distribution Hub,Kannapolis Food Service Distribution,WA,8,91.34,4,32,65560,85,Net New,No confirmed Inspiration match,Electrada only,ELC-2784,2026-06-26
,Chapel Hill Fleet Center,Chapel Hill Equipment Rental,SD,22,95.74,0,88,67268,81,Net New,No confirmed Inspiration match,Electrada only,ELC-2790,2026-06-26
,Burnsville Yard,Burnsville Auto Parts Distribution,CO,10,97.64,2,40,53965,48,Net New,No confirmed Inspiration match,Electrada only,ELC-2792,2026-06-26
,Eden NC Logistics Hub,Eden NC Freight Lines,ME,14,96.74,3,42,50371,81,Net New,No confirmed Inspiration match,Electrada only,ELC-2801,2026-06-26
,Mount Airy Service Center,Mount Airy School District,IL,29,93.64,1,58,26230,27,Net New,No confirmed Inspiration match,Electrada only,ELC-2808,2026-06-26
,Albemarle Logistics Hub,Albemarle Telecom Services,AZ,19,91.24,5,57,55491,65,Net New,No confirmed Inspiration match,Electrada only,ELC-2810,2026-06-26
,West Jefferson Fleet Center,West Jefferson Telecom Services,AL,4,96.34,1,16,42268,23,Net New,No confirmed Inspiration match,Electrada only,ELC-2816,2026-06-26
,Salisbury NC Logistics Hub,Salisbury NC Beverage Co.,WI,23,97.54,3,46,40324,69,Net New,No confirmed Inspiration match,Electrada only,ELC-2827,2026-06-26
,Morganton Depot,Morganton Parcel Delivery,ND,15,98.84,0,60,73086,61,Net New,No confirmed Inspiration match,Electrada only,ELC-2839,2026-06-26
,Reidsville Logistics Center,Reidsville Leasing Corporation,SD,11,93.84,1,22,73542,65,Net New,No confirmed Inspiration match,Electrada only,ELC-2854,2026-06-26
,Elkin Yard,Elkin Utility Cooperative,SC,30,95.44,5,60,79429,53,Net New,No confirmed Inspiration match,Electrada only,ELC-2864,2026-06-26
,Monroe NC Charging Hub,Monroe NC Parcel Delivery,DE,4,96.64,5,12,21467,44,Net New,No confirmed Inspiration match,Electrada only,ELC-2878,2026-06-26
,Sylva Yard,Sylva Equipment Rental,OH,5,91.64,4,10,78395,42,Net New,No confirmed Inspiration match,Electrada only,ELC-2886,2026-06-26
,Rocky Mount Logistics Hub,Rocky Mount Logistics,AL,12,98.34,0,24,38467,53,Net New,No confirmed Inspiration match,Electrada only,ELC-2894,2026-06-26
,Gastonia Distribution Hub,Gastonia Courier Services,AR,12,96.64,6,48,44863,90,Net New,No confirmed Inspiration match,Electrada only,ELC-2899,2026-06-26
,Rutherfordton Fleet Center,Rutherfordton School District,NE,25,94.14,3,75,60246,42,Net New,No confirmed Inspiration match,Electrada only,ELC-2905,2026-06-26
,Lenoir Distribution Hub,Lenoir Parcel Delivery,MI,24,99.44,5,96,77532,60,Net New,No confirmed Inspiration match,Electrada only,ELC-2920,2026-06-26
,Graham NC Service Center,Graham NC Waste & Recycling,WI,7,98.64,4,14,68066,42,Net New,No confirmed Inspiration match,Electrada only,ELC-2921,2026-06-26
INS-516,Oxford NC Distribution Hub,Oxford NC Utility Cooperative,ME,19,95.54,2,76,56793,59,Net New,No confirmed Electrada match,Inspiration only,,2026-06-26
INS-519,Hickory Fleet Center,Hickory Parcel Delivery,ID,25,94.04,2,50,28657,63,Net New,No confirmed Electrada match,Inspiration only,,2026-06-26
INS-524,Tarboro Yard,Tarboro School District,GA,5,93.94,1,20,47572,72,Net New,No confirmed Electrada match,Inspiration only,,2026-06-26
INS-527,Wilson Depot,Wilson Freight Lines,VA,28,94.64,4,112,45946,61,Net New,No confirmed Electrada match,Inspiration only,,2026-06-26
INS-530,Jacksonville NC Logistics Center,Jacksonville NC School District,MD,21,97.64,1,42,34429,31,Net New,No confirmed Electrada match,Inspiration only,,2026-06-26
INS-540,Pittsboro Distribution Hub,Pittsboro Waste & Recycling,KY,6,97.84,1,12,49542,21,Net New,No confirmed Electrada match,Inspiration only,,2026-06-26
INS-546,Wilmington NC Fleet Center,Wilmington NC Beverage Co.,IL,9,99.64,4,18,21979,61,Net New,No confirmed Electrada match,Inspiration only,,2026-06-26
INS-556,Bakersville Service Center,Bakersville Waste & Recycling,MN,28,93.44,2,84,22967,68,Net New,No confirmed Electrada match,Inspiration only,,2026-06-26
INS-566,Spruce Pine Yard,Spruce Pine Telecom Services,MT,18,96.34,2,54,78370,69,Net New,No confirmed Electrada match,Inspiration only,,2026-06-26
INS-567,Rockingham Logistics Center,Rockingham Food Service Distribution,TX,25,99.34,3,75,58743,20,Net New,No confirmed Electrada match,Inspiration only,,2026-06-26
INS-577,Wilkesboro Fleet Center,Wilkesboro Food Service Distribution,KS,16,93.8,0,64,19900,71,Auto-Merged,"Region match is true, name similarity is 0.83, and uptime delta is below 3%. | Source values - Inspiration uptime: 93.3%, Electrada uptime: 90.8%, Inspiration chargers: 16, Electrada chargers: 16",Both,ELC-2929,2026-06-26
INS-579,Henderson NC Yard,Henderson NC Freight Lines,DE,30,97.5,5,120,54954,63,Conflict - Needs Resolution,"Region match is true and name similarity is 0.78, but uptime delta exceeds 3%. | Source values - Inspiration uptime: 97.5%, Electrada uptime: 91.6%, Inspiration chargers: 30, Electrada chargers: 30",Both,ELC-2944,2026-06-26
INS-586,Whiteville Logistics Hub,Whiteville School District,GA,13,89.8,3,26,48039,82,Auto-Merged,"Region match is true, name similarity is 0.88, and uptime delta is below 3%. | Source values - Inspiration uptime: 89.7%, Electrada uptime: 87.4%, Inspiration chargers: 13, Electrada chargers: 13",Both,ELC-2955,2026-06-26
INS-587,Marion NC Distribution Hub,Marion NC Airport Authority,KY,10,90,1,40,37856,62,Auto-Merged,"Region match is true, name similarity is 0.75, and uptime delta is below 3%. | Source values - Inspiration uptime: 90.5%, Electrada uptime: 88.5%, Inspiration chargers: 10, Electrada chargers: 10",Both,ELC-2960,2026-06-26
INS-592,Boone NC Yard,Boone NC Equipment Rental,MS,13,93.2,0,26,22874,35,Auto-Merged,"Region match is true, name similarity is 0.81, and uptime delta is below 3%. | Source values - Inspiration uptime: 93.2%, Electrada uptime: 91.9%, Inspiration chargers: 13, Electrada chargers: 13",Both,ELC-2975,2026-06-26
INS-596,Sparta NC Charging Hub,Sparta NC Parcel Delivery,IN,8,96.2,6,16,51252,76,Auto-Merged,"Region match is true, name similarity is 0.79, and uptime delta is below 3%. | Source values - Inspiration uptime: 95.6%, Electrada uptime: 93.9%, Inspiration chargers: 8, Electrada chargers: 8",Both,ELC-2988,2026-06-26
INS-601,Statesville Logistics Center,Statesville Telecom Services,TX,19,94.3,4,38,36034,62,Auto-Merged,"Region match is true, name similarity is 0.91, and uptime delta is below 3%. | Source values - Inspiration uptime: 94.3%, Electrada uptime: 91.9%, Inspiration chargers: 19, Electrada chargers: 19",Both,ELC-2999,2026-06-26
INS-603,Laurinburg Fleet Center,Laurinburg Equipment Rental,ID,13,90.2,0,52,15301,40,Auto-Merged,"Region match is true, name similarity is 0.91, and uptime delta is below 3%. | Source values - Inspiration uptime: 90.2%, Electrada uptime: 87.5%, Inspiration chargers: 13, Electrada chargers: 13",Both,ELC-3009,2026-06-26
INS-605,Asheville Fleet Center,Asheville Food Service Distribution,MO,23,88.3,2,92,39410,64,Auto-Merged,"Region match is true, name similarity is 0.86, and uptime delta is below 3%. | Source values - Inspiration uptime: 88.2%, Electrada uptime: 85.9%, Inspiration chargers: 23, Electrada chargers: 23",Both,ELC-3019,2026-06-26
INS-607,Concord NC Logistics Hub,Concord NC Airport Authority,CA,28,93.3,5,84,23350,31,Auto-Merged,"Region match is true, name similarity is 0.88, and uptime delta is below 3%. | Source values - Inspiration uptime: 92.5%, Electrada uptime: 90.9%, Inspiration chargers: 28, Electrada chargers: 28",Both,ELC-3029,2026-06-26
,Latta Depot,Latta Waste & Recycling,TN,10,91.84,5,30,63257,70,Net New,No confirmed Inspiration match,Electrada only,ELC-3035,2026-06-26
,Lancaster SC Yard,Lancaster SC Freight Lines,IL,12,92.94,3,36,42839,84,Net New,No confirmed Inspiration match,Electrada only,ELC-3036,2026-06-26
,Cheraw Fleet Center,Cheraw Food Service Distribution,ND,14,96.74,0,28,30277,90,Net New,No confirmed Inspiration match,Electrada only,ELC-3044,2026-06-26
,Florence SC Charging Hub,Florence SC Parcel Delivery,TX,17,90.54,3,51,39723,61,Net New,No confirmed Inspiration match,Electrada only,ELC-3053,2026-06-26
,Spartanburg Fleet Center,Spartanburg Equipment Rental,PA,25,98.24,0,50,29916,55,Net New,No confirmed Inspiration match,Electrada only,ELC-3061,2026-06-26
,Clemson Charging Hub,Clemson School District,IA,22,93.14,3,66,41288,72,Net New,No confirmed Inspiration match,Electrada only,ELC-3063,2026-06-26
,Lake City Logistics Hub,Lake City Waste & Recycling,TN,6,92.14,5,12,48683,81,Net New,No confirmed Inspiration match,Electrada only,ELC-3073,2026-06-26
,Beaufort Charging Hub,Beaufort Courier Services,IL,15,95.04,4,60,25025,79,Net New,No confirmed Inspiration match,Electrada only,ELC-3086,2026-06-26
,Ridgeland SC Distribution Hub,Ridgeland SC Leasing Corporation,FL,12,97.04,1,36,21148,53,Net New,No confirmed Inspiration match,Electrada only,ELC-3100,2026-06-26
,Hartsville Distribution Hub,Hartsville Waste & Recycling,AR,14,93.74,2,42,74829,29,Net New,No confirmed Inspiration match,Electrada only,ELC-3108,2026-06-26
,Walhalla Logistics Hub,Walhalla Airport Authority,NH,27,90.24,3,54,66547,90,Net New,No confirmed Inspiration match,Electrada only,ELC-3118,2026-06-26
,Pickens Depot,Pickens Parcel Delivery,RI,17,97.34,4,51,56604,54,Net New,No confirmed Inspiration match,Electrada only,ELC-3121,2026-06-26
,Georgetown SC Logistics Hub,Georgetown SC Food Service Distribution,MN,22,94.34,4,44,73515,23,Net New,No confirmed Inspiration match,Electrada only,ELC-3127,2026-06-26
,Hilton Head Logistics Hub,Hilton Head Waste & Recycling,SD,21,93.54,3,42,77241,34,Net New,No confirmed Inspiration match,Electrada only,ELC-3131,2026-06-26
,Camden SC Logistics Center,Camden SC Auto Parts Distribution,NY,19,97.34,2,38,12066,78,Net New,No confirmed Inspiration match,Electrada only,ELC-3142,2026-06-26
,Orangeburg Logistics Center,Orangeburg School District,NV,12,93.64,2,24,15489,69,Net New,No confirmed Inspiration match,Electrada only,ELC-3151,2026-06-26
,Darlington Yard,Darlington Parcel Delivery,FL,11,99.54,1,33,31114,51,Net New,No confirmed Inspiration match,Electrada only,ELC-3160,2026-06-26
,Bennettsville Service Center,Bennettsville Distribution,WY,19,97.54,3,38,23058,21,Net New,No confirmed Inspiration match,Electrada only,ELC-3172,2026-06-26
,Bluffton Logistics Hub,Bluffton School District,CA,22,93.14,2,88,20615,65,Net New,No confirmed Inspiration match,Electrada only,ELC-3178,2026-06-26
,Aiken Charging Hub,Aiken Courier Services,CT,23,94.84,5,69,11978,21,Net New,No confirmed Inspiration match,Electrada only,ELC-3193,2026-06-26
,Kershaw Service Center,Kershaw Logistics,NE,15,95.74,1,60,23835,84,Net New,No confirmed Inspiration match,Electrada only,ELC-3208,2026-06-26
INS-611,Anderson SC Logistics Hub,Anderson SC Telecom Services,NY,12,92.44,1,36,63814,68,Net New,No confirmed Electrada match,Inspiration only,,2026-06-26
INS-613,Manning Service Center,Manning Courier Services,ID,19,94.04,2,57,39915,55,Net New,No confirmed Electrada match,Inspiration only,,2026-06-26
INS-617,Marion SC Fleet Center,Marion SC Freight Lines,OH,8,95.74,3,16,71112,35,Net New,No confirmed Electrada match,Inspiration only,,2026-06-26
INS-620,Newberry SC Service Center,Newberry SC Logistics,MT,8,91.54,0,16,39841,62,Net New,No confirmed Electrada match,Inspiration only,,2026-06-26
INS-628,Clinton SC Distribution Hub,Clinton SC Distribution,TN,21,98.04,4,42,47174,36,Net New,No confirmed Electrada match,Inspiration only,,2026-06-26
INS-634,Seneca Yard,Seneca Telecom Services,MS,7,98.24,6,28,75357,44,Net New,No confirmed Electrada match,Inspiration only,,2026-06-26
INS-635,Union SC Yard,Union SC Beverage Co.,MD,28,96.64,4,56,40878,71,Net New,No confirmed Electrada match,Inspiration only,,2026-06-26
INS-640,Barnwell Distribution Hub,Barnwell Telecom Services,SC,29,90.14,2,58,58327,22,Net New,No confirmed Electrada match,Inspiration only,,2026-06-26
INS-650,Kingstree Yard,Kingstree Telecom Services,CA,23,97.84,3,92,37719,59,Net New,No confirmed Electrada match,Inspiration only,,2026-06-26
INS-660,Walterboro Fleet Center,Walterboro Courier Services,AZ,26,91.4,4,78,79364,37,Conflict - Needs Resolution,"Region match is true and name similarity is 0.82, but uptime delta exceeds 3%. | Source values - Inspiration uptime: 91.4%, Electrada uptime: 84.9%, Inspiration chargers: 26, Electrada chargers: 26",Both,ELC-3220,2026-06-26
INS-670,York SC Yard,York SC Auto Parts Distribution,AR,30,90.6,3,120,61521,76,Auto-Merged,"Region match is true, name similarity is 0.79, and uptime delta is below 3%. | Source values - Inspiration uptime: 90.6%, Electrada uptime: 89.5%, Inspiration chargers: 30, Electrada chargers: 30",Both,ELC-3221,2026-06-26
INS-680,Myrtle Beach Fleet Center,Myrtle Beach Equipment Rental,OR,10,89.4,4,40,13466,50,Conflict - Needs Resolution,"Region match is true and name similarity is 0.76, but uptime delta exceeds 3%. | Source values - Inspiration uptime: 89.4%, Electrada uptime: 81.9%, Inspiration chargers: 10, Electrada chargers: 10",Both,ELC-3222,2026-06-26
INS-689,Sumter Logistics Hub,Sumter Telecom Services,GA,24,98.5,0,96,79401,89,Auto-Merged,"Region match is true, name similarity is 0.87, and uptime delta is below 3%. | Source values - Inspiration uptime: 98.9%, Electrada uptime: 96.4%, Inspiration chargers: 24, Electrada chargers: 24",Both,ELC-3236,2026-06-26
,Bay Minette Distribution Hub,Bay Minette Telecom Services,MI,5,97.24,2,10,39935,28,Net New,No confirmed Inspiration match,Electrada only,ELC-3246,2026-06-26
,Alabaster Logistics Center,Alabaster Telecom Services,MS,30,95.24,4,60,54572,37,Net New,No confirmed Inspiration match,Electrada only,ELC-3250,2026-06-26
,Pelham Distribution Hub,Pelham School District,LA,16,96.54,0,48,33522,29,Net New,No confirmed Inspiration match,Electrada only,ELC-3258,2026-06-26
,Jasper AL Fleet Center,Jasper AL Airport Authority,RI,12,97.94,0,24,16057,69,Net New,No confirmed Inspiration match,Electrada only,ELC-3272,2026-06-26
,Atmore Charging Hub,Atmore Leasing Corporation,NE,10,99.34,1,20,23086,82,Net New,No confirmed Inspiration match,Electrada only,ELC-3286,2026-06-26
,Sylacauga Depot,Sylacauga School District,OK,7,90.14,4,14,34070,31,Net New,No confirmed Inspiration match,Electrada only,ELC-3298,2026-06-26
,Livingston AL Logistics Center,Livingston AL Courier Services,NV,11,92.34,6,22,43632,71,Net New,No confirmed Inspiration match,Electrada only,ELC-3299,2026-06-26
,Demopolis Depot,Demopolis Telecom Services,WY,19,91.84,1,38,26770,77,Net New,No confirmed Inspiration match,Electrada only,ELC-3304,2026-06-26
,Enterprise AL Logistics Hub,Enterprise AL Airport Authority,ND,27,96.04,1,54,41332,81,Net New,No confirmed Inspiration match,Electrada only,ELC-3311,2026-06-26
,Clanton Yard,Clanton Auto Parts Distribution,MI,30,91.14,4,60,22157,50,Net New,No confirmed Inspiration match,Electrada only,ELC-3321,2026-06-26
,Troy AL Yard,Troy AL School District,IA,24,92.94,3,72,27522,89,Net New,No confirmed Inspiration match,Electrada only,ELC-3332,2026-06-26
,Phenix City Service Center,Phenix City Logistics,ND,25,94.34,3,100,72968,28,Net New,No confirmed Inspiration match,Electrada only,ELC-3338,2026-06-26
,Fort Payne Fleet Center,Fort Payne Equipment Rental,IN,15,90.44,6,60,59512,30,Net New,No confirmed Inspiration match,Electrada only,ELC-3353,2026-06-26
,Prattville Charging Hub,Prattville Utility Cooperative,WA,13,93.14,3,52,47612,78,Net New,No confirmed Inspiration match,Electrada only,ELC-3356,2026-06-26
,Alexander City Logistics Hub,Alexander City Equipment Rental,RI,20,96.54,2,40,74103,49,Net New,No confirmed Inspiration match,Electrada only,ELC-3359,2026-06-26
,Leeds AL Yard,Leeds AL Telecom Services,MN,26,90.74,4,78,59080,74,Net New,No confirmed Inspiration match,Electrada only,ELC-3367,2026-06-26
,Talladega Charging Hub,Talladega Leasing Corporation,MI,6,90.94,2,24,79774,29,Net New,No confirmed Inspiration match,Electrada only,ELC-3376,2026-06-26
,Andalusia Charging Hub,Andalusia Waste & Recycling,IN,28,93.74,6,112,42372,59,Net New,No confirmed Inspiration match,Electrada only,ELC-3390,2026-06-26
,Opelika Yard,Opelika Utility Cooperative,GA,8,96.44,0,16,77611,46,Net New,No confirmed Inspiration match,Electrada only,ELC-3398,2026-06-26
,Bessemer Distribution Hub,Bessemer Courier Services,IN,24,94.74,5,48,27939,84,Net New,No confirmed Inspiration match,Electrada only,ELC-3405,2026-06-26
,Cullman Logistics Hub,Cullman Telecom Services,FL,8,96.44,0,32,63075,22,Net New,No confirmed Inspiration match,Electrada only,ELC-3417,2026-06-26
,Northport Service Center,Northport Leasing Corporation,MN,19,96.84,4,38,30075,44,Net New,No confirmed Inspiration match,Electrada only,ELC-3430,2026-06-26
INS-699,Dothan Service Center,Dothan Distribution,GA,24,95.34,3,96,23289,44,Net New,No confirmed Electrada match,Inspiration only,,2026-06-26
INS-700,Ozark AL Service Center,Ozark AL Utility Cooperative,VT,29,99.24,1,116,33673,59,Net New,No confirmed Electrada match,Inspiration only,,2026-06-26
INS-704,Greensboro AL Service Center,Greensboro AL Courier Services,MI,13,95.14,5,39,78518,90,Net New,No confirmed Electrada match,Inspiration only,,2026-06-26
INS-710,Monroeville Service Center,Monroeville Freight Lines,GA,29,94.14,5,87,57906,49,Net New,No confirmed Electrada match,Inspiration only,,2026-06-26
INS-720,Athens AL Charging Hub,Athens AL Airport Authority,IN,24,94.84,3,96,11709,62,Net New,No confirmed Electrada match,Inspiration only,,2026-06-26
INS-724,Scottsboro Logistics Center,Scottsboro Logistics,MS,30,99.34,0,60,69287,63,Net New,No confirmed Electrada match,Inspiration only,,2026-06-26
INS-729,Butler AL Fleet Center,Butler AL Courier Services,MS,5,94.34,4,10,20620,44,Net New,No confirmed Electrada match,Inspiration only,,2026-06-26
INS-735,Tuscaloosa South Charging Hub,Tuscaloosa South Leasing Corporation,VA,21,96.64,4,42,15094,24,Net New,No confirmed Electrada match,Inspiration only,,2026-06-26
INS-742,Camden AL Yard,Camden AL Auto Parts Distribution,IL,10,97.14,0,40,23376,27,Net New,No confirmed Electrada match,Inspiration only,,2026-06-26
INS-744,Montevallo Service Center,Montevallo Waste & Recycling,SC,12,99.24,6,36,17313,24,Net New,No confirmed Electrada match,Inspiration only,,2026-06-26
INS-754,Eutaw Depot,Eutaw Beverage Co.,VA,28,98.34,0,84,19332,87,Net New,No confirmed Electrada match,Inspiration only,,2026-06-26
INS-764,Decatur AL Fleet Center,Decatur AL Auto Parts Distribution,KY,21,92.9,3,42,57542,83,Conflict - Needs Resolution,"Region match is true and name similarity is 0.63, but uptime delta exceeds 3%. | Source values - Inspiration uptime: 92.9%, Electrada uptime: 87.5%, Inspiration chargers: 21, Electrada chargers: 21",Both,ELC-3441,2026-06-26
INS-765,Union Springs Service Center,Union Springs Beverage Co.,MA,19,92.8,0,57,41021,47,Conflict - Needs Resolution,"Region match is true and name similarity is 0.72, but uptime delta exceeds 3%. | Source values - Inspiration uptime: 92.8%, Electrada uptime: 84.4%, Inspiration chargers: 19, Electrada chargers: 19",Both,ELC-3451,2026-06-26
INS-768,Auburn AL Logistics Center,Auburn AL Auto Parts Distribution,MT,29,91.1,4,58,75814,86,Conflict - Needs Resolution,"Region match is true and name similarity is 0.8, but uptime delta exceeds 3%. | Source values - Inspiration uptime: 91.1%, Electrada uptime: 87.1%, Inspiration chargers: 29, Electrada chargers: 29",Both,ELC-3465,2026-06-26
INS-771,Brewton Service Center,Brewton Distribution,KY,14,92.6,6,28,25006,48,Auto-Merged,"Region match is true, name similarity is 0.89, and uptime delta is below 3%. | Source values - Inspiration uptime: 92.6%, Electrada uptime: 90.6%, Inspiration chargers: 14, Electrada chargers: 14",Both,ELC-3471,2026-06-26
INS-015,Tampa Yard,Tampa Food Service Distribution,AR,26,94.14,0,104,36995,83,Net New,No confirmed Electrada match,Inspiration only,,2026-06-27
INS-018,Cleveland Distribution Hub,Cleveland Logistics,SC,18,99.66,1,54,49291,51,Net New,No confirmed Electrada match,Inspiration only,,2026-06-27
,Omaha Fleet Center,Omaha Logistics,MS,13,98.06,3,52,68829,56,Net New,No confirmed Inspiration match,Electrada only,ELC-1170,2026-06-27
,Columbia Fleet Center,Columbia Food Service Distribution,VA,17,96.26,2,34,74089,73,Net New,No confirmed Inspiration match,Electrada only,ELC-1172,2026-06-27
,Spokane Charging Hub,Spokane Courier Services,AR,22,99.7,4,66,54580,64,Net New,No confirmed Inspiration match,Electrada only,ELC-1192,2026-06-27
,Macon Service Center,Macon Telecom Services,ID,18,92.96,2,54,72141,28,Net New,No confirmed Inspiration match,Electrada only,ELC-1194,2026-06-27
,Charlotte Charging Hub,Charlotte Auto Parts Distribution,MS,25,99.5,1,100,60566,64,Net New,No confirmed Inspiration match,Electrada only,ELC-1195,2026-06-27
,Eugene Yard,Eugene Utility Cooperative,AZ,23,93.06,0,46,47674,36,Net New,No confirmed Inspiration match,Electrada only,ELC-1203,2026-06-27
,Augusta Service Center,Augusta School District,UT,19,96.66,2,57,46416,37,Net New,No confirmed Inspiration match,Electrada only,ELC-1217,2026-06-27
,Phoenix Logistics Hub,Phoenix Parcel Delivery,KY,15,98.46,4,30,29781,30,Net New,No confirmed Inspiration match,Electrada only,ELC-1223,2026-06-27
,Chattanooga Depot,Chattanooga Distribution,NE,11,94.06,6,44,33900,53,Net New,No confirmed Inspiration match,Electrada only,ELC-1233,2026-06-27
,Memphis Depot,Memphis Equipment Rental,KY,21,98.06,3,63,26448,85,Net New,No confirmed Inspiration match,Electrada only,ELC-1253,2026-06-27
,Denver Yard,Denver Logistics,NV,28,99.5,3,112,61429,70,Net New,No confirmed Inspiration match,Electrada only,ELC-1266,2026-06-27
,Portland Fleet Center,Portland Auto Parts Distribution,FL,24,99.7,1,48,37363,76,Net New,No confirmed Inspiration match,Electrada only,ELC-1272,2026-06-27
,Knoxville Depot,Knoxville Logistics,PA,5,97.16,5,10,23299,66,Net New,No confirmed Inspiration match,Electrada only,ELC-1292,2026-06-27
,Huntsville Logistics Center,Huntsville Equipment Rental,CA,10,93.76,1,40,43063,64,Net New,No confirmed Inspiration match,Electrada only,ELC-1312,2026-06-27
,Fresno Logistics Hub,Fresno Logistics,MD,7,98.96,4,21,73417,59,Net New,No confirmed Inspiration match,Electrada only,ELC-1315,2026-06-27
,Richmond Distribution Hub,Richmond Beverage Co.,KS,14,99.4,4,56,31160,86,Net New,No confirmed Inspiration match,Electrada only,ELC-1316,2026-06-27
,Greenville Logistics Center,Greenville Leasing Corporation,MA,8,99.06,0,32,49071,31,Net New,No confirmed Inspiration match,Electrada only,ELC-1325,2026-06-27
,Birmingham Distribution Hub,Birmingham Food Service Distribution,AZ,15,98.86,4,60,75889,62,Net New,No confirmed Inspiration match,Electrada only,ELC-1333,2026-06-27
,Boston Logistics Center,Boston School District,CO,30,99.6,4,60,36203,86,Net New,No confirmed Inspiration match,Electrada only,ELC-1349,2026-06-27
,Orlando Logistics Center,Orlando Auto Parts Distribution,NC,4,99.7,4,12,35381,64,Net New,No confirmed Inspiration match,Electrada only,ELC-1364,2026-06-27
,Pittsburgh Depot,Pittsburgh Equipment Rental,LA,11,96.06,5,22,54267,46,Net New,No confirmed Inspiration match,Electrada only,ELC-1380,2026-06-27
,Dallas Charging Hub,Dallas Leasing Corporation,UT,24,97.76,7,48,25716,69,Net New,No confirmed Inspiration match,Electrada only,ELC-1387,2026-06-27
,Tulsa Fleet Center,Tulsa School District,AZ,17,99.66,0,34,61883,79,Net New,No confirmed Inspiration match,Electrada only,ELC-1400,2026-06-27
,Wichita Charging Hub,Wichita Telecom Services,AZ,9,98.96,1,18,70994,38,Net New,No confirmed Inspiration match,Electrada only,ELC-1420,2026-06-27
,Tallahassee Logistics Hub,Tallahassee Utility Cooperative,UT,15,98.46,4,30,12804,21,Net New,No confirmed Inspiration match,Electrada only,ELC-1424,2026-06-27
,Nashville Distribution Hub,Nashville Food Service Distribution,CA,10,98.56,1,20,43008,47,Net New,No confirmed Inspiration match,Electrada only,ELC-1434,2026-06-27
,Albuquerque Yard,Albuquerque Airport Authority,MS,14,98.46,1,28,17982,65,Net New,No confirmed Inspiration match,Electrada only,ELC-1449,2026-06-27
,Atlanta Logistics Hub,Atlanta Courier Services,UT,20,97.86,1,80,76918,22,Net New,No confirmed Inspiration match,Electrada only,ELC-1464,2026-06-27
,Bakersfield Depot,Bakersfield Auto Parts Distribution,NC,28,99.66,2,56,72061,35,Net New,No confirmed Inspiration match,Electrada only,ELC-1482,2026-06-27
INS-022,Jackson Depot,Jackson Food Service Distribution,NE,20,93,6,40,17447,51,Auto-Merged,"Region match is true, name similarity is 0.88, and uptime delta is below 3%. | Source values - Inspiration uptime: 93.5%, Electrada uptime: 92.8%, Inspiration chargers: 20, Electrada chargers: 20",Both,ELC-1491,2026-06-27
INS-032,Mobile Distribution Hub,Mobile School District,MD,20,93.5,0,60,52678,84,Auto-Merged,"Region match is true, name similarity is 0.81, and uptime delta is below 3%. | Source values - Inspiration uptime: 95.4%, Electrada uptime: 92.6%, Inspiration chargers: 20, Electrada chargers: 20",Both,ELC-1508,2026-06-27
,Midland Charging Hub,Midland Telecom Services,MA,9,99.7,1,18,13054,41,Net New,No confirmed Inspiration match,Electrada only,ELC-1519,2026-06-27
,Duluth Yard,Duluth Auto Parts Distribution,WA,24,93.06,3,48,50607,20,Net New,No confirmed Inspiration match,Electrada only,ELC-1526,2026-06-27
,Little Rock Service Center,Little Rock Beverage Co.,MO,29,96.16,1,116,37713,76,Net New,No confirmed Inspiration match,Electrada only,ELC-1530,2026-06-27
,Toledo Logistics Hub,Toledo Courier Services,ID,15,99.6,5,45,17316,36,Net New,No confirmed Inspiration match,Electrada only,ELC-1533,2026-06-27
,Bozeman Logistics Hub,Bozeman Leasing Corporation,WA,8,94.76,2,16,33284,72,Net New,No confirmed Inspiration match,Electrada only,ELC-1535,2026-06-27
,Sioux Falls Logistics Center,Sioux Falls Distribution,KY,28,99.4,4,56,43763,35,Net New,No confirmed Inspiration match,Electrada only,ELC-1541,2026-06-27
,South Bend Yard,South Bend Utility Cooperative,WI,22,96.86,6,44,54228,47,Net New,No confirmed Inspiration match,Electrada only,ELC-1542,2026-06-27
,Fayetteville Depot,Fayetteville Leasing Corporation,NE,16,98.46,3,48,22145,43,Net New,No confirmed Inspiration match,Electrada only,ELC-1549,2026-06-27
,Boise Service Center,Boise Logistics,KS,28,99.26,2,56,50818,48,Net New,No confirmed Inspiration match,Electrada only,ELC-1556,2026-06-27
,Akron Service Center,Akron Equipment Rental,IN,26,94.46,3,104,42731,69,Net New,No confirmed Inspiration match,Electrada only,ELC-1569,2026-06-27
,Columbia Charging Hub,Columbia Beverage Co.,AZ,12,98.76,0,48,48408,61,Net New,No confirmed Inspiration match,Electrada only,ELC-1576,2026-06-27
,Scranton Yard,Scranton Telecom Services,MO,17,98.86,3,51,30895,56,Net New,No confirmed Inspiration match,Electrada only,ELC-1581,2026-06-27
,Lafayette Distribution Hub,Lafayette Leasing Corporation,NV,10,94.16,2,20,56568,57,Net New,No confirmed Inspiration match,Electrada only,ELC-1587,2026-06-27
,Augusta Logistics Center,Augusta Telecom Services,SC,25,99.4,3,100,40308,72,Net New,No confirmed Inspiration match,Electrada only,ELC-1592,2026-06-27
,Champaign Logistics Hub,Champaign Beverage Co.,ID,21,91.36,0,42,78432,59,Net New,No confirmed Inspiration match,Electrada only,ELC-1601,2026-06-27
,Lubbock Service Center,Lubbock Parcel Delivery,NV,27,99.4,6,108,64635,79,Net New,No confirmed Inspiration match,Electrada only,ELC-1606,2026-06-27
,Erie Yard,Erie Waste & Recycling,TX,13,99.56,0,52,14189,27,Net New,No confirmed Inspiration match,Electrada only,ELC-1619,2026-06-27
,Corpus Christi Fleet Center,Corpus Christi Airport Authority,KS,26,99.06,0,104,48688,44,Net New,No confirmed Inspiration match,Electrada only,ELC-1630,2026-06-27
,Fargo Charging Hub,Fargo Airport Authority,ID,12,96.36,4,36,26838,36,Net New,No confirmed Inspiration match,Electrada only,ELC-1633,2026-06-27
,Greensboro Charging Hub,Greensboro Courier Services,NM,9,99.46,1,27,37212,55,Net New,No confirmed Inspiration match,Electrada only,ELC-1645,2026-06-27
,Peoria Fleet Center,Peoria Beverage Co.,NM,19,96.66,4,76,72436,41,Net New,No confirmed Inspiration match,Electrada only,ELC-1660,2026-06-27
,Provo Logistics Center,Provo Telecom Services,FL,4,99.7,0,12,74765,29,Net New,No confirmed Inspiration match,Electrada only,ELC-1669,2026-06-27
INS-041,Pocatello Service Center,Pocatello Distribution,NC,12,99.7,5,24,51823,72,Net New,No confirmed Electrada match,Inspiration only,,2026-06-27
INS-042,Allentown Distribution Hub,Allentown Beverage Co.,MO,16,99.66,2,32,54877,85,Net New,No confirmed Electrada match,Inspiration only,,2026-06-27
INS-050,Rockford Fleet Center,Rockford Equipment Rental,MS,5,95.26,6,15,40094,44,Net New,No confirmed Electrada match,Inspiration only,,2026-06-27
INS-056,Wichita Falls Fleet Center,Wichita Falls School District,SC,6,95.96,5,12,32759,65,Net New,No confirmed Electrada match,Inspiration only,,2026-06-27
INS-059,San Antonio Yard,San Antonio Distribution,CO,8,99.16,4,16,14336,85,Net New,No confirmed Electrada match,Inspiration only,,2026-06-27
INS-063,Madison West Depot,Madison West Leasing Corporation,OK,23,99.26,5,92,31116,63,Net New,No confirmed Electrada match,Inspiration only,,2026-06-27
INS-068,Rochester MN Depot,Rochester MN Parcel Delivery,NE,27,92.2,0,54,75084,86,Auto-Merged,"Region match is true, name similarity is 0.92, and uptime delta is below 3%. | Source values - Inspiration uptime: 92.9%, Electrada uptime: 92.2%, Inspiration chargers: 27, Electrada chargers: 27",Both,ELC-1672,2026-06-27
INS-072,Athens Logistics Hub,Athens Food Service Distribution,NM,18,97.2,5,72,20509,40,Auto-Merged,"Region match is true, name similarity is 0.81, and uptime delta is below 3%. | Source values - Inspiration uptime: 97.1%, Electrada uptime: 95.5%, Inspiration chargers: 18, Electrada chargers: 18",Both,ELC-1682,2026-06-27
INS-073,Reno Depot,Reno Leasing Corporation,NV,16,89.4,0,48,30817,36,Auto-Merged,"Region match is true, name similarity is 0.87, and uptime delta is below 3%. | Source values - Inspiration uptime: 90.6%, Electrada uptime: 89.2%, Inspiration chargers: 16, Electrada chargers: 16",Both,ELC-1692,2026-06-27
INS-075,Macon Logistics Hub,Macon Courier Services,MS,17,93.7,6,34,15281,65,Auto-Merged,"Region match is true, name similarity is 0.81, and uptime delta is below 3%. | Source values - Inspiration uptime: 94.5%, Electrada uptime: 94.2%, Inspiration chargers: 17, Electrada chargers: 17",Both,ELC-1700,2026-06-27
INS-076,Springfield IL Logistics Hub,Springfield IL School District,IN,30,97.5,2,120,39705,90,Auto-Merged,"Region match is true, name similarity is 0.78, and uptime delta is below 3%. | Source values - Inspiration uptime: 97.8%, Electrada uptime: 95.8%, Inspiration chargers: 30, Electrada chargers: 30",Both,ELC-1707,2026-06-27
INS-083,Fort Smith Yard,Fort Smith Freight Lines,TX,20,97.7,5,40,32826,87,Auto-Merged,"Region match is true, name similarity is 0.85, and uptime delta is below 3%. | Source values - Inspiration uptime: 97.1%, Electrada uptime: 94.4%, Inspiration chargers: 20, Electrada chargers: 20",Both,ELC-1714,2026-06-27
INS-093,Newark Logistics Hub,Newark Leasing Corporation,KY,17,93.5,0,68,13763,45,Auto-Merged,"Region match is true, name similarity is 0.9, and uptime delta is below 3%. | Source values - Inspiration uptime: 92.9%, Electrada uptime: 92.1%, Inspiration chargers: 17, Electrada chargers: 17",Both,ELC-1716,2026-06-27
,Bismarck Logistics Hub,Bismarck Equipment Rental,OK,19,91.86,1,57,28407,35,Net New,No confirmed Inspiration match,Electrada only,ELC-1731,2026-06-27
,Texarkana Fleet Center,Texarkana School District,AZ,16,92.26,0,48,40937,41,Net New,No confirmed Inspiration match,Electrada only,ELC-1746,2026-06-27
,Salem OR Depot,Salem OR Waste & Recycling,CA,8,92.96,0,24,35138,23,Net New,No confirmed Inspiration match,Electrada only,ELC-1752,2026-06-27
,Dubuque Depot,Dubuque Equipment Rental,WY,12,99.5,3,48,33946,68,Net New,No confirmed Inspiration match,Electrada only,ELC-1754,2026-06-27
,Alexandria LA Yard,Alexandria LA Distribution,SD,24,96.86,7,48,19227,82,Net New,No confirmed Inspiration match,Electrada only,ELC-1757,2026-06-27
,Aberdeen Charging Hub,Aberdeen Leasing Corporation,KY,15,95.26,5,45,54563,24,Net New,No confirmed Inspiration match,Electrada only,ELC-1768,2026-06-27
,Pueblo Distribution Hub,Pueblo Equipment Rental,UT,29,98.76,3,87,66745,29,Net New,No confirmed Inspiration match,Electrada only,ELC-1777,2026-06-27
,Grand Junction Fleet Center,Grand Junction Waste & Recycling,SD,14,98.66,5,56,73701,88,Net New,No confirmed Inspiration match,Electrada only,ELC-1792,2026-06-27
,Watertown Logistics Center,Watertown Equipment Rental,GA,30,95.26,0,90,54028,50,Net New,No confirmed Inspiration match,Electrada only,ELC-1807,2026-06-27
,Gillette Logistics Hub,Gillette Beverage Co.,AR,29,90.06,2,58,53800,56,Net New,No confirmed Inspiration match,Electrada only,ELC-1821,2026-06-27
,Olympia Service Center,Olympia Telecom Services,IN,30,98.06,2,60,12704,30,Net New,No confirmed Inspiration match,Electrada only,ELC-1830,2026-06-27
,Fort Collins Logistics Hub,Fort Collins Leasing Corporation,AR,16,97.86,5,32,15495,58,Net New,No confirmed Inspiration match,Electrada only,ELC-1837,2026-06-27
,Topeka Service Center,Topeka Beverage Co.,AR,16,99.66,2,32,31030,80,Net New,No confirmed Inspiration match,Electrada only,ELC-1840,2026-06-27
,Joplin Fleet Center,Joplin Freight Lines,KS,17,99.66,6,51,34241,74,Net New,No confirmed Inspiration match,Electrada only,ELC-1852,2026-06-27
,Merced Distribution Hub,Merced Equipment Rental,MD,29,97.36,3,116,59451,90,Net New,No confirmed Inspiration match,Electrada only,ELC-1860,2026-06-27
,Manhattan KS Logistics Hub,Manhattan KS Leasing Corporation,WI,13,96.86,2,39,70980,78,Net New,No confirmed Inspiration match,Electrada only,ELC-1873,2026-06-27
,Rapid City West Logistics Hub,Rapid City West Logistics,GA,20,97.96,1,40,23262,83,Net New,No confirmed Inspiration match,Electrada only,ELC-1886,2026-06-27
,Springfield MO Fleet Center,Springfield MO Waste & Recycling,CO,25,96.26,4,75,10717,29,Net New,No confirmed Inspiration match,Electrada only,ELC-1896,2026-06-27
,Chico Service Center,Chico Parcel Delivery,UT,28,95.66,5,112,51226,23,Net New,No confirmed Inspiration match,Electrada only,ELC-1903,2026-06-27
,Cedar Rapids Fleet Center,Cedar Rapids Auto Parts Distribution,NV,24,99.7,2,96,12904,28,Net New,No confirmed Inspiration match,Electrada only,ELC-1909,2026-06-27
INS-103,Yuma Fleet Center,Yuma Logistics,GA,8,95.06,4,32,38224,46,Net New,No confirmed Electrada match,Inspiration only,,2026-06-27
INS-113,Medford Logistics Hub,Medford Parcel Delivery,AR,23,92.96,3,69,65354,74,Net New,No confirmed Electrada match,Inspiration only,,2026-06-27
INS-116,Bellingham Logistics Center,Bellingham School District,OK,18,97.06,4,54,56966,44,Net New,No confirmed Electrada match,Inspiration only,,2026-06-27
INS-119,Greeley Yard,Greeley Courier Services,MS,10,96.16,4,40,57326,65,Net New,No confirmed Electrada match,Inspiration only,,2026-06-27
INS-124,Colorado Springs Depot,Colorado Springs Equipment Rental,MS,23,88.5,4,69,26821,73,Auto-Merged,"Region match is true, name similarity is 0.89, and uptime delta is below 3%. | Source values - Inspiration uptime: 88.0%, Electrada uptime: 85.6%, Inspiration chargers: 23, Electrada chargers: 23",Both,ELC-1924,2026-06-27
INS-128,Flagstaff Service Center,Flagstaff Leasing Corporation,MO,14,95.7,3,28,65463,37,Auto-Merged,"Region match is true, name similarity is 0.79, and uptime delta is below 3%. | Source values - Inspiration uptime: 95.3%, Electrada uptime: 92.7%, Inspiration chargers: 14, Electrada chargers: 14",Both,ELC-1925,2026-06-27
INS-137,Bend Yard,Bend Logistics,AZ,5,94,1,15,36760,56,Auto-Merged,"Region match is true, name similarity is 0.82, and uptime delta is below 3%. | Source values - Inspiration uptime: 95.0%, Electrada uptime: 94.2%, Inspiration chargers: 5, Electrada chargers: 5",Both,ELC-1940,2026-06-27
INS-139,Tyler Distribution Hub,Tyler Freight Lines,SC,27,94.1,1,108,70305,54,Auto-Merged,"Region match is true, name similarity is 0.89, and uptime delta is below 3%. | Source values - Inspiration uptime: 93.1%, Electrada uptime: 90.7%, Inspiration chargers: 27, Electrada chargers: 27",Both,ELC-1945,2026-06-27
INS-144,Modesto Yard,Modesto Telecom Services,IN,8,97.4,2,16,16626,20,Auto-Merged,"Region match is true, name similarity is 0.92, and uptime delta is below 3%. | Source values - Inspiration uptime: 94.7%, Electrada uptime: 93.4%, Inspiration chargers: 8, Electrada chargers: 8",Both,ELC-1950,2026-06-27
INS-145,Killeen Service Center,Killeen Waste & Recycling,LA,6,92.5,6,12,11532,83,Auto-Merged,"Region match is true, name similarity is 0.77, and uptime delta is below 3%. | Source values - Inspiration uptime: 93.6%, Electrada uptime: 92.3%, Inspiration chargers: 6, Electrada chargers: 6",Both,ELC-1960,2026-06-27
INS-154,Laramie Service Center,Laramie Parcel Delivery,AZ,30,93.6,1,90,75726,46,Auto-Merged,"Region match is true, name similarity is 0.86, and uptime delta is below 3%. | Source values - Inspiration uptime: 91.7%, Electrada uptime: 91.0%, Inspiration chargers: 30, Electrada chargers: 30",Both,ELC-1968,2026-06-27
INS-164,Redding Logistics Center,Redding Leasing Corporation,NE,17,93.9,4,68,38727,62,Auto-Merged,"Region match is true, name similarity is 0.93, and uptime delta is below 3%. | Source values - Inspiration uptime: 92.7%, Electrada uptime: 91.6%, Inspiration chargers: 17, Electrada chargers: 17",Both,ELC-1979,2026-06-27
,Elgin Distribution Hub,Elgin Utility Cooperative,OK,25,99.56,1,75,37760,79,Net New,No confirmed Inspiration match,Electrada only,ELC-1984,2026-06-27
,Huntington Fleet Center,Huntington Equipment Rental,VA,10,90.56,5,20,28719,65,Net New,No confirmed Inspiration match,Electrada only,ELC-1989,2026-06-27
,Freeport Service Center,Freeport Beverage Co.,NC,7,96.86,1,28,55959,25,Net New,No confirmed Inspiration match,Electrada only,ELC-1996,2026-06-27
,Dixon Fleet Center,Dixon Courier Services,MS,24,96.96,0,72,12279,43,Net New,No confirmed Inspiration match,Electrada only,ELC-2001,2026-06-27
,Richmond IN Logistics Hub,Richmond IN Parcel Delivery,MN,17,95.46,0,51,25860,72,Net New,No confirmed Inspiration match,Electrada only,ELC-2006,2026-06-27
,Danville Fleet Center,Danville Logistics,SC,10,95.36,2,30,37445,73,Net New,No confirmed Inspiration match,Electrada only,ELC-2018,2026-06-27
,Stevens Point Charging Hub,Stevens Point Beverage Co.,AZ,8,94.56,8,32,66466,34,Net New,No confirmed Inspiration match,Electrada only,ELC-2025,2026-06-27
,Bloomington South Yard,Bloomington South Parcel Delivery,CO,25,98.56,7,100,71594,81,Net New,No confirmed Inspiration match,Electrada only,ELC-2033,2026-06-27
,Beloit Logistics Center,Beloit Beverage Co.,MT,12,96.36,4,24,68520,66,Net New,No confirmed Inspiration match,Electrada only,ELC-2040,2026-06-27
,Elkhart Depot,Elkhart School District,TN,22,93.46,0,88,14609,39,Net New,No confirmed Inspiration match,Electrada only,ELC-2054,2026-06-27
,Sheboygan Depot,Sheboygan Leasing Corporation,ND,26,90.86,5,104,11063,29,Net New,No confirmed Inspiration match,Electrada only,ELC-2059,2026-06-27
,Kokomo Charging Hub,Kokomo Utility Cooperative,GA,24,92.96,1,72,14741,35,Net New,No confirmed Inspiration match,Electrada only,ELC-2061,2026-06-27
,Sterling Distribution Hub,Sterling Parcel Delivery,ND,26,90.56,2,78,11887,78,Net New,No confirmed Inspiration match,Electrada only,ELC-2074,2026-06-27
,Muncie Service Center,Muncie Logistics,UT,30,98.96,0,90,28519,81,Net New,No confirmed Inspiration match,Electrada only,ELC-2081,2026-06-27
,Warsaw Yard,Warsaw Beverage Co.,NV,27,96.46,1,81,65690,81,Net New,No confirmed Inspiration match,Electrada only,ELC-2091,2026-06-27
,Joliet Charging Hub,Joliet Food Service Distribution,OK,8,94.26,2,32,33678,65,Net New,No confirmed Inspiration match,Electrada only,ELC-2098,2026-06-27
,Columbus IN Charging Hub,Columbus IN Distribution,IN,17,91.66,3,68,71040,40,Net New,No confirmed Inspiration match,Electrada only,ELC-2110,2026-06-27
,New Albany Yard,New Albany Beverage Co.,IA,6,99.16,4,24,21779,48,Net New,No confirmed Inspiration match,Electrada only,ELC-2122,2026-06-27
,La Crosse Depot,La Crosse Parcel Delivery,AR,19,98.16,0,57,30201,39,Net New,No confirmed Inspiration match,Electrada only,ELC-2125,2026-06-27
,Decatur Service Center,Decatur Telecom Services,ND,11,93.06,1,22,32560,71,Net New,No confirmed Inspiration match,Electrada only,ELC-2130,2026-06-27
,Owensboro Distribution Hub,Owensboro Beverage Co.,NC,17,99.36,1,68,50910,88,Net New,No confirmed Inspiration match,Electrada only,ELC-2141,2026-06-27
INS-172,Rockford North Service Center,Rockford North Airport Authority,CO,25,97.76,1,75,31655,60,Net New,No confirmed Electrada match,Inspiration only,,2026-06-27
INS-177,Jeffersonville Charging Hub,Jeffersonville Parcel Delivery,NM,6,93.76,0,24,50573,61,Net New,No confirmed Electrada match,Inspiration only,,2026-06-27
INS-180,Anderson Logistics Center,Anderson Beverage Co.,CO,24,99.16,2,48,30179,32,Net New,No confirmed Electrada match,Inspiration only,,2026-06-27
INS-182,Marshfield Distribution Hub,Marshfield Waste & Recycling,MN,19,95.56,6,57,37360,53,Net New,No confirmed Electrada match,Inspiration only,,2026-06-27
INS-183,Oshkosh Fleet Center,Oshkosh Logistics,KY,28,97.46,1,84,59434,45,Net New,No confirmed Electrada match,Inspiration only,,2026-06-27
INS-189,Wabash Fleet Center,Wabash Utility Cooperative,WI,5,98.76,0,15,60642,88,Net New,No confirmed Electrada match,Inspiration only,,2026-06-27
INS-197,Bloomington IL Depot,Bloomington IL Waste & Recycling,OK,18,95.26,5,36,57698,47,Net New,No confirmed Electrada match,Inspiration only,,2026-06-27
INS-203,Janesville Distribution Hub,Janesville Distribution,CO,18,99.7,5,54,21789,59,Net New,No confirmed Electrada match,Inspiration only,,2026-06-27
INS-204,Lafayette IN Logistics Center,Lafayette IN Courier Services,TX,21,99.56,4,63,21103,63,Net New,No confirmed Electrada match,Inspiration only,,2026-06-27
INS-206,Waukegan Charging Hub,Waukegan Distribution,NC,16,89.6,3,48,75870,27,Auto-Merged,"Region match is true, name similarity is 0.88, and uptime delta is below 3%. | Source values - Inspiration uptime: 88.7%, Electrada uptime: 86.4%, Inspiration chargers: 16, Electrada chargers: 16",Both,ELC-2151,2026-06-27
INS-212,Wausau Depot,Wausau Telecom Services,FL,16,88,2,32,71903,76,Conflict - Needs Resolution,"Region match is true and name similarity is 0.77, but uptime delta exceeds 3%. | Source values - Inspiration uptime: 88.0%, Electrada uptime: 82.7%, Inspiration chargers: 16, Electrada chargers: 16",Both,ELC-2166,2026-06-27
INS-217,Elizabethtown Logistics Hub,Elizabethtown Equipment Rental,KY,24,90.4,3,72,52265,64,Auto-Merged,"Region match is true, name similarity is 0.76, and uptime delta is below 3%. | Source values - Inspiration uptime: 90.0%, Electrada uptime: 88.8%, Inspiration chargers: 24, Electrada chargers: 24",Both,ELC-2178,2026-06-27
INS-221,Eau Claire Yard,Eau Claire Logistics,OH,7,95.3,3,14,19619,72,Auto-Merged,"Region match is true, name similarity is 0.81, and uptime delta is below 3%. | Source values - Inspiration uptime: 95.8%, Electrada uptime: 94.3%, Inspiration chargers: 7, Electrada chargers: 7",Both,ELC-2186,2026-06-27
INS-228,Frankfort Depot,Frankfort School District,NC,7,89.7,2,21,12864,78,Auto-Merged,"Region match is true, name similarity is 0.9, and uptime delta is below 3%. | Source values - Inspiration uptime: 89.3%, Electrada uptime: 87.5%, Inspiration chargers: 7, Electrada chargers: 7",Both,ELC-2194,2026-06-27
INS-238,Mishawaka Logistics Hub,Mishawaka Equipment Rental,UT,5,92.8,3,15,57322,21,Auto-Merged,"Region match is true, name similarity is 0.89, and uptime delta is below 3%. | Source values - Inspiration uptime: 93.9%, Electrada uptime: 92.2%, Inspiration chargers: 5, Electrada chargers: 5",Both,ELC-2201,2026-06-27
INS-247,Henderson Fleet Center,Henderson Waste & Recycling,NE,23,93.6,1,69,74254,38,Auto-Merged,"Region match is true, name similarity is 0.82, and uptime delta is below 3%. | Source values - Inspiration uptime: 92.6%, Electrada uptime: 90.5%, Inspiration chargers: 23, Electrada chargers: 23",Both,ELC-2213,2026-06-27
INS-255,Marion IN Fleet Center,Marion IN Beverage Co.,UT,13,98.1,4,39,50222,43,Auto-Merged,"Region match is true, name similarity is 0.89, and uptime delta is below 3%. | Source values - Inspiration uptime: 96.5%, Electrada uptime: 95.9%, Inspiration chargers: 13, Electrada chargers: 13",Both,ELC-2225,2026-06-27
,Petoskey Fleet Center,Petoskey Auto Parts Distribution,WA,4,98.86,6,16,54264,56,Net New,No confirmed Inspiration match,Electrada only,ELC-2236,2026-06-27
,Manistee Fleet Center,Manistee Telecom Services,ID,20,97.96,4,40,77746,77,Net New,No confirmed Inspiration match,Electrada only,ELC-2245,2026-06-27
,Niles Fleet Center,Niles School District,NM,11,92.36,4,44,28415,83,Net New,No confirmed Inspiration match,Electrada only,ELC-2253,2026-06-27
,Traverse City Service Center,Traverse City Logistics,VA,29,99.26,1,87,46767,22,Net New,No confirmed Inspiration match,Electrada only,ELC-2254,2026-06-27
,Ionia Fleet Center,Ionia Freight Lines,ND,10,91.06,0,40,61422,42,Net New,No confirmed Inspiration match,Electrada only,ELC-2262,2026-06-27
,Owosso Logistics Hub,Owosso Logistics,MT,19,93.96,3,38,75402,89,Net New,No confirmed Inspiration match,Electrada only,ELC-2275,2026-06-27
,Menominee Charging Hub,Menominee Parcel Delivery,NV,19,97.16,6,38,59201,28,Net New,No confirmed Inspiration match,Electrada only,ELC-2276,2026-06-27
,Clare Distribution Hub,Clare Telecom Services,CO,25,98.26,3,100,53309,38,Net New,No confirmed Inspiration match,Electrada only,ELC-2279,2026-06-27
,Holland MI Depot,Holland MI Distribution,MD,18,88.76,1,36,15630,79,Net New,No confirmed Inspiration match,Electrada only,ELC-2286,2026-06-27
,Coldwater Fleet Center,Coldwater School District,SD,13,99.7,2,39,62867,88,Net New,No confirmed Inspiration match,Electrada only,ELC-2293,2026-06-27
,Three Rivers Service Center,Three Rivers Utility Cooperative,TN,11,91.96,6,33,53380,38,Net New,No confirmed Inspiration match,Electrada only,ELC-2299,2026-06-27
,Ludington Distribution Hub,Ludington Telecom Services,TN,25,93.66,2,50,41642,31,Net New,No confirmed Inspiration match,Electrada only,ELC-2300,2026-06-27
,Greenville MI Fleet Center,Greenville MI Leasing Corporation,AL,11,96.16,1,33,79657,55,Net New,No confirmed Inspiration match,Electrada only,ELC-2304,2026-06-27
,Flint Depot,Flint Distribution,IL,20,92.16,4,60,19321,28,Net New,No confirmed Inspiration match,Electrada only,ELC-2310,2026-06-27
,Kalamazoo Logistics Center,Kalamazoo Telecom Services,NM,8,98.66,4,32,52089,52,Net New,No confirmed Inspiration match,Electrada only,ELC-2318,2026-06-27
,Jackson MI Fleet Center,Jackson MI Airport Authority,TN,18,95.86,2,36,52602,56,Net New,No confirmed Inspiration match,Electrada only,ELC-2332,2026-06-27
,Fenton Service Center,Fenton Waste & Recycling,AL,27,99.56,1,54,43788,65,Net New,No confirmed Inspiration match,Electrada only,ELC-2340,2026-06-27
,Tecumseh Distribution Hub,Tecumseh Logistics,WI,6,98.16,7,18,58527,47,Net New,No confirmed Inspiration match,Electrada only,ELC-2351,2026-06-27
,Ironwood Logistics Center,Ironwood Parcel Delivery,ND,27,93.66,3,108,32677,58,Net New,No confirmed Inspiration match,Electrada only,ELC-2363,2026-06-27
INS-263,Marquette Distribution Hub,Marquette Auto Parts Distribution,NC,28,98.16,2,112,72343,61,Net New,No confirmed Electrada match,Inspiration only,,2026-06-27
INS-270,Lansing Charging Hub,Lansing Beverage Co.,NM,7,97.46,0,28,21384,52,Net New,No confirmed Electrada match,Inspiration only,,2026-06-27
INS-273,Houghton Service Center,Houghton Utility Cooperative,MI,10,96.26,3,30,62663,35,Net New,No confirmed Electrada match,Inspiration only,,2026-06-27
INS-282,Gladwin Logistics Hub,Gladwin Auto Parts Distribution,UT,7,98.26,0,14,69896,40,Net New,No confirmed Electrada match,Inspiration only,,2026-06-27
INS-286,Sault Ste Marie Depot,Sault Ste Marie Waste & Recycling,VA,10,96.96,0,30,58637,33,Net New,No confirmed Electrada match,Inspiration only,,2026-06-27
INS-294,Ypsilanti Logistics Center,Ypsilanti School District,UT,18,97.96,0,54,34179,90,Net New,No confirmed Electrada match,Inspiration only,,2026-06-27
INS-300,Sturgis Logistics Hub,Sturgis Parcel Delivery,AZ,15,95.36,1,60,69424,87,Net New,No confirmed Electrada match,Inspiration only,,2026-06-27
INS-310,Bay City Service Center,Bay City Auto Parts Distribution,CO,19,89.5,6,76,23714,71,Auto-Merged,"Region match is true, name similarity is 0.91, and uptime delta is below 3%. | Source values - Inspiration uptime: 89.4%, Electrada uptime: 87.6%, Inspiration chargers: 19, Electrada chargers: 19",Both,ELC-2371,2026-06-27
INS-318,Grand Rapids Distribution Hub,Grand Rapids Parcel Delivery,WA,15,93.6,1,45,58829,24,Auto-Merged,"Region match is true, name similarity is 0.91, and uptime delta is below 3%. | Source values - Inspiration uptime: 93.7%, Electrada uptime: 91.2%, Inspiration chargers: 15, Electrada chargers: 15",Both,ELC-2382,2026-06-27
INS-319,Standish Logistics Hub,Standish Logistics,ND,26,96.7,4,104,55690,76,Auto-Merged,"Region match is true, name similarity is 0.75, and uptime delta is below 3%. | Source values - Inspiration uptime: 96.4%, Electrada uptime: 94.7%, Inspiration chargers: 26, Electrada chargers: 26",Both,ELC-2391,2026-06-27
INS-329,Ann Arbor Logistics Hub,Ann Arbor Telecom Services,WI,28,96.5,6,56,74833,51,Auto-Merged,"Region match is true, name similarity is 0.79, and uptime delta is below 3%. | Source values - Inspiration uptime: 95.3%, Electrada uptime: 93.8%, Inspiration chargers: 28, Electrada chargers: 28",Both,ELC-2392,2026-06-27
INS-339,Dowagiac Charging Hub,Dowagiac Beverage Co.,IA,10,96.4,4,30,12396,61,Auto-Merged,"Region match is true, name similarity is 0.86, and uptime delta is below 3%. | Source values - Inspiration uptime: 98.3%, Electrada uptime: 97.7%, Inspiration chargers: 10, Electrada chargers: 10",Both,ELC-2397,2026-06-27
INS-341,Alpena Logistics Hub,Alpena Equipment Rental,NE,13,92.1,5,52,36756,72,Auto-Merged,"Region match is true, name similarity is 0.9, and uptime delta is below 3%. | Source values - Inspiration uptime: 93.5%, Electrada uptime: 93.3%, Inspiration chargers: 13, Electrada chargers: 13",Both,ELC-2405,2026-06-27
,Ithaca Distribution Hub,Ithaca Auto Parts Distribution,CT,6,99.66,5,12,52518,58,Net New,No confirmed Inspiration match,Electrada only,ELC-2419,2026-06-27
,Kingston NY Depot,Kingston NY Freight Lines,FL,10,98.76,2,20,68014,77,Net New,No confirmed Inspiration match,Electrada only,ELC-2427,2026-06-27
,Worcester Service Center,Worcester Auto Parts Distribution,RI,9,99.5,4,18,17594,86,Net New,No confirmed Inspiration match,Electrada only,ELC-2435,2026-06-27
,Oswego Distribution Hub,Oswego Equipment Rental,VT,21,91.86,8,42,28210,65,Net New,No confirmed Inspiration match,Electrada only,ELC-2442,2026-06-27
,Gloversville Yard,Gloversville Beverage Co.,MI,13,96.96,4,52,51875,79,Net New,No confirmed Inspiration match,Electrada only,ELC-2443,2026-06-27
,Elmira Yard,Elmira School District,KS,6,96.96,5,24,33981,72,Net New,No confirmed Inspiration match,Electrada only,ELC-2450,2026-06-27
,Bangor Logistics Hub,Bangor School District,VA,15,95.36,7,60,78428,69,Net New,No confirmed Inspiration match,Electrada only,ELC-2454,2026-06-27
,New Haven Depot,New Haven Beverage Co.,AL,27,97.76,0,54,11393,49,Net New,No confirmed Inspiration match,Electrada only,ELC-2465,2026-06-27
,Concord NH Charging Hub,Concord NH Telecom Services,ND,22,98.66,2,88,74779,26,Net New,No confirmed Inspiration match,Electrada only,ELC-2467,2026-06-27
,Fall River Fleet Center,Fall River School District,AZ,6,97.46,4,24,66843,21,Net New,No confirmed Inspiration match,Electrada only,ELC-2469,2026-06-27
,Danbury Yard,Danbury School District,NV,29,96.56,6,87,51477,88,Net New,No confirmed Inspiration match,Electrada only,ELC-2470,2026-06-27
,Watertown NY Yard,Watertown NY Airport Authority,NM,30,98.86,5,90,39443,86,Net New,No confirmed Inspiration match,Electrada only,ELC-2483,2026-06-27
,Rutland Depot,Rutland Beverage Co.,MO,25,97.16,6,50,36040,58,Net New,No confirmed Inspiration match,Electrada only,ELC-2496,2026-06-27
,Plattsburgh Yard,Plattsburgh Equipment Rental,PA,19,95.06,0,38,14981,57,Net New,No confirmed Inspiration match,Electrada only,ELC-2506,2026-06-27
,Augusta ME Fleet Center,Augusta ME School District,OR,13,96.96,5,39,78631,49,Net New,No confirmed Inspiration match,Electrada only,ELC-2512,2026-06-27
,Binghamton Fleet Center,Binghamton Telecom Services,VA,29,97.06,6,116,17485,81,Net New,No confirmed Inspiration match,Electrada only,ELC-2523,2026-06-27
,Cortland Yard,Cortland Beverage Co.,KS,6,89.06,1,18,51693,87,Net New,No confirmed Inspiration match,Electrada only,ELC-2525,2026-06-27
,Burlington VT Distribution Hub,Burlington VT Auto Parts Distribution,WA,10,92.56,0,40,75276,49,Net New,No confirmed Inspiration match,Electrada only,ELC-2526,2026-06-27
,Auburn NY Logistics Center,Auburn NY Leasing Corporation,MN,7,92.26,3,21,15011,72,Net New,No confirmed Inspiration match,Electrada only,ELC-2531,2026-06-27
,Poughkeepsie Charging Hub,Poughkeepsie Airport Authority,OR,29,94.16,0,116,52572,64,Net New,No confirmed Inspiration match,Electrada only,ELC-2535,2026-06-27
,Niagara Falls Distribution Hub,Niagara Falls Beverage Co.,NM,19,90.06,3,76,14872,43,Net New,No confirmed Inspiration match,Electrada only,ELC-2537,2026-06-27
,Lowell Service Center,Lowell Parcel Delivery,WA,20,96.06,5,60,69786,51,Net New,No confirmed Inspiration match,Electrada only,ELC-2544,2026-06-27
,Utica Service Center,Utica Utility Cooperative,KY,21,93.66,0,84,53928,21,Net New,No confirmed Inspiration match,Electrada only,ELC-2551,2026-06-27
,Springfield MA Depot,Springfield MA Freight Lines,UT,20,93.36,5,80,37300,37,Net New,No confirmed Inspiration match,Electrada only,ELC-2556,2026-06-27
,Glens Falls Logistics Center,Glens Falls Beverage Co.,NV,20,91.76,2,80,64156,85,Net New,No confirmed Inspiration match,Electrada only,ELC-2559,2026-06-27
INS-348,Norwalk Distribution Hub,Norwalk Distribution,TN,25,99.66,2,75,35526,30,Net New,No confirmed Electrada match,Inspiration only,,2026-06-27
INS-356,New Bedford Fleet Center,New Bedford Food Service Distribution,MS,6,93.76,1,18,71018,22,Net New,No confirmed Electrada match,Inspiration only,,2026-06-27
INS-366,Cranston Service Center,Cranston Equipment Rental,UT,18,96.66,3,72,74254,74,Net New,No confirmed Electrada match,Inspiration only,,2026-06-27
INS-371,Nashua Depot,Nashua Food Service Distribution,IA,24,90.26,0,96,30010,47,Net New,No confirmed Electrada match,Inspiration only,,2026-06-27
INS-375,Warwick Depot,Warwick Telecom Services,KY,4,97.56,6,16,50628,41,Net New,No confirmed Electrada match,Inspiration only,,2026-06-27
INS-379,Hudson NY Logistics Center,Hudson NY Parcel Delivery,WA,27,90.66,4,54,75369,56,Net New,No confirmed Electrada match,Inspiration only,,2026-06-27
INS-384,Montpelier Logistics Hub,Montpelier Airport Authority,RI,5,94.86,4,20,53626,78,Net New,No confirmed Electrada match,Inspiration only,,2026-06-27
INS-391,Schenectady Logistics Hub,Schenectady Equipment Rental,OK,4,97.06,2,12,39923,61,Net New,No confirmed Electrada match,Inspiration only,,2026-06-27
INS-395,Albany Distribution Hub,Albany Freight Lines,TN,26,95.86,3,78,64369,26,Net New,No confirmed Electrada match,Inspiration only,,2026-06-27
INS-403,Bridgeport Yard,Bridgeport Beverage Co.,VT,21,98.06,6,63,15877,23,Net New,No confirmed Electrada match,Inspiration only,,2026-06-27
INS-405,Manchester NH Charging Hub,Manchester NH Beverage Co.,MN,27,90.96,4,108,35142,81,Net New,No confirmed Electrada match,Inspiration only,,2026-06-27
INS-410,Hartford Depot,Hartford Courier Services,CA,5,99.16,0,15,61311,48,Net New,No confirmed Electrada match,Inspiration only,,2026-06-27
,Ashburn Service Center,Ashburn Equipment Rental,NH,23,98.36,2,46,55515,87,Net New,No confirmed Inspiration match,Electrada only,ELC-2564,2026-06-27
,Lexington VA Distribution Hub,Lexington VA Airport Authority,NM,8,90.96,1,24,36030,88,Net New,No confirmed Inspiration match,Electrada only,ELC-2569,2026-06-27
,Warrenton Charging Hub,Warrenton Telecom Services,MT,29,96.16,7,58,10974,25,Net New,No confirmed Inspiration match,Electrada only,ELC-2580,2026-06-27
,Petersburg VA Service Center,Petersburg VA Auto Parts Distribution,AR,11,99.4,6,22,51376,32,Net New,No confirmed Inspiration match,Electrada only,ELC-2589,2026-06-27
,Cumberland MD Distribution Hub,Cumberland MD Parcel Delivery,OH,22,93.36,2,66,51772,83,Net New,No confirmed Inspiration match,Electrada only,ELC-2592,2026-06-27
,Martinsville Depot,Martinsville Freight Lines,VA,15,94.96,3,30,54343,29,Net New,No confirmed Inspiration match,Electrada only,ELC-2601,2026-06-27
,Chesapeake Yard,Chesapeake Freight Lines,MI,4,93.56,4,8,29106,39,Net New,No confirmed Inspiration match,Electrada only,ELC-2603,2026-06-27
,Gaithersburg Depot,Gaithersburg Courier Services,RI,14,95.56,2,28,49937,30,Net New,No confirmed Inspiration match,Electrada only,ELC-2616,2026-06-27
,Staunton Service Center,Staunton Waste & Recycling,AR,7,94.86,3,21,47810,84,Net New,No confirmed Inspiration match,Electrada only,ELC-2627,2026-06-27
,Salisbury MD Yard,Salisbury MD Utility Cooperative,VA,13,97.56,4,26,59151,61,Net New,No confirmed Inspiration match,Electrada only,ELC-2631,2026-06-27
,Franklin VA Depot,Franklin VA Food Service Distribution,GA,8,90.86,1,24,10723,45,Net New,No confirmed Inspiration match,Electrada only,ELC-2643,2026-06-27
,Waynesboro Service Center,Waynesboro Parcel Delivery,AR,20,96.56,5,40,66862,82,Net New,No confirmed Inspiration match,Electrada only,ELC-2655,2026-06-27
,Emporia Fleet Center,Emporia Leasing Corporation,NV,17,93.76,5,68,57423,51,Net New,No confirmed Inspiration match,Electrada only,ELC-2666,2026-06-27
,South Boston Depot,South Boston Courier Services,GA,18,97.06,3,72,16476,66,Net New,No confirmed Inspiration match,Electrada only,ELC-2672,2026-06-27
,Rockville Yard,Rockville Airport Authority,IN,19,99.56,0,38,28335,32,Net New,No confirmed Inspiration match,Electrada only,ELC-2673,2026-06-27
,Silver Spring Distribution Hub,Silver Spring School District,NH,19,98.26,4,38,68829,74,Net New,No confirmed Inspiration match,Electrada only,ELC-2684,2026-06-27
,Charlottesville Fleet Center,Charlottesville Telecom Services,WA,4,94.26,2,8,34724,40,Net New,No confirmed Inspiration match,Electrada only,ELC-2695,2026-06-27
,Woodbridge Logistics Center,Woodbridge Freight Lines,NM,30,96.26,6,120,79015,66,Net New,No confirmed Inspiration match,Electrada only,ELC-2706,2026-06-27
,Hopewell Depot,Hopewell Beverage Co.,MO,27,95.86,2,108,24457,79,Net New,No confirmed Inspiration match,Electrada only,ELC-2716,2026-06-27
,Radford Depot,Radford Utility Cooperative,NY,22,95.86,5,66,66792,37,Net New,No confirmed Inspiration match,Electrada only,ELC-2725,2026-06-27
,Blacksburg Depot,Blacksburg Airport Authority,ND,14,95.96,2,28,66802,33,Net New,No confirmed Inspiration match,Electrada only,ELC-2738,2026-06-27
INS-418,Portsmouth VA Logistics Center,Portsmouth VA Courier Services,OR,9,96.46,6,27,23153,26,Net New,No confirmed Electrada match,Inspiration only,,2026-06-27
INS-426,Harrisonburg Logistics Hub,Harrisonburg Food Service Distribution,SD,21,99.6,1,63,60149,68,Net New,No confirmed Electrada match,Inspiration only,,2026-06-27
INS-436,Abingdon Logistics Center,Abingdon Beverage Co.,LA,26,97.06,3,78,68746,82,Net New,No confirmed Electrada match,Inspiration only,,2026-06-27
INS-443,Bethesda Service Center,Bethesda Food Service Distribution,NE,6,96.76,2,24,42531,78,Net New,No confirmed Electrada match,Inspiration only,,2026-06-27
INS-449,Farmville Fleet Center,Farmville Telecom Services,ME,28,99.7,1,56,31653,65,Net New,No confirmed Electrada match,Inspiration only,,2026-06-27
INS-457,Leesburg Service Center,Leesburg Utility Cooperative,FL,7,99.66,6,21,64210,58,Net New,No confirmed Electrada match,Inspiration only,,2026-06-27
INS-466,Colonial Heights Charging Hub,Colonial Heights Auto Parts Distribution,CT,19,95.56,2,76,27114,86,Net New,No confirmed Electrada match,Inspiration only,,2026-06-27
INS-474,Frederick MD Fleet Center,Frederick MD Utility Cooperative,ND,9,91.56,1,18,79710,47,Net New,No confirmed Electrada match,Inspiration only,,2026-06-27
INS-483,Winchester VA Depot,Winchester VA Beverage Co.,TX,20,96.86,1,40,31976,55,Net New,No confirmed Electrada match,Inspiration only,,2026-06-27
INS-492,Christiansburg Yard,Christiansburg Freight Lines,LA,17,94,1,51,79053,83,Auto-Merged,"Region match is true, name similarity is 0.9, and uptime delta is below 3%. | Source values - Inspiration uptime: 94.3%, Electrada uptime: 93.2%, Inspiration chargers: 17, Electrada chargers: 17",Both,ELC-2742,2026-06-27
INS-496,Danville VA Service Center,Danville VA Parcel Delivery,IA,15,92,5,60,18703,28,Auto-Merged,"Region match is true, name similarity is 0.9, and uptime delta is below 3%. | Source values - Inspiration uptime: 91.9%, Electrada uptime: 89.8%, Inspiration chargers: 15, Electrada chargers: 15",Both,ELC-2752,2026-06-27
INS-498,Hagerstown Charging Hub,Hagerstown Beverage Co.,AL,18,96.2,0,54,72928,72,Conflict - Needs Resolution,"Region match is true and name similarity is 0.78, but uptime delta exceeds 3%. | Source values - Inspiration uptime: 96.2%, Electrada uptime: 90.4%, Inspiration chargers: 18, Electrada chargers: 18",Both,ELC-2759,2026-06-27
INS-506,Newark DE Logistics Center,Newark DE Leasing Corporation,IL,14,99.5,1,42,25429,42,Auto-Merged,"Region match is true, name similarity is 0.84, and uptime delta is below 3%. | Source values - Inspiration uptime: 99.0%, Electrada uptime: 97.5%, Inspiration chargers: 14, Electrada chargers: 14",Both,ELC-2770,2026-06-27
,Kannapolis Distribution Hub,Kannapolis Food Service Distribution,WA,8,91.76,4,32,65560,85,Net New,No confirmed Inspiration match,Electrada only,ELC-2784,2026-06-27
,Chapel Hill Fleet Center,Chapel Hill Equipment Rental,SD,22,95.36,0,88,67268,81,Net New,No confirmed Inspiration match,Electrada only,ELC-2790,2026-06-27
,Burnsville Yard,Burnsville Auto Parts Distribution,CO,10,98.96,2,40,53965,48,Net New,No confirmed Inspiration match,Electrada only,ELC-2792,2026-06-27
,Eden NC Logistics Hub,Eden NC Freight Lines,ME,14,97.06,3,42,50371,81,Net New,No confirmed Inspiration match,Electrada only,ELC-2801,2026-06-27
,Mount Airy Service Center,Mount Airy School District,IL,29,94.66,0,58,26230,27,Net New,No confirmed Inspiration match,Electrada only,ELC-2808,2026-06-27
,Albemarle Logistics Hub,Albemarle Telecom Services,AZ,19,92.26,5,57,55491,65,Net New,No confirmed Inspiration match,Electrada only,ELC-2810,2026-06-27
,West Jefferson Fleet Center,West Jefferson Telecom Services,AL,4,97.66,0,16,42268,23,Net New,No confirmed Inspiration match,Electrada only,ELC-2816,2026-06-27
,Salisbury NC Logistics Hub,Salisbury NC Beverage Co.,WI,23,98.36,4,46,40324,69,Net New,No confirmed Inspiration match,Electrada only,ELC-2827,2026-06-27
,Morganton Depot,Morganton Parcel Delivery,ND,15,98.56,0,60,73086,61,Net New,No confirmed Inspiration match,Electrada only,ELC-2839,2026-06-27
,Reidsville Logistics Center,Reidsville Leasing Corporation,SD,11,92.86,1,22,73542,65,Net New,No confirmed Inspiration match,Electrada only,ELC-2854,2026-06-27
,Elkin Yard,Elkin Utility Cooperative,SC,30,95.26,5,60,79429,53,Net New,No confirmed Inspiration match,Electrada only,ELC-2864,2026-06-27
,Monroe NC Charging Hub,Monroe NC Parcel Delivery,DE,4,97.06,5,12,21467,44,Net New,No confirmed Inspiration match,Electrada only,ELC-2878,2026-06-27
,Sylva Yard,Sylva Equipment Rental,OH,5,91.16,4,10,78395,42,Net New,No confirmed Inspiration match,Electrada only,ELC-2886,2026-06-27
,Rocky Mount Logistics Hub,Rocky Mount Logistics,AL,12,97.86,0,24,38467,53,Net New,No confirmed Inspiration match,Electrada only,ELC-2894,2026-06-27
,Gastonia Distribution Hub,Gastonia Courier Services,AR,12,97.96,6,48,44863,90,Net New,No confirmed Inspiration match,Electrada only,ELC-2899,2026-06-27
,Rutherfordton Fleet Center,Rutherfordton School District,NE,25,94.76,4,75,60246,42,Net New,No confirmed Inspiration match,Electrada only,ELC-2905,2026-06-27
,Lenoir Distribution Hub,Lenoir Parcel Delivery,MI,24,99.6,6,96,77532,60,Net New,No confirmed Inspiration match,Electrada only,ELC-2920,2026-06-27
,Graham NC Service Center,Graham NC Waste & Recycling,WI,7,98.76,4,14,68066,42,Net New,No confirmed Inspiration match,Electrada only,ELC-2921,2026-06-27
INS-516,Oxford NC Distribution Hub,Oxford NC Utility Cooperative,ME,19,94.96,3,76,56793,59,Net New,No confirmed Electrada match,Inspiration only,,2026-06-27
INS-519,Hickory Fleet Center,Hickory Parcel Delivery,ID,25,94.56,2,50,28657,63,Net New,No confirmed Electrada match,Inspiration only,,2026-06-27
INS-524,Tarboro Yard,Tarboro School District,GA,5,94.76,2,20,47572,72,Net New,No confirmed Electrada match,Inspiration only,,2026-06-27
INS-527,Wilson Depot,Wilson Freight Lines,VA,28,94.66,5,112,45946,61,Net New,No confirmed Electrada match,Inspiration only,,2026-06-27
INS-530,Jacksonville NC Logistics Center,Jacksonville NC School District,MD,21,96.76,1,42,34429,31,Net New,No confirmed Electrada match,Inspiration only,,2026-06-27
INS-540,Pittsboro Distribution Hub,Pittsboro Waste & Recycling,KY,6,99.06,2,12,49542,21,Net New,No confirmed Electrada match,Inspiration only,,2026-06-27
INS-546,Wilmington NC Fleet Center,Wilmington NC Beverage Co.,IL,9,99.2,5,18,21979,61,Net New,No confirmed Electrada match,Inspiration only,,2026-06-27
INS-556,Bakersville Service Center,Bakersville Waste & Recycling,MN,28,94.86,3,84,22967,68,Net New,No confirmed Electrada match,Inspiration only,,2026-06-27
INS-566,Spruce Pine Yard,Spruce Pine Telecom Services,MT,18,96.46,1,54,78370,69,Net New,No confirmed Electrada match,Inspiration only,,2026-06-27
INS-567,Rockingham Logistics Center,Rockingham Food Service Distribution,TX,25,99.7,2,75,58743,20,Net New,No confirmed Electrada match,Inspiration only,,2026-06-27
INS-577,Wilkesboro Fleet Center,Wilkesboro Food Service Distribution,KS,16,93.3,0,64,19900,71,Auto-Merged,"Region match is true, name similarity is 0.83, and uptime delta is below 3%. | Source values - Inspiration uptime: 93.3%, Electrada uptime: 90.8%, Inspiration chargers: 16, Electrada chargers: 16",Both,ELC-2929,2026-06-27
INS-579,Henderson NC Yard,Henderson NC Freight Lines,DE,30,96.5,5,120,54954,63,Conflict - Needs Resolution,"Region match is true and name similarity is 0.77, but uptime delta exceeds 3%. | Source values - Inspiration uptime: 96.5%, Electrada uptime: 91.2%, Inspiration chargers: 30, Electrada chargers: 30",Both,ELC-2944,2026-06-27
INS-586,Whiteville Logistics Hub,Whiteville School District,GA,13,90.1,3,26,48039,82,Auto-Merged,"Region match is true, name similarity is 0.88, and uptime delta is below 3%. | Source values - Inspiration uptime: 89.7%, Electrada uptime: 87.4%, Inspiration chargers: 13, Electrada chargers: 13",Both,ELC-2955,2026-06-27
INS-587,Marion NC Distribution Hub,Marion NC Airport Authority,KY,10,89.3,1,40,37856,62,Auto-Merged,"Region match is true, name similarity is 0.75, and uptime delta is below 3%. | Source values - Inspiration uptime: 90.5%, Electrada uptime: 88.5%, Inspiration chargers: 10, Electrada chargers: 10",Both,ELC-2960,2026-06-27
INS-592,Boone NC Yard,Boone NC Equipment Rental,MS,13,92.9,0,26,22874,35,Auto-Merged,"Region match is true, name similarity is 0.81, and uptime delta is below 3%. | Source values - Inspiration uptime: 93.2%, Electrada uptime: 91.9%, Inspiration chargers: 13, Electrada chargers: 13",Both,ELC-2975,2026-06-27
INS-596,Sparta NC Charging Hub,Sparta NC Parcel Delivery,IN,8,96,6,16,51252,76,Auto-Merged,"Region match is true, name similarity is 0.79, and uptime delta is below 3%. | Source values - Inspiration uptime: 95.6%, Electrada uptime: 93.9%, Inspiration chargers: 8, Electrada chargers: 8",Both,ELC-2988,2026-06-27
INS-601,Statesville Logistics Center,Statesville Telecom Services,TX,19,94,4,38,36034,62,Auto-Merged,"Region match is true, name similarity is 0.91, and uptime delta is below 3%. | Source values - Inspiration uptime: 94.3%, Electrada uptime: 91.9%, Inspiration chargers: 19, Electrada chargers: 19",Both,ELC-2999,2026-06-27
INS-603,Laurinburg Fleet Center,Laurinburg Equipment Rental,ID,13,90,0,52,15301,40,Auto-Merged,"Region match is true, name similarity is 0.91, and uptime delta is below 3%. | Source values - Inspiration uptime: 90.2%, Electrada uptime: 87.5%, Inspiration chargers: 13, Electrada chargers: 13",Both,ELC-3009,2026-06-27
INS-605,Asheville Fleet Center,Asheville Food Service Distribution,MO,23,88.7,2,92,39410,64,Auto-Merged,"Region match is true, name similarity is 0.86, and uptime delta is below 3%. | Source values - Inspiration uptime: 88.2%, Electrada uptime: 85.9%, Inspiration chargers: 23, Electrada chargers: 23",Both,ELC-3019,2026-06-27
INS-607,Concord NC Logistics Hub,Concord NC Airport Authority,CA,28,93.9,5,84,23350,31,Auto-Merged,"Region match is true, name similarity is 0.88, and uptime delta is below 3%. | Source values - Inspiration uptime: 92.5%, Electrada uptime: 90.9%, Inspiration chargers: 28, Electrada chargers: 28",Both,ELC-3029,2026-06-27
,Latta Depot,Latta Waste & Recycling,TN,10,92.66,5,30,63257,70,Net New,No confirmed Inspiration match,Electrada only,ELC-3035,2026-06-27
,Lancaster SC Yard,Lancaster SC Freight Lines,IL,12,92.06,3,36,42839,84,Net New,No confirmed Inspiration match,Electrada only,ELC-3036,2026-06-27
,Cheraw Fleet Center,Cheraw Food Service Distribution,ND,14,97.66,0,28,30277,90,Net New,No confirmed Inspiration match,Electrada only,ELC-3044,2026-06-27
,Florence SC Charging Hub,Florence SC Parcel Delivery,TX,17,91.26,3,51,39723,61,Net New,No confirmed Inspiration match,Electrada only,ELC-3053,2026-06-27
,Spartanburg Fleet Center,Spartanburg Equipment Rental,PA,25,98.56,0,50,29916,55,Net New,No confirmed Inspiration match,Electrada only,ELC-3061,2026-06-27
,Clemson Charging Hub,Clemson School District,IA,22,92.56,3,66,41288,72,Net New,No confirmed Inspiration match,Electrada only,ELC-3063,2026-06-27
,Lake City Logistics Hub,Lake City Waste & Recycling,TN,6,92.56,5,12,48683,81,Net New,No confirmed Inspiration match,Electrada only,ELC-3073,2026-06-27
,Beaufort Charging Hub,Beaufort Courier Services,IL,15,93.76,4,60,25025,79,Net New,No confirmed Inspiration match,Electrada only,ELC-3086,2026-06-27
,Ridgeland SC Distribution Hub,Ridgeland SC Leasing Corporation,FL,12,98.66,1,36,21148,53,Net New,No confirmed Inspiration match,Electrada only,ELC-3100,2026-06-27
,Hartsville Distribution Hub,Hartsville Waste & Recycling,AR,14,93.96,2,42,74829,29,Net New,No confirmed Inspiration match,Electrada only,ELC-3108,2026-06-27
,Walhalla Logistics Hub,Walhalla Airport Authority,NH,27,91.86,3,54,66547,90,Net New,No confirmed Inspiration match,Electrada only,ELC-3118,2026-06-27
,Pickens Depot,Pickens Parcel Delivery,RI,17,97.96,4,51,56604,54,Net New,No confirmed Inspiration match,Electrada only,ELC-3121,2026-06-27
,Georgetown SC Logistics Hub,Georgetown SC Food Service Distribution,MN,22,94.46,4,44,73515,23,Net New,No confirmed Inspiration match,Electrada only,ELC-3127,2026-06-27
,Hilton Head Logistics Hub,Hilton Head Waste & Recycling,SD,21,93.86,3,42,77241,34,Net New,No confirmed Inspiration match,Electrada only,ELC-3131,2026-06-27
,Camden SC Logistics Center,Camden SC Auto Parts Distribution,NY,19,98.36,2,38,12066,78,Net New,No confirmed Inspiration match,Electrada only,ELC-3142,2026-06-27
,Orangeburg Logistics Center,Orangeburg School District,NV,12,93.36,2,24,15489,69,Net New,No confirmed Inspiration match,Electrada only,ELC-3151,2026-06-27
,Darlington Yard,Darlington Parcel Delivery,FL,11,99.7,1,33,31114,51,Net New,No confirmed Inspiration match,Electrada only,ELC-3160,2026-06-27
,Bennettsville Service Center,Bennettsville Distribution,WY,19,97.56,3,38,23058,21,Net New,No confirmed Inspiration match,Electrada only,ELC-3172,2026-06-27
,Bluffton Logistics Hub,Bluffton School District,CA,22,92.16,1,88,20615,65,Net New,No confirmed Inspiration match,Electrada only,ELC-3178,2026-06-27
,Aiken Charging Hub,Aiken Courier Services,CT,23,94.86,5,69,11978,21,Net New,No confirmed Inspiration match,Electrada only,ELC-3193,2026-06-27
,Kershaw Service Center,Kershaw Logistics,NE,15,96.26,1,60,23835,84,Net New,No confirmed Inspiration match,Electrada only,ELC-3208,2026-06-27
INS-611,Anderson SC Logistics Hub,Anderson SC Telecom Services,NY,12,93.76,1,36,63814,68,Net New,No confirmed Electrada match,Inspiration only,,2026-06-27
INS-613,Manning Service Center,Manning Courier Services,ID,19,93.46,2,57,39915,55,Net New,No confirmed Electrada match,Inspiration only,,2026-06-27
INS-617,Marion SC Fleet Center,Marion SC Freight Lines,OH,8,96.36,3,16,71112,35,Net New,No confirmed Electrada match,Inspiration only,,2026-06-27
INS-620,Newberry SC Service Center,Newberry SC Logistics,MT,8,90.16,0,16,39841,62,Net New,No confirmed Electrada match,Inspiration only,,2026-06-27
INS-628,Clinton SC Distribution Hub,Clinton SC Distribution,TN,21,98.16,4,42,47174,36,Net New,No confirmed Electrada match,Inspiration only,,2026-06-27
INS-634,Seneca Yard,Seneca Telecom Services,MS,7,98.56,6,28,75357,44,Net New,No confirmed Electrada match,Inspiration only,,2026-06-27
INS-635,Union SC Yard,Union SC Beverage Co.,MD,28,97.96,4,56,40878,71,Net New,No confirmed Electrada match,Inspiration only,,2026-06-27
INS-640,Barnwell Distribution Hub,Barnwell Telecom Services,SC,29,89.46,2,58,58327,22,Net New,No confirmed Electrada match,Inspiration only,,2026-06-27
INS-650,Kingstree Yard,Kingstree Telecom Services,CA,23,99.16,3,92,37719,59,Net New,No confirmed Electrada match,Inspiration only,,2026-06-27
INS-660,Walterboro Fleet Center,Walterboro Courier Services,AZ,26,92.3,4,78,79364,37,Conflict - Needs Resolution,"Region match is true and name similarity is 0.83, but uptime delta exceeds 3%. | Source values - Inspiration uptime: 92.3%, Electrada uptime: 85.3%, Inspiration chargers: 26, Electrada chargers: 26",Both,ELC-3220,2026-06-27
INS-670,York SC Yard,York SC Auto Parts Distribution,AR,30,89.8,3,120,61521,76,Auto-Merged,"Region match is true, name similarity is 0.79, and uptime delta is below 3%. | Source values - Inspiration uptime: 90.6%, Electrada uptime: 89.5%, Inspiration chargers: 30, Electrada chargers: 30",Both,ELC-3221,2026-06-27
INS-680,Myrtle Beach Fleet Center,Myrtle Beach Equipment Rental,OR,10,90,4,40,13466,50,Auto-Merged,"Region match is true, name similarity is 0.87, and uptime delta is below 3%. | Source values - Inspiration uptime: 90.0%, Electrada uptime: 87.8%, Inspiration chargers: 10, Electrada chargers: 10",Both,ELC-3222,2026-06-27
INS-689,Sumter Logistics Hub,Sumter Telecom Services,GA,24,99.2,0,96,79401,89,Auto-Merged,"Region match is true, name similarity is 0.87, and uptime delta is below 3%. | Source values - Inspiration uptime: 98.9%, Electrada uptime: 96.4%, Inspiration chargers: 24, Electrada chargers: 24",Both,ELC-3236,2026-06-27
,Bay Minette Distribution Hub,Bay Minette Telecom Services,MI,5,95.96,2,10,39935,28,Net New,No confirmed Inspiration match,Electrada only,ELC-3246,2026-06-27
,Alabaster Logistics Center,Alabaster Telecom Services,MS,30,95.86,3,60,54572,37,Net New,No confirmed Inspiration match,Electrada only,ELC-3250,2026-06-27
,Pelham Distribution Hub,Pelham School District,LA,16,96.76,0,48,33522,29,Net New,No confirmed Inspiration match,Electrada only,ELC-3258,2026-06-27
,Jasper AL Fleet Center,Jasper AL Airport Authority,RI,12,98.16,0,24,16057,69,Net New,No confirmed Inspiration match,Electrada only,ELC-3272,2026-06-27
,Atmore Charging Hub,Atmore Leasing Corporation,NE,10,98.96,2,20,23086,82,Net New,No confirmed Inspiration match,Electrada only,ELC-3286,2026-06-27
,Sylacauga Depot,Sylacauga School District,OK,7,91.36,4,14,34070,31,Net New,No confirmed Inspiration match,Electrada only,ELC-3298,2026-06-27
,Livingston AL Logistics Center,Livingston AL Courier Services,NV,11,92.36,6,22,43632,71,Net New,No confirmed Inspiration match,Electrada only,ELC-3299,2026-06-27
,Demopolis Depot,Demopolis Telecom Services,WY,19,93.06,1,38,26770,77,Net New,No confirmed Inspiration match,Electrada only,ELC-3304,2026-06-27
,Enterprise AL Logistics Hub,Enterprise AL Airport Authority,ND,27,96.56,1,54,41332,81,Net New,No confirmed Inspiration match,Electrada only,ELC-3311,2026-06-27
,Clanton Yard,Clanton Auto Parts Distribution,MI,30,91.66,4,60,22157,50,Net New,No confirmed Inspiration match,Electrada only,ELC-3321,2026-06-27
,Troy AL Yard,Troy AL School District,IA,24,91.96,2,72,27522,89,Net New,No confirmed Inspiration match,Electrada only,ELC-3332,2026-06-27
,Phenix City Service Center,Phenix City Logistics,ND,25,94.86,3,100,72968,28,Net New,No confirmed Inspiration match,Electrada only,ELC-3338,2026-06-27
,Fort Payne Fleet Center,Fort Payne Equipment Rental,IN,15,90.36,6,60,59512,30,Net New,No confirmed Inspiration match,Electrada only,ELC-3353,2026-06-27
,Prattville Charging Hub,Prattville Utility Cooperative,WA,13,93.06,3,52,47612,78,Net New,No confirmed Inspiration match,Electrada only,ELC-3356,2026-06-27
,Alexander City Logistics Hub,Alexander City Equipment Rental,RI,20,96.26,2,40,74103,49,Net New,No confirmed Inspiration match,Electrada only,ELC-3359,2026-06-27
,Leeds AL Yard,Leeds AL Telecom Services,MN,26,90.56,4,78,59080,74,Net New,No confirmed Inspiration match,Electrada only,ELC-3367,2026-06-27
,Talladega Charging Hub,Talladega Leasing Corporation,MI,6,90.46,2,24,79774,29,Net New,No confirmed Inspiration match,Electrada only,ELC-3376,2026-06-27
,Andalusia Charging Hub,Andalusia Waste & Recycling,IN,28,93.96,7,112,42372,59,Net New,No confirmed Inspiration match,Electrada only,ELC-3390,2026-06-27
,Opelika Yard,Opelika Utility Cooperative,GA,8,95.26,0,16,77611,46,Net New,No confirmed Inspiration match,Electrada only,ELC-3398,2026-06-27
,Bessemer Distribution Hub,Bessemer Courier Services,IN,24,96.36,5,48,27939,84,Net New,No confirmed Inspiration match,Electrada only,ELC-3405,2026-06-27
,Cullman Logistics Hub,Cullman Telecom Services,FL,8,95.66,0,32,63075,22,Net New,No confirmed Inspiration match,Electrada only,ELC-3417,2026-06-27
,Northport Service Center,Northport Leasing Corporation,MN,19,97.66,4,38,30075,44,Net New,No confirmed Inspiration match,Electrada only,ELC-3430,2026-06-27
INS-699,Dothan Service Center,Dothan Distribution,GA,24,94.36,3,96,23289,44,Net New,No confirmed Electrada match,Inspiration only,,2026-06-27
INS-700,Ozark AL Service Center,Ozark AL Utility Cooperative,VT,29,99.56,1,116,33673,59,Net New,No confirmed Electrada match,Inspiration only,,2026-06-27
INS-704,Greensboro AL Service Center,Greensboro AL Courier Services,MI,13,93.86,5,39,78518,90,Net New,No confirmed Electrada match,Inspiration only,,2026-06-27
INS-710,Monroeville Service Center,Monroeville Freight Lines,GA,29,95.06,5,87,57906,49,Net New,No confirmed Electrada match,Inspiration only,,2026-06-27
INS-720,Athens AL Charging Hub,Athens AL Airport Authority,IN,24,94.96,2,96,11709,62,Net New,No confirmed Electrada match,Inspiration only,,2026-06-27
INS-724,Scottsboro Logistics Center,Scottsboro Logistics,MS,30,99.36,0,60,69287,63,Net New,No confirmed Electrada match,Inspiration only,,2026-06-27
INS-729,Butler AL Fleet Center,Butler AL Courier Services,MS,5,93.46,4,10,20620,44,Net New,No confirmed Electrada match,Inspiration only,,2026-06-27
INS-735,Tuscaloosa South Charging Hub,Tuscaloosa South Leasing Corporation,VA,21,97.56,4,42,15094,24,Net New,No confirmed Electrada match,Inspiration only,,2026-06-27
INS-742,Camden AL Yard,Camden AL Auto Parts Distribution,IL,10,96.06,0,40,23376,27,Net New,No confirmed Electrada match,Inspiration only,,2026-06-27
INS-744,Montevallo Service Center,Montevallo Waste & Recycling,SC,12,99.7,6,36,17313,24,Net New,No confirmed Electrada match,Inspiration only,,2026-06-27
INS-754,Eutaw Depot,Eutaw Beverage Co.,VA,28,97.96,1,84,19332,87,Net New,No confirmed Electrada match,Inspiration only,,2026-06-27
INS-764,Decatur AL Fleet Center,Decatur AL Auto Parts Distribution,KY,21,92.5,3,42,57542,83,Conflict - Needs Resolution,"Region match is true and name similarity is 0.72, but uptime delta exceeds 3%. | Source values - Inspiration uptime: 92.5%, Electrada uptime: 88.0%, Inspiration chargers: 21, Electrada chargers: 21",Both,ELC-3441,2026-06-27
INS-765,Union Springs Service Center,Union Springs Beverage Co.,MA,19,93.4,0,57,41021,47,Auto-Merged,"Region match is true, name similarity is 0.86, and uptime delta is below 3%. | Source values - Inspiration uptime: 93.4%, Electrada uptime: 91.4%, Inspiration chargers: 19, Electrada chargers: 19",Both,ELC-3451,2026-06-27
INS-768,Auburn AL Logistics Center,Auburn AL Auto Parts Distribution,MT,29,90.1,4,58,75814,86,Conflict - Needs Resolution,"Region match is true and name similarity is 0.79, but uptime delta exceeds 3%. | Source values - Inspiration uptime: 90.1%, Electrada uptime: 86.5%, Inspiration chargers: 29, Electrada chargers: 29",Both,ELC-3465,2026-06-27
INS-771,Brewton Service Center,Brewton Distribution,KY,14,92.3,6,28,25006,48,Auto-Merged,"Region match is true, name similarity is 0.89, and uptime delta is below 3%. | Source values - Inspiration uptime: 92.6%, Electrada uptime: 90.6%, Inspiration chargers: 14, Electrada chargers: 14",Both,ELC-3471,2026-06-27
,Winona Service Center,Winona Distribution,TN,25,93.26,4,100,40085,43,Net New,No confirmed Inspiration match,Electrada only,ELC-3481,2026-06-27
,Clarksdale Fleet Center,Clarksdale Utility Cooperative,ND,17,95.16,4,51,42514,54,Net New,No confirmed Inspiration match,Electrada only,ELC-3494,2026-06-27
,Greenville MS Distribution Hub,Greenville MS Food Service Distribution,NY,23,92.06,6,69,49378,39,Net New,No confirmed Inspiration match,Electrada only,ELC-3498,2026-06-27
,Newton MS Service Center,Newton MS Beverage Co.,TN,25,99.66,0,100,79069,65,Net New,No confirmed Inspiration match,Electrada only,ELC-3509,2026-06-27
,Laurel MS Depot,Laurel MS Distribution,VA,9,94.56,2,36,74143,32,Net New,No confirmed Inspiration match,Electrada only,ELC-3515,2026-06-27
,Aberdeen MS Service Center,Aberdeen MS Courier Services,WY,11,92.56,1,44,29768,45,Net New,No confirmed Inspiration match,Electrada only,ELC-3518,2026-06-27
,Water Valley Logistics Hub,Water Valley Food Service Distribution,MN,15,90.96,6,45,51510,74,Net New,No confirmed Inspiration match,Electrada only,ELC-3530,2026-06-27
,Macon MS Logistics Center,Macon MS Leasing Corporation,PA,8,92.26,2,24,46668,35,Net New,No confirmed Inspiration match,Electrada only,ELC-3531,2026-06-27
,Canton MS Service Center,Canton MS Waste & Recycling,NM,22,93.16,3,66,18612,88,Net New,No confirmed Inspiration match,Electrada only,ELC-3537,2026-06-27
,Holly Springs Fleet Center,Holly Springs Beverage Co.,IN,8,95.76,2,32,79418,51,Net New,No confirmed Inspiration match,Electrada only,ELC-3544,2026-06-27
,Ripley MS Logistics Center,Ripley MS Telecom Services,IN,19,99.46,0,57,22509,68,Net New,No confirmed Inspiration match,Electrada only,ELC-3556,2026-06-27
,Houston MS Distribution Hub,Houston MS Freight Lines,MN,7,97.16,2,21,23850,21,Net New,No confirmed Inspiration match,Electrada only,ELC-3566,2026-06-27
,Forest MS Service Center,Forest MS Utility Cooperative,ME,8,99.66,4,32,71810,64,Net New,No confirmed Inspiration match,Electrada only,ELC-3577,2026-06-27
,Natchez Yard,Natchez School District,LA,16,98.16,2,32,43720,62,Net New,No confirmed Inspiration match,Electrada only,ELC-3592,2026-06-27
,Meridian MS Logistics Hub,Meridian MS Parcel Delivery,VT,27,92.46,5,108,52719,39,Net New,No confirmed Inspiration match,Electrada only,ELC-3602,2026-06-27
,Louisville MS Depot,Louisville MS Leasing Corporation,MA,4,92.96,3,8,12584,21,Net New,No confirmed Inspiration match,Electrada only,ELC-3605,2026-06-27
,Booneville Charging Hub,Booneville Parcel Delivery,NC,28,95.96,3,112,39025,56,Net New,No confirmed Inspiration match,Electrada only,ELC-3607,2026-06-27
,Gulfport Depot,Gulfport Waste & Recycling,OH,21,95.86,6,63,20355,85,Net New,No confirmed Inspiration match,Electrada only,ELC-3611,2026-06-27
,Union MS Fleet Center,Union MS Distribution,KY,4,96.56,6,12,34317,28,Net New,No confirmed Inspiration match,Electrada only,ELC-3616,2026-06-27
INS-777,Amory Logistics Center,Amory Leasing Corporation,TN,11,95.16,6,22,77272,64,Net New,No confirmed Electrada match,Inspiration only,,2026-06-27
INS-783,West Point MS Service Center,West Point MS Utility Cooperative,ID,10,98.16,0,20,59195,41,Net New,No confirmed Electrada match,Inspiration only,,2026-06-27
INS-788,Yazoo City Logistics Hub,Yazoo City Utility Cooperative,SC,11,95.26,4,33,38320,26,Net New,No confirmed Electrada match,Inspiration only,,2026-06-27
INS-795,Batesville MS Logistics Hub,Batesville MS Freight Lines,KS,8,94.96,0,24,40013,42,Net New,No confirmed Electrada match,Inspiration only,,2026-06-27
INS-801,Brookhaven Service Center,Brookhaven Auto Parts Distribution,IL,30,90.66,0,120,32715,90,Net New,No confirmed Electrada match,Inspiration only,,2026-06-27
INS-804,Biloxi Distribution Hub,Biloxi Food Service Distribution,FL,9,93.06,3,27,30094,29,Net New,No confirmed Electrada match,Inspiration only,,2026-06-27
INS-811,Byhalia Fleet Center,Byhalia Airport Authority,DE,14,91.26,5,28,64257,27,Net New,No confirmed Electrada match,Inspiration only,,2026-06-27
INS-815,Olive Branch Fleet Center,Olive Branch Utility Cooperative,MA,24,97.16,2,72,45715,23,Net New,No confirmed Electrada match,Inspiration only,,2026-06-27
INS-816,New Albany MS Yard,New Albany MS Distribution,CA,4,89.8,6,12,39676,65,Conflict - Needs Resolution,"Region match is true and name similarity is 0.62, but uptime delta exceeds 3%. | Source values - Inspiration uptime: 89.8%, Electrada uptime: 85.6%, Inspiration chargers: 4, Electrada chargers: 4",Both,ELC-3630,2026-06-27
INS-819,Southaven Service Center,Southaven Parcel Delivery,NY,6,90.5,0,24,41644,83,Conflict - Needs Resolution,"Region match is true and name similarity is 0.68, but uptime delta exceeds 3%. | Source values - Inspiration uptime: 90.5%, Electrada uptime: 84.3%, Inspiration chargers: 6, Electrada chargers: 6",Both,ELC-3641,2026-06-27
INS-825,Oxford MS Yard,Oxford MS Beverage Co.,WI,19,94.4,1,76,33098,65,Conflict - Needs Resolution,"Region match is true and name similarity is 0.73, but uptime delta exceeds 3%. | Source values - Inspiration uptime: 94.4%, Electrada uptime: 89.8%, Inspiration chargers: 19, Electrada chargers: 19",Both,ELC-3642,2026-06-27
INS-826,Hernando Service Center,Hernando Leasing Corporation,TX,28,88.6,6,56,60906,31,Conflict - Needs Resolution,"Region match is true and name similarity is 0.78, but uptime delta exceeds 3%. | Source values - Inspiration uptime: 88.6%, Electrada uptime: 84.4%, Inspiration chargers: 28, Electrada chargers: 28",Both,ELC-3646,2026-06-27
INS-832,Hattiesburg Fleet Center,Hattiesburg Telecom Services,UT,24,94.4,1,72,75637,61,Conflict - Needs Resolution,"Region match is true and name similarity is 0.83, but uptime delta exceeds 3%. | Source values - Inspiration uptime: 94.4%, Electrada uptime: 90.5%, Inspiration chargers: 24, Electrada chargers: 24",Both,ELC-3660,2026-06-27
INS-841,Grenada Logistics Center,Grenada Food Service Distribution,IL,5,92.4,1,20,27557,70,Auto-Merged,"Region match is true, name similarity is 0.83, and uptime delta is below 3%. | Source values - Inspiration uptime: 92.4%, Electrada uptime: 91.7%, Inspiration chargers: 5, Electrada chargers: 5",Both,ELC-3662,2026-06-27
INS-846,Pontotoc Logistics Hub,Pontotoc Telecom Services,NV,16,97.3,2,48,62844,25,Auto-Merged,"Region match is true, name similarity is 0.9, and uptime delta is below 3%. | Source values - Inspiration uptime: 97.3%, Electrada uptime: 95.1%, Inspiration chargers: 16, Electrada chargers: 16",Both,ELC-3673,2026-06-27
INS-015,Tampa Yard,Tampa Food Service Distribution,AR,26,94.3,0,104,36995,83,Net New,No confirmed Electrada match,Inspiration only,,2026-06-28
INS-018,Cleveland Distribution Hub,Cleveland Logistics,SC,18,99.14,1,54,49291,51,Net New,No confirmed Electrada match,Inspiration only,,2026-06-28
,Omaha Fleet Center,Omaha Logistics,MS,13,98.04,2,52,68829,56,Net New,No confirmed Inspiration match,Electrada only,ELC-1170,2026-06-28
,Columbia Fleet Center,Columbia Food Service Distribution,VA,17,96.64,2,34,74089,73,Net New,No confirmed Inspiration match,Electrada only,ELC-1172,2026-06-28
,Spokane Charging Hub,Spokane Courier Services,AR,22,98.94,4,66,54580,64,Net New,No confirmed Inspiration match,Electrada only,ELC-1192,2026-06-28
,Macon Service Center,Macon Telecom Services,ID,18,91.84,2,54,72141,28,Net New,No confirmed Inspiration match,Electrada only,ELC-1194,2026-06-28
,Charlotte Charging Hub,Charlotte Auto Parts Distribution,MS,25,98.64,1,100,60566,64,Net New,No confirmed Inspiration match,Electrada only,ELC-1195,2026-06-28
,Eugene Yard,Eugene Utility Cooperative,AZ,23,92.44,0,46,47674,36,Net New,No confirmed Inspiration match,Electrada only,ELC-1203,2026-06-28
,Augusta Service Center,Augusta School District,UT,19,96.04,3,57,46416,37,Net New,No confirmed Inspiration match,Electrada only,ELC-1217,2026-06-28
,Phoenix Logistics Hub,Phoenix Parcel Delivery,KY,15,97.74,4,30,29781,30,Net New,No confirmed Inspiration match,Electrada only,ELC-1223,2026-06-28
,Chattanooga Depot,Chattanooga Distribution,NE,11,93.64,6,44,33900,53,Net New,No confirmed Inspiration match,Electrada only,ELC-1233,2026-06-28
,Memphis Depot,Memphis Equipment Rental,KY,21,97.34,3,63,26448,85,Net New,No confirmed Inspiration match,Electrada only,ELC-1253,2026-06-28
,Denver Yard,Denver Logistics,NV,28,99.44,3,112,61429,70,Net New,No confirmed Inspiration match,Electrada only,ELC-1266,2026-06-28
,Portland Fleet Center,Portland Auto Parts Distribution,FL,24,99.24,2,48,37363,76,Net New,No confirmed Inspiration match,Electrada only,ELC-1272,2026-06-28
,Knoxville Depot,Knoxville Logistics,PA,5,98.24,5,10,23299,66,Net New,No confirmed Inspiration match,Electrada only,ELC-1292,2026-06-28
,Huntsville Logistics Center,Huntsville Equipment Rental,CA,10,94.14,2,40,43063,64,Net New,No confirmed Inspiration match,Electrada only,ELC-1312,2026-06-28
,Fresno Logistics Hub,Fresno Logistics,MD,7,98.64,4,21,73417,59,Net New,No confirmed Inspiration match,Electrada only,ELC-1315,2026-06-28
,Richmond Distribution Hub,Richmond Beverage Co.,KS,14,98.14,3,56,31160,86,Net New,No confirmed Inspiration match,Electrada only,ELC-1316,2026-06-28
,Greenville Logistics Center,Greenville Leasing Corporation,MA,8,99.54,0,32,49071,31,Net New,No confirmed Inspiration match,Electrada only,ELC-1325,2026-06-28
,Birmingham Distribution Hub,Birmingham Food Service Distribution,AZ,15,99.14,5,60,75889,62,Net New,No confirmed Inspiration match,Electrada only,ELC-1333,2026-06-28
,Boston Logistics Center,Boston School District,CO,30,99.14,3,60,36203,86,Net New,No confirmed Inspiration match,Electrada only,ELC-1349,2026-06-28
,Orlando Logistics Center,Orlando Auto Parts Distribution,NC,4,99.64,4,12,35381,64,Net New,No confirmed Inspiration match,Electrada only,ELC-1364,2026-06-28
,Pittsburgh Depot,Pittsburgh Equipment Rental,LA,11,96.64,5,22,54267,46,Net New,No confirmed Inspiration match,Electrada only,ELC-1380,2026-06-28
,Dallas Charging Hub,Dallas Leasing Corporation,UT,24,98.14,6,48,25716,69,Net New,No confirmed Inspiration match,Electrada only,ELC-1387,2026-06-28
,Tulsa Fleet Center,Tulsa School District,AZ,17,99.54,1,34,61883,79,Net New,No confirmed Inspiration match,Electrada only,ELC-1400,2026-06-28
,Wichita Charging Hub,Wichita Telecom Services,AZ,9,98.94,0,18,70994,38,Net New,No confirmed Inspiration match,Electrada only,ELC-1420,2026-06-28
,Tallahassee Logistics Hub,Tallahassee Utility Cooperative,UT,15,98.34,4,30,12804,21,Net New,No confirmed Inspiration match,Electrada only,ELC-1424,2026-06-28
,Nashville Distribution Hub,Nashville Food Service Distribution,CA,10,97.94,1,20,43008,47,Net New,No confirmed Inspiration match,Electrada only,ELC-1434,2026-06-28
,Albuquerque Yard,Albuquerque Airport Authority,MS,14,98.24,1,28,17982,65,Net New,No confirmed Inspiration match,Electrada only,ELC-1449,2026-06-28
,Atlanta Logistics Hub,Atlanta Courier Services,UT,20,96.54,1,80,76918,22,Net New,No confirmed Inspiration match,Electrada only,ELC-1464,2026-06-28
,Bakersfield Depot,Bakersfield Auto Parts Distribution,NC,28,99.64,3,56,72061,35,Net New,No confirmed Inspiration match,Electrada only,ELC-1482,2026-06-28
INS-022,Jackson Depot,Jackson Food Service Distribution,NE,20,93.7,6,40,17447,51,Auto-Merged,"Region match is true, name similarity is 0.88, and uptime delta is below 3%. | Source values - Inspiration uptime: 93.5%, Electrada uptime: 92.8%, Inspiration chargers: 20, Electrada chargers: 20",Both,ELC-1491,2026-06-28
INS-032,Mobile Distribution Hub,Mobile School District,MD,20,92.9,0,60,52678,84,Auto-Merged,"Region match is true, name similarity is 0.81, and uptime delta is below 3%. | Source values - Inspiration uptime: 95.4%, Electrada uptime: 92.6%, Inspiration chargers: 20, Electrada chargers: 20",Both,ELC-1508,2026-06-28
,Midland Charging Hub,Midland Telecom Services,MA,9,99.34,1,18,13054,41,Net New,No confirmed Inspiration match,Electrada only,ELC-1519,2026-06-28
,Duluth Yard,Duluth Auto Parts Distribution,WA,24,92.74,3,48,50607,20,Net New,No confirmed Inspiration match,Electrada only,ELC-1526,2026-06-28
,Little Rock Service Center,Little Rock Beverage Co.,MO,29,96.84,2,116,37713,76,Net New,No confirmed Inspiration match,Electrada only,ELC-1530,2026-06-28
,Toledo Logistics Hub,Toledo Courier Services,ID,15,99.14,5,45,17316,36,Net New,No confirmed Inspiration match,Electrada only,ELC-1533,2026-06-28
,Bozeman Logistics Hub,Bozeman Leasing Corporation,WA,8,96.04,2,16,33284,72,Net New,No confirmed Inspiration match,Electrada only,ELC-1535,2026-06-28
,Sioux Falls Logistics Center,Sioux Falls Distribution,KY,28,99.14,3,56,43763,35,Net New,No confirmed Inspiration match,Electrada only,ELC-1541,2026-06-28
,South Bend Yard,South Bend Utility Cooperative,WI,22,97.54,7,44,54228,47,Net New,No confirmed Inspiration match,Electrada only,ELC-1542,2026-06-28
,Fayetteville Depot,Fayetteville Leasing Corporation,NE,16,96.94,3,48,22145,43,Net New,No confirmed Inspiration match,Electrada only,ELC-1549,2026-06-28
,Boise Service Center,Boise Logistics,KS,28,99.64,2,56,50818,48,Net New,No confirmed Inspiration match,Electrada only,ELC-1556,2026-06-28
,Akron Service Center,Akron Equipment Rental,IN,26,94.74,3,104,42731,69,Net New,No confirmed Inspiration match,Electrada only,ELC-1569,2026-06-28
,Columbia Charging Hub,Columbia Beverage Co.,AZ,12,97.54,0,48,48408,61,Net New,No confirmed Inspiration match,Electrada only,ELC-1576,2026-06-28
,Scranton Yard,Scranton Telecom Services,MO,17,99.64,4,51,30895,56,Net New,No confirmed Inspiration match,Electrada only,ELC-1581,2026-06-28
,Lafayette Distribution Hub,Lafayette Leasing Corporation,NV,10,94.14,1,20,56568,57,Net New,No confirmed Inspiration match,Electrada only,ELC-1587,2026-06-28
,Augusta Logistics Center,Augusta Telecom Services,SC,25,98.84,4,100,40308,72,Net New,No confirmed Inspiration match,Electrada only,ELC-1592,2026-06-28
,Champaign Logistics Hub,Champaign Beverage Co.,ID,21,92.24,0,42,78432,59,Net New,No confirmed Inspiration match,Electrada only,ELC-1601,2026-06-28
,Lubbock Service Center,Lubbock Parcel Delivery,NV,27,99.54,6,108,64635,79,Net New,No confirmed Inspiration match,Electrada only,ELC-1606,2026-06-28
,Erie Yard,Erie Waste & Recycling,TX,13,98.74,0,52,14189,27,Net New,No confirmed Inspiration match,Electrada only,ELC-1619,2026-06-28
,Corpus Christi Fleet Center,Corpus Christi Airport Authority,KS,26,98.14,0,104,48688,44,Net New,No confirmed Inspiration match,Electrada only,ELC-1630,2026-06-28
,Fargo Charging Hub,Fargo Airport Authority,ID,12,95.84,4,36,26838,36,Net New,No confirmed Inspiration match,Electrada only,ELC-1633,2026-06-28
,Greensboro Charging Hub,Greensboro Courier Services,NM,9,98.34,1,27,37212,55,Net New,No confirmed Inspiration match,Electrada only,ELC-1645,2026-06-28
,Peoria Fleet Center,Peoria Beverage Co.,NM,19,95.84,4,76,72436,41,Net New,No confirmed Inspiration match,Electrada only,ELC-1660,2026-06-28
,Provo Logistics Center,Provo Telecom Services,FL,4,99.54,0,12,74765,29,Net New,No confirmed Inspiration match,Electrada only,ELC-1669,2026-06-28
INS-041,Pocatello Service Center,Pocatello Distribution,NC,12,99.54,5,24,51823,72,Net New,No confirmed Electrada match,Inspiration only,,2026-06-28
INS-042,Allentown Distribution Hub,Allentown Beverage Co.,MO,16,99.04,2,32,54877,85,Net New,No confirmed Electrada match,Inspiration only,,2026-06-28
INS-050,Rockford Fleet Center,Rockford Equipment Rental,MS,5,94.04,6,15,40094,44,Net New,No confirmed Electrada match,Inspiration only,,2026-06-28
INS-056,Wichita Falls Fleet Center,Wichita Falls School District,SC,6,96.64,4,12,32759,65,Net New,No confirmed Electrada match,Inspiration only,,2026-06-28
INS-059,San Antonio Yard,San Antonio Distribution,CO,8,99.24,5,16,14336,85,Net New,No confirmed Electrada match,Inspiration only,,2026-06-28
INS-063,Madison West Depot,Madison West Leasing Corporation,OK,23,99.54,5,92,31116,63,Net New,No confirmed Electrada match,Inspiration only,,2026-06-28
INS-068,Rochester MN Depot,Rochester MN Parcel Delivery,NE,27,92.2,0,54,75084,86,Auto-Merged,"Region match is true, name similarity is 0.92, and uptime delta is below 3%. | Source values - Inspiration uptime: 92.9%, Electrada uptime: 92.2%, Inspiration chargers: 27, Electrada chargers: 27",Both,ELC-1672,2026-06-28
INS-072,Athens Logistics Hub,Athens Food Service Distribution,NM,18,97.3,5,72,20509,40,Auto-Merged,"Region match is true, name similarity is 0.81, and uptime delta is below 3%. | Source values - Inspiration uptime: 97.1%, Electrada uptime: 95.5%, Inspiration chargers: 18, Electrada chargers: 18",Both,ELC-1682,2026-06-28
INS-073,Reno Depot,Reno Leasing Corporation,NV,16,90,0,48,30817,36,Auto-Merged,"Region match is true, name similarity is 0.87, and uptime delta is below 3%. | Source values - Inspiration uptime: 90.6%, Electrada uptime: 89.2%, Inspiration chargers: 16, Electrada chargers: 16",Both,ELC-1692,2026-06-28
INS-075,Macon Logistics Hub,Macon Courier Services,MS,17,94.3,6,34,15281,65,Auto-Merged,"Region match is true, name similarity is 0.81, and uptime delta is below 3%. | Source values - Inspiration uptime: 94.5%, Electrada uptime: 94.2%, Inspiration chargers: 17, Electrada chargers: 17",Both,ELC-1700,2026-06-28
INS-076,Springfield IL Logistics Hub,Springfield IL School District,IN,30,96.7,2,120,39705,90,Auto-Merged,"Region match is true, name similarity is 0.78, and uptime delta is below 3%. | Source values - Inspiration uptime: 97.8%, Electrada uptime: 95.8%, Inspiration chargers: 30, Electrada chargers: 30",Both,ELC-1707,2026-06-28
INS-083,Fort Smith Yard,Fort Smith Freight Lines,TX,20,97.5,5,40,32826,87,Auto-Merged,"Region match is true, name similarity is 0.85, and uptime delta is below 3%. | Source values - Inspiration uptime: 97.1%, Electrada uptime: 94.4%, Inspiration chargers: 20, Electrada chargers: 20",Both,ELC-1714,2026-06-28
INS-093,Newark Logistics Hub,Newark Leasing Corporation,KY,17,93.4,0,68,13763,45,Auto-Merged,"Region match is true, name similarity is 0.9, and uptime delta is below 3%. | Source values - Inspiration uptime: 92.9%, Electrada uptime: 92.1%, Inspiration chargers: 17, Electrada chargers: 17",Both,ELC-1716,2026-06-28
,Bismarck Logistics Hub,Bismarck Equipment Rental,OK,19,92.94,1,57,28407,35,Net New,No confirmed Inspiration match,Electrada only,ELC-1731,2026-06-28
,Texarkana Fleet Center,Texarkana School District,AZ,16,90.74,0,48,40937,41,Net New,No confirmed Inspiration match,Electrada only,ELC-1746,2026-06-28
,Salem OR Depot,Salem OR Waste & Recycling,CA,8,94.24,0,24,35138,23,Net New,No confirmed Inspiration match,Electrada only,ELC-1752,2026-06-28
,Dubuque Depot,Dubuque Equipment Rental,WY,12,99.14,4,48,33946,68,Net New,No confirmed Inspiration match,Electrada only,ELC-1754,2026-06-28
,Alexandria LA Yard,Alexandria LA Distribution,SD,24,98.14,7,48,19227,82,Net New,No confirmed Inspiration match,Electrada only,ELC-1757,2026-06-28
,Aberdeen Charging Hub,Aberdeen Leasing Corporation,KY,15,94.64,5,45,54563,24,Net New,No confirmed Inspiration match,Electrada only,ELC-1768,2026-06-28
,Pueblo Distribution Hub,Pueblo Equipment Rental,UT,29,99.34,3,87,66745,29,Net New,No confirmed Inspiration match,Electrada only,ELC-1777,2026-06-28
,Grand Junction Fleet Center,Grand Junction Waste & Recycling,SD,14,98.74,5,56,73701,88,Net New,No confirmed Inspiration match,Electrada only,ELC-1792,2026-06-28
,Watertown Logistics Center,Watertown Equipment Rental,GA,30,96.34,0,90,54028,50,Net New,No confirmed Inspiration match,Electrada only,ELC-1807,2026-06-28
,Gillette Logistics Hub,Gillette Beverage Co.,AR,29,89.14,2,58,53800,56,Net New,No confirmed Inspiration match,Electrada only,ELC-1821,2026-06-28
,Olympia Service Center,Olympia Telecom Services,IN,30,98.84,2,60,12704,30,Net New,No confirmed Inspiration match,Electrada only,ELC-1830,2026-06-28
,Fort Collins Logistics Hub,Fort Collins Leasing Corporation,AR,16,96.54,5,32,15495,58,Net New,No confirmed Inspiration match,Electrada only,ELC-1837,2026-06-28
,Topeka Service Center,Topeka Beverage Co.,AR,16,99.64,2,32,31030,80,Net New,No confirmed Inspiration match,Electrada only,ELC-1840,2026-06-28
,Joplin Fleet Center,Joplin Freight Lines,KS,17,99.34,5,51,34241,74,Net New,No confirmed Inspiration match,Electrada only,ELC-1852,2026-06-28
,Merced Distribution Hub,Merced Equipment Rental,MD,29,97.14,2,116,59451,90,Net New,No confirmed Inspiration match,Electrada only,ELC-1860,2026-06-28
,Manhattan KS Logistics Hub,Manhattan KS Leasing Corporation,WI,13,96.54,2,39,70980,78,Net New,No confirmed Inspiration match,Electrada only,ELC-1873,2026-06-28
,Rapid City West Logistics Hub,Rapid City West Logistics,GA,20,99.14,1,40,23262,83,Net New,No confirmed Inspiration match,Electrada only,ELC-1886,2026-06-28
,Springfield MO Fleet Center,Springfield MO Waste & Recycling,CO,25,97.04,4,75,10717,29,Net New,No confirmed Inspiration match,Electrada only,ELC-1896,2026-06-28
,Chico Service Center,Chico Parcel Delivery,UT,28,96.04,5,112,51226,23,Net New,No confirmed Inspiration match,Electrada only,ELC-1903,2026-06-28
,Cedar Rapids Fleet Center,Cedar Rapids Auto Parts Distribution,NV,24,99.34,2,96,12904,28,Net New,No confirmed Inspiration match,Electrada only,ELC-1909,2026-06-28
INS-103,Yuma Fleet Center,Yuma Logistics,GA,8,96.04,4,32,38224,46,Net New,No confirmed Electrada match,Inspiration only,,2026-06-28
INS-113,Medford Logistics Hub,Medford Parcel Delivery,AR,23,93.64,3,69,65354,74,Net New,No confirmed Electrada match,Inspiration only,,2026-06-28
INS-116,Bellingham Logistics Center,Bellingham School District,OK,18,97.64,4,54,56966,44,Net New,No confirmed Electrada match,Inspiration only,,2026-06-28
INS-119,Greeley Yard,Greeley Courier Services,MS,10,96.54,4,40,57326,65,Net New,No confirmed Electrada match,Inspiration only,,2026-06-28
INS-124,Colorado Springs Depot,Colorado Springs Equipment Rental,MS,23,88,4,69,26821,73,Auto-Merged,"Region match is true, name similarity is 0.89, and uptime delta is below 3%. | Source values - Inspiration uptime: 88.0%, Electrada uptime: 85.6%, Inspiration chargers: 23, Electrada chargers: 23",Both,ELC-1924,2026-06-28
INS-128,Flagstaff Service Center,Flagstaff Leasing Corporation,MO,14,96,3,28,65463,37,Auto-Merged,"Region match is true, name similarity is 0.79, and uptime delta is below 3%. | Source values - Inspiration uptime: 95.3%, Electrada uptime: 92.7%, Inspiration chargers: 14, Electrada chargers: 14",Both,ELC-1925,2026-06-28
INS-137,Bend Yard,Bend Logistics,AZ,5,94.2,1,15,36760,56,Auto-Merged,"Region match is true, name similarity is 0.82, and uptime delta is below 3%. | Source values - Inspiration uptime: 95.0%, Electrada uptime: 94.2%, Inspiration chargers: 5, Electrada chargers: 5",Both,ELC-1940,2026-06-28
INS-139,Tyler Distribution Hub,Tyler Freight Lines,SC,27,93.5,1,108,70305,54,Auto-Merged,"Region match is true, name similarity is 0.89, and uptime delta is below 3%. | Source values - Inspiration uptime: 93.1%, Electrada uptime: 90.7%, Inspiration chargers: 27, Electrada chargers: 27",Both,ELC-1945,2026-06-28
INS-144,Modesto Yard,Modesto Telecom Services,IN,8,97.2,2,16,16626,20,Auto-Merged,"Region match is true, name similarity is 0.92, and uptime delta is below 3%. | Source values - Inspiration uptime: 94.7%, Electrada uptime: 93.4%, Inspiration chargers: 8, Electrada chargers: 8",Both,ELC-1950,2026-06-28
INS-145,Killeen Service Center,Killeen Waste & Recycling,LA,6,93.1,6,12,11532,83,Auto-Merged,"Region match is true, name similarity is 0.77, and uptime delta is below 3%. | Source values - Inspiration uptime: 93.6%, Electrada uptime: 92.3%, Inspiration chargers: 6, Electrada chargers: 6",Both,ELC-1960,2026-06-28
INS-154,Laramie Service Center,Laramie Parcel Delivery,AZ,30,93.5,1,90,75726,46,Auto-Merged,"Region match is true, name similarity is 0.86, and uptime delta is below 3%. | Source values - Inspiration uptime: 91.7%, Electrada uptime: 91.0%, Inspiration chargers: 30, Electrada chargers: 30",Both,ELC-1968,2026-06-28
INS-164,Redding Logistics Center,Redding Leasing Corporation,NE,17,94.6,4,68,38727,62,Auto-Merged,"Region match is true, name similarity is 0.93, and uptime delta is below 3%. | Source values - Inspiration uptime: 92.7%, Electrada uptime: 91.6%, Inspiration chargers: 17, Electrada chargers: 17",Both,ELC-1979,2026-06-28
,Elgin Distribution Hub,Elgin Utility Cooperative,OK,25,98.74,0,75,37760,79,Net New,No confirmed Inspiration match,Electrada only,ELC-1984,2026-06-28
,Huntington Fleet Center,Huntington Equipment Rental,VA,10,89.54,6,20,28719,65,Net New,No confirmed Inspiration match,Electrada only,ELC-1989,2026-06-28
,Freeport Service Center,Freeport Beverage Co.,NC,7,96.74,1,28,55959,25,Net New,No confirmed Inspiration match,Electrada only,ELC-1996,2026-06-28
,Dixon Fleet Center,Dixon Courier Services,MS,24,95.64,0,72,12279,43,Net New,No confirmed Inspiration match,Electrada only,ELC-2001,2026-06-28
,Richmond IN Logistics Hub,Richmond IN Parcel Delivery,MN,17,94.64,0,51,25860,72,Net New,No confirmed Inspiration match,Electrada only,ELC-2006,2026-06-28
,Danville Fleet Center,Danville Logistics,SC,10,94.54,2,30,37445,73,Net New,No confirmed Inspiration match,Electrada only,ELC-2018,2026-06-28
,Stevens Point Charging Hub,Stevens Point Beverage Co.,AZ,8,95.64,8,32,66466,34,Net New,No confirmed Inspiration match,Electrada only,ELC-2025,2026-06-28
,Bloomington South Yard,Bloomington South Parcel Delivery,CO,25,98.64,7,100,71594,81,Net New,No confirmed Inspiration match,Electrada only,ELC-2033,2026-06-28
,Beloit Logistics Center,Beloit Beverage Co.,MT,12,96.84,4,24,68520,66,Net New,No confirmed Inspiration match,Electrada only,ELC-2040,2026-06-28
,Elkhart Depot,Elkhart School District,TN,22,93.14,0,88,14609,39,Net New,No confirmed Inspiration match,Electrada only,ELC-2054,2026-06-28
,Sheboygan Depot,Sheboygan Leasing Corporation,ND,26,91.94,5,104,11063,29,Net New,No confirmed Inspiration match,Electrada only,ELC-2059,2026-06-28
,Kokomo Charging Hub,Kokomo Utility Cooperative,GA,24,93.34,1,72,14741,35,Net New,No confirmed Inspiration match,Electrada only,ELC-2061,2026-06-28
,Sterling Distribution Hub,Sterling Parcel Delivery,ND,26,90.64,2,78,11887,78,Net New,No confirmed Inspiration match,Electrada only,ELC-2074,2026-06-28
,Muncie Service Center,Muncie Logistics,UT,30,99.34,0,90,28519,81,Net New,No confirmed Inspiration match,Electrada only,ELC-2081,2026-06-28
,Warsaw Yard,Warsaw Beverage Co.,NV,27,96.94,1,81,65690,81,Net New,No confirmed Inspiration match,Electrada only,ELC-2091,2026-06-28
,Joliet Charging Hub,Joliet Food Service Distribution,OK,8,94.64,2,32,33678,65,Net New,No confirmed Inspiration match,Electrada only,ELC-2098,2026-06-28
,Columbus IN Charging Hub,Columbus IN Distribution,IN,17,92.74,3,68,71040,40,Net New,No confirmed Inspiration match,Electrada only,ELC-2110,2026-06-28
,New Albany Yard,New Albany Beverage Co.,IA,6,98.34,5,24,21779,48,Net New,No confirmed Inspiration match,Electrada only,ELC-2122,2026-06-28
,La Crosse Depot,La Crosse Parcel Delivery,AR,19,98.24,0,57,30201,39,Net New,No confirmed Inspiration match,Electrada only,ELC-2125,2026-06-28
,Decatur Service Center,Decatur Telecom Services,ND,11,92.74,2,22,32560,71,Net New,No confirmed Inspiration match,Electrada only,ELC-2130,2026-06-28
,Owensboro Distribution Hub,Owensboro Beverage Co.,NC,17,99.54,2,68,50910,88,Net New,No confirmed Inspiration match,Electrada only,ELC-2141,2026-06-28
INS-172,Rockford North Service Center,Rockford North Airport Authority,CO,25,98.64,1,75,31655,60,Net New,No confirmed Electrada match,Inspiration only,,2026-06-28
INS-177,Jeffersonville Charging Hub,Jeffersonville Parcel Delivery,NM,6,93.44,0,24,50573,61,Net New,No confirmed Electrada match,Inspiration only,,2026-06-28
INS-180,Anderson Logistics Center,Anderson Beverage Co.,CO,24,99.64,3,48,30179,32,Net New,No confirmed Electrada match,Inspiration only,,2026-06-28
INS-182,Marshfield Distribution Hub,Marshfield Waste & Recycling,MN,19,94.94,6,57,37360,53,Net New,No confirmed Electrada match,Inspiration only,,2026-06-28
INS-183,Oshkosh Fleet Center,Oshkosh Logistics,KY,28,96.54,1,84,59434,45,Net New,No confirmed Electrada match,Inspiration only,,2026-06-28
INS-189,Wabash Fleet Center,Wabash Utility Cooperative,WI,5,98.04,0,15,60642,88,Net New,No confirmed Electrada match,Inspiration only,,2026-06-28
INS-197,Bloomington IL Depot,Bloomington IL Waste & Recycling,OK,18,94.34,5,36,57698,47,Net New,No confirmed Electrada match,Inspiration only,,2026-06-28
INS-203,Janesville Distribution Hub,Janesville Distribution,CO,18,99.64,5,54,21789,59,Net New,No confirmed Electrada match,Inspiration only,,2026-06-28
INS-204,Lafayette IN Logistics Center,Lafayette IN Courier Services,TX,21,99.54,4,63,21103,63,Net New,No confirmed Electrada match,Inspiration only,,2026-06-28
INS-206,Waukegan Charging Hub,Waukegan Distribution,NC,16,89,3,48,75870,27,Auto-Merged,"Region match is true, name similarity is 0.88, and uptime delta is below 3%. | Source values - Inspiration uptime: 88.7%, Electrada uptime: 86.4%, Inspiration chargers: 16, Electrada chargers: 16",Both,ELC-2151,2026-06-28
INS-212,Wausau Depot,Wausau Telecom Services,FL,16,88,2,32,71903,76,Auto-Merged,"Region match is true, name similarity is 0.82, and uptime delta is below 3%. | Source values - Inspiration uptime: 88.0%, Electrada uptime: 87.7%, Inspiration chargers: 16, Electrada chargers: 16",Both,ELC-2166,2026-06-28
INS-217,Elizabethtown Logistics Hub,Elizabethtown Equipment Rental,KY,24,89.9,3,72,52265,64,Auto-Merged,"Region match is true, name similarity is 0.76, and uptime delta is below 3%. | Source values - Inspiration uptime: 90.0%, Electrada uptime: 88.8%, Inspiration chargers: 24, Electrada chargers: 24",Both,ELC-2178,2026-06-28
INS-221,Eau Claire Yard,Eau Claire Logistics,OH,7,95.6,3,14,19619,72,Auto-Merged,"Region match is true, name similarity is 0.81, and uptime delta is below 3%. | Source values - Inspiration uptime: 95.8%, Electrada uptime: 94.3%, Inspiration chargers: 7, Electrada chargers: 7",Both,ELC-2186,2026-06-28
INS-228,Frankfort Depot,Frankfort School District,NC,7,89.4,2,21,12864,78,Auto-Merged,"Region match is true, name similarity is 0.9, and uptime delta is below 3%. | Source values - Inspiration uptime: 89.3%, Electrada uptime: 87.5%, Inspiration chargers: 7, Electrada chargers: 7",Both,ELC-2194,2026-06-28
INS-238,Mishawaka Logistics Hub,Mishawaka Equipment Rental,UT,5,93.2,3,15,57322,21,Auto-Merged,"Region match is true, name similarity is 0.89, and uptime delta is below 3%. | Source values - Inspiration uptime: 93.9%, Electrada uptime: 92.2%, Inspiration chargers: 5, Electrada chargers: 5",Both,ELC-2201,2026-06-28
INS-247,Henderson Fleet Center,Henderson Waste & Recycling,NE,23,94.3,1,69,74254,38,Auto-Merged,"Region match is true, name similarity is 0.82, and uptime delta is below 3%. | Source values - Inspiration uptime: 92.6%, Electrada uptime: 90.5%, Inspiration chargers: 23, Electrada chargers: 23",Both,ELC-2213,2026-06-28
INS-255,Marion IN Fleet Center,Marion IN Beverage Co.,UT,13,98.8,4,39,50222,43,Auto-Merged,"Region match is true, name similarity is 0.89, and uptime delta is below 3%. | Source values - Inspiration uptime: 96.5%, Electrada uptime: 95.9%, Inspiration chargers: 13, Electrada chargers: 13",Both,ELC-2225,2026-06-28
,Petoskey Fleet Center,Petoskey Auto Parts Distribution,WA,4,98.04,6,16,54264,56,Net New,No confirmed Inspiration match,Electrada only,ELC-2236,2026-06-28
,Manistee Fleet Center,Manistee Telecom Services,ID,20,96.64,4,40,77746,77,Net New,No confirmed Inspiration match,Electrada only,ELC-2245,2026-06-28
,Niles Fleet Center,Niles School District,NM,11,93.24,4,44,28415,83,Net New,No confirmed Inspiration match,Electrada only,ELC-2253,2026-06-28
,Traverse City Service Center,Traverse City Logistics,VA,29,98.74,1,87,46767,22,Net New,No confirmed Inspiration match,Electrada only,ELC-2254,2026-06-28
,Ionia Fleet Center,Ionia Freight Lines,ND,10,90.64,0,40,61422,42,Net New,No confirmed Inspiration match,Electrada only,ELC-2262,2026-06-28
,Owosso Logistics Hub,Owosso Logistics,MT,19,94.34,3,38,75402,89,Net New,No confirmed Inspiration match,Electrada only,ELC-2275,2026-06-28
,Menominee Charging Hub,Menominee Parcel Delivery,NV,19,98.04,6,38,59201,28,Net New,No confirmed Inspiration match,Electrada only,ELC-2276,2026-06-28
,Clare Distribution Hub,Clare Telecom Services,CO,25,97.64,3,100,53309,38,Net New,No confirmed Inspiration match,Electrada only,ELC-2279,2026-06-28
,Holland MI Depot,Holland MI Distribution,MD,18,89.04,1,36,15630,79,Net New,No confirmed Inspiration match,Electrada only,ELC-2286,2026-06-28
,Coldwater Fleet Center,Coldwater School District,SD,13,99.34,2,39,62867,88,Net New,No confirmed Inspiration match,Electrada only,ELC-2293,2026-06-28
,Three Rivers Service Center,Three Rivers Utility Cooperative,TN,11,92.04,6,33,53380,38,Net New,No confirmed Inspiration match,Electrada only,ELC-2299,2026-06-28
,Ludington Distribution Hub,Ludington Telecom Services,TN,25,92.64,2,50,41642,31,Net New,No confirmed Inspiration match,Electrada only,ELC-2300,2026-06-28
,Greenville MI Fleet Center,Greenville MI Leasing Corporation,AL,11,96.14,1,33,79657,55,Net New,No confirmed Inspiration match,Electrada only,ELC-2304,2026-06-28
,Flint Depot,Flint Distribution,IL,20,91.24,4,60,19321,28,Net New,No confirmed Inspiration match,Electrada only,ELC-2310,2026-06-28
,Kalamazoo Logistics Center,Kalamazoo Telecom Services,NM,8,98.54,4,32,52089,52,Net New,No confirmed Inspiration match,Electrada only,ELC-2318,2026-06-28
,Jackson MI Fleet Center,Jackson MI Airport Authority,TN,18,95.44,3,36,52602,56,Net New,No confirmed Inspiration match,Electrada only,ELC-2332,2026-06-28
,Fenton Service Center,Fenton Waste & Recycling,AL,27,99.54,1,54,43788,65,Net New,No confirmed Inspiration match,Electrada only,ELC-2340,2026-06-28
,Tecumseh Distribution Hub,Tecumseh Logistics,WI,6,97.94,7,18,58527,47,Net New,No confirmed Inspiration match,Electrada only,ELC-2351,2026-06-28
,Ironwood Logistics Center,Ironwood Parcel Delivery,ND,27,93.34,2,108,32677,58,Net New,No confirmed Inspiration match,Electrada only,ELC-2363,2026-06-28
INS-263,Marquette Distribution Hub,Marquette Auto Parts Distribution,NC,28,97.74,2,112,72343,61,Net New,No confirmed Electrada match,Inspiration only,,2026-06-28
INS-270,Lansing Charging Hub,Lansing Beverage Co.,NM,7,98.74,0,28,21384,52,Net New,No confirmed Electrada match,Inspiration only,,2026-06-28
INS-273,Houghton Service Center,Houghton Utility Cooperative,MI,10,95.44,3,30,62663,35,Net New,No confirmed Electrada match,Inspiration only,,2026-06-28
INS-282,Gladwin Logistics Hub,Gladwin Auto Parts Distribution,UT,7,99.54,1,14,69896,40,Net New,No confirmed Electrada match,Inspiration only,,2026-06-28
INS-286,Sault Ste Marie Depot,Sault Ste Marie Waste & Recycling,VA,10,96.44,0,30,58637,33,Net New,No confirmed Electrada match,Inspiration only,,2026-06-28
INS-294,Ypsilanti Logistics Center,Ypsilanti School District,UT,18,98.44,0,54,34179,90,Net New,No confirmed Electrada match,Inspiration only,,2026-06-28
INS-300,Sturgis Logistics Hub,Sturgis Parcel Delivery,AZ,15,94.74,1,60,69424,87,Net New,No confirmed Electrada match,Inspiration only,,2026-06-28
INS-310,Bay City Service Center,Bay City Auto Parts Distribution,CO,19,89.9,6,76,23714,71,Auto-Merged,"Region match is true, name similarity is 0.91, and uptime delta is below 3%. | Source values - Inspiration uptime: 89.4%, Electrada uptime: 87.6%, Inspiration chargers: 19, Electrada chargers: 19",Both,ELC-2371,2026-06-28
INS-318,Grand Rapids Distribution Hub,Grand Rapids Parcel Delivery,WA,15,93.3,1,45,58829,24,Auto-Merged,"Region match is true, name similarity is 0.91, and uptime delta is below 3%. | Source values - Inspiration uptime: 93.7%, Electrada uptime: 91.2%, Inspiration chargers: 15, Electrada chargers: 15",Both,ELC-2382,2026-06-28
INS-319,Standish Logistics Hub,Standish Logistics,ND,26,96.4,4,104,55690,76,Auto-Merged,"Region match is true, name similarity is 0.75, and uptime delta is below 3%. | Source values - Inspiration uptime: 96.4%, Electrada uptime: 94.7%, Inspiration chargers: 26, Electrada chargers: 26",Both,ELC-2391,2026-06-28
INS-329,Ann Arbor Logistics Hub,Ann Arbor Telecom Services,WI,28,96.1,6,56,74833,51,Auto-Merged,"Region match is true, name similarity is 0.79, and uptime delta is below 3%. | Source values - Inspiration uptime: 95.3%, Electrada uptime: 93.8%, Inspiration chargers: 28, Electrada chargers: 28",Both,ELC-2392,2026-06-28
INS-339,Dowagiac Charging Hub,Dowagiac Beverage Co.,IA,10,96.3,4,30,12396,61,Auto-Merged,"Region match is true, name similarity is 0.86, and uptime delta is below 3%. | Source values - Inspiration uptime: 98.3%, Electrada uptime: 97.7%, Inspiration chargers: 10, Electrada chargers: 10",Both,ELC-2397,2026-06-28
INS-341,Alpena Logistics Hub,Alpena Equipment Rental,NE,13,91.5,5,52,36756,72,Auto-Merged,"Region match is true, name similarity is 0.9, and uptime delta is below 3%. | Source values - Inspiration uptime: 93.5%, Electrada uptime: 93.3%, Inspiration chargers: 13, Electrada chargers: 13",Both,ELC-2405,2026-06-28
,Ithaca Distribution Hub,Ithaca Auto Parts Distribution,CT,6,99.04,4,12,52518,58,Net New,No confirmed Inspiration match,Electrada only,ELC-2419,2026-06-28
,Kingston NY Depot,Kingston NY Freight Lines,FL,10,98.54,2,20,68014,77,Net New,No confirmed Inspiration match,Electrada only,ELC-2427,2026-06-28
,Worcester Service Center,Worcester Auto Parts Distribution,RI,9,99.14,5,18,17594,86,Net New,No confirmed Inspiration match,Electrada only,ELC-2435,2026-06-28
,Oswego Distribution Hub,Oswego Equipment Rental,VT,21,90.44,8,42,28210,65,Net New,No confirmed Inspiration match,Electrada only,ELC-2442,2026-06-28
,Gloversville Yard,Gloversville Beverage Co.,MI,13,96.94,4,52,51875,79,Net New,No confirmed Inspiration match,Electrada only,ELC-2443,2026-06-28
,Elmira Yard,Elmira School District,KS,6,97.14,5,24,33981,72,Net New,No confirmed Inspiration match,Electrada only,ELC-2450,2026-06-28
,Bangor Logistics Hub,Bangor School District,VA,15,96.54,6,60,78428,69,Net New,No confirmed Inspiration match,Electrada only,ELC-2454,2026-06-28
,New Haven Depot,New Haven Beverage Co.,AL,27,96.64,0,54,11393,49,Net New,No confirmed Inspiration match,Electrada only,ELC-2465,2026-06-28
,Concord NH Charging Hub,Concord NH Telecom Services,ND,22,99.54,1,88,74779,26,Net New,No confirmed Inspiration match,Electrada only,ELC-2467,2026-06-28
,Fall River Fleet Center,Fall River School District,AZ,6,98.34,5,24,66843,21,Net New,No confirmed Inspiration match,Electrada only,ELC-2469,2026-06-28
,Danbury Yard,Danbury School District,NV,29,96.64,6,87,51477,88,Net New,No confirmed Inspiration match,Electrada only,ELC-2470,2026-06-28
,Watertown NY Yard,Watertown NY Airport Authority,NM,30,98.54,5,90,39443,86,Net New,No confirmed Inspiration match,Electrada only,ELC-2483,2026-06-28
,Rutland Depot,Rutland Beverage Co.,MO,25,96.94,5,50,36040,58,Net New,No confirmed Inspiration match,Electrada only,ELC-2496,2026-06-28
,Plattsburgh Yard,Plattsburgh Equipment Rental,PA,19,94.54,0,38,14981,57,Net New,No confirmed Inspiration match,Electrada only,ELC-2506,2026-06-28
,Augusta ME Fleet Center,Augusta ME School District,OR,13,96.64,5,39,78631,49,Net New,No confirmed Inspiration match,Electrada only,ELC-2512,2026-06-28
,Binghamton Fleet Center,Binghamton Telecom Services,VA,29,98.44,6,116,17485,81,Net New,No confirmed Inspiration match,Electrada only,ELC-2523,2026-06-28
,Cortland Yard,Cortland Beverage Co.,KS,6,89.44,1,18,51693,87,Net New,No confirmed Inspiration match,Electrada only,ELC-2525,2026-06-28
,Burlington VT Distribution Hub,Burlington VT Auto Parts Distribution,WA,10,93.64,0,40,75276,49,Net New,No confirmed Inspiration match,Electrada only,ELC-2526,2026-06-28
,Auburn NY Logistics Center,Auburn NY Leasing Corporation,MN,7,91.24,3,21,15011,72,Net New,No confirmed Inspiration match,Electrada only,ELC-2531,2026-06-28
,Poughkeepsie Charging Hub,Poughkeepsie Airport Authority,OR,29,95.34,1,116,52572,64,Net New,No confirmed Inspiration match,Electrada only,ELC-2535,2026-06-28
,Niagara Falls Distribution Hub,Niagara Falls Beverage Co.,NM,19,89.14,3,76,14872,43,Net New,No confirmed Inspiration match,Electrada only,ELC-2537,2026-06-28
,Lowell Service Center,Lowell Parcel Delivery,WA,20,96.64,5,60,69786,51,Net New,No confirmed Inspiration match,Electrada only,ELC-2544,2026-06-28
,Utica Service Center,Utica Utility Cooperative,KY,21,93.24,0,84,53928,21,Net New,No confirmed Inspiration match,Electrada only,ELC-2551,2026-06-28
,Springfield MA Depot,Springfield MA Freight Lines,UT,20,93.04,5,80,37300,37,Net New,No confirmed Inspiration match,Electrada only,ELC-2556,2026-06-28
,Glens Falls Logistics Center,Glens Falls Beverage Co.,NV,20,90.54,2,80,64156,85,Net New,No confirmed Inspiration match,Electrada only,ELC-2559,2026-06-28
INS-348,Norwalk Distribution Hub,Norwalk Distribution,TN,25,99.04,2,75,35526,30,Net New,No confirmed Electrada match,Inspiration only,,2026-06-28
INS-356,New Bedford Fleet Center,New Bedford Food Service Distribution,MS,6,94.14,2,18,71018,22,Net New,No confirmed Electrada match,Inspiration only,,2026-06-28
INS-366,Cranston Service Center,Cranston Equipment Rental,UT,18,97.24,3,72,74254,74,Net New,No confirmed Electrada match,Inspiration only,,2026-06-28
INS-371,Nashua Depot,Nashua Food Service Distribution,IA,24,89.64,0,96,30010,47,Net New,No confirmed Electrada match,Inspiration only,,2026-06-28
INS-375,Warwick Depot,Warwick Telecom Services,KY,4,97.34,7,16,50628,41,Net New,No confirmed Electrada match,Inspiration only,,2026-06-28
INS-379,Hudson NY Logistics Center,Hudson NY Parcel Delivery,WA,27,89.54,4,54,75369,56,Net New,No confirmed Electrada match,Inspiration only,,2026-06-28
INS-384,Montpelier Logistics Hub,Montpelier Airport Authority,RI,5,94.54,3,20,53626,78,Net New,No confirmed Electrada match,Inspiration only,,2026-06-28
INS-391,Schenectady Logistics Hub,Schenectady Equipment Rental,OK,4,97.24,2,12,39923,61,Net New,No confirmed Electrada match,Inspiration only,,2026-06-28
INS-395,Albany Distribution Hub,Albany Freight Lines,TN,26,95.34,2,78,64369,26,Net New,No confirmed Electrada match,Inspiration only,,2026-06-28
INS-403,Bridgeport Yard,Bridgeport Beverage Co.,VT,21,97.44,7,63,15877,23,Net New,No confirmed Electrada match,Inspiration only,,2026-06-28
INS-405,Manchester NH Charging Hub,Manchester NH Beverage Co.,MN,27,90.84,4,108,35142,81,Net New,No confirmed Electrada match,Inspiration only,,2026-06-28
INS-410,Hartford Depot,Hartford Courier Services,CA,5,99.14,0,15,61311,48,Net New,No confirmed Electrada match,Inspiration only,,2026-06-28
,Ashburn Service Center,Ashburn Equipment Rental,NH,23,98.64,2,46,55515,87,Net New,No confirmed Inspiration match,Electrada only,ELC-2564,2026-06-28
,Lexington VA Distribution Hub,Lexington VA Airport Authority,NM,8,90.14,1,24,36030,88,Net New,No confirmed Inspiration match,Electrada only,ELC-2569,2026-06-28
,Warrenton Charging Hub,Warrenton Telecom Services,MT,29,97.24,7,58,10974,25,Net New,No confirmed Inspiration match,Electrada only,ELC-2580,2026-06-28
,Petersburg VA Service Center,Petersburg VA Auto Parts Distribution,AR,11,99.04,5,22,51376,32,Net New,No confirmed Inspiration match,Electrada only,ELC-2589,2026-06-28
,Cumberland MD Distribution Hub,Cumberland MD Parcel Delivery,OH,22,93.54,2,66,51772,83,Net New,No confirmed Inspiration match,Electrada only,ELC-2592,2026-06-28
,Martinsville Depot,Martinsville Freight Lines,VA,15,93.74,4,30,54343,29,Net New,No confirmed Inspiration match,Electrada only,ELC-2601,2026-06-28
,Chesapeake Yard,Chesapeake Freight Lines,MI,4,94.04,4,8,29106,39,Net New,No confirmed Inspiration match,Electrada only,ELC-2603,2026-06-28
,Gaithersburg Depot,Gaithersburg Courier Services,RI,14,95.14,2,28,49937,30,Net New,No confirmed Inspiration match,Electrada only,ELC-2616,2026-06-28
,Staunton Service Center,Staunton Waste & Recycling,AR,7,95.04,3,21,47810,84,Net New,No confirmed Inspiration match,Electrada only,ELC-2627,2026-06-28
,Salisbury MD Yard,Salisbury MD Utility Cooperative,VA,13,96.54,3,26,59151,61,Net New,No confirmed Inspiration match,Electrada only,ELC-2631,2026-06-28
,Franklin VA Depot,Franklin VA Food Service Distribution,GA,8,90.24,2,24,10723,45,Net New,No confirmed Inspiration match,Electrada only,ELC-2643,2026-06-28
,Waynesboro Service Center,Waynesboro Parcel Delivery,AR,20,96.44,5,40,66862,82,Net New,No confirmed Inspiration match,Electrada only,ELC-2655,2026-06-28
,Emporia Fleet Center,Emporia Leasing Corporation,NV,17,95.04,5,68,57423,51,Net New,No confirmed Inspiration match,Electrada only,ELC-2666,2026-06-28
,South Boston Depot,South Boston Courier Services,GA,18,95.84,3,72,16476,66,Net New,No confirmed Inspiration match,Electrada only,ELC-2672,2026-06-28
,Rockville Yard,Rockville Airport Authority,IN,19,99.64,0,38,28335,32,Net New,No confirmed Inspiration match,Electrada only,ELC-2673,2026-06-28
,Silver Spring Distribution Hub,Silver Spring School District,NH,19,98.24,4,38,68829,74,Net New,No confirmed Inspiration match,Electrada only,ELC-2684,2026-06-28
,Charlottesville Fleet Center,Charlottesville Telecom Services,WA,4,93.34,1,8,34724,40,Net New,No confirmed Inspiration match,Electrada only,ELC-2695,2026-06-28
,Woodbridge Logistics Center,Woodbridge Freight Lines,NM,30,97.54,7,120,79015,66,Net New,No confirmed Inspiration match,Electrada only,ELC-2706,2026-06-28
,Hopewell Depot,Hopewell Beverage Co.,MO,27,95.34,2,108,24457,79,Net New,No confirmed Inspiration match,Electrada only,ELC-2716,2026-06-28
,Radford Depot,Radford Utility Cooperative,NY,22,95.44,5,66,66792,37,Net New,No confirmed Inspiration match,Electrada only,ELC-2725,2026-06-28
,Blacksburg Depot,Blacksburg Airport Authority,ND,14,94.44,2,28,66802,33,Net New,No confirmed Inspiration match,Electrada only,ELC-2738,2026-06-28
INS-418,Portsmouth VA Logistics Center,Portsmouth VA Courier Services,OR,9,97.44,6,27,23153,26,Net New,No confirmed Electrada match,Inspiration only,,2026-06-28
INS-426,Harrisonburg Logistics Hub,Harrisonburg Food Service Distribution,SD,21,99.04,1,63,60149,68,Net New,No confirmed Electrada match,Inspiration only,,2026-06-28
INS-436,Abingdon Logistics Center,Abingdon Beverage Co.,LA,26,97.94,3,78,68746,82,Net New,No confirmed Electrada match,Inspiration only,,2026-06-28
INS-443,Bethesda Service Center,Bethesda Food Service Distribution,NE,6,96.44,3,24,42531,78,Net New,No confirmed Electrada match,Inspiration only,,2026-06-28
INS-449,Farmville Fleet Center,Farmville Telecom Services,ME,28,99.64,1,56,31653,65,Net New,No confirmed Electrada match,Inspiration only,,2026-06-28
INS-457,Leesburg Service Center,Leesburg Utility Cooperative,FL,7,99.64,6,21,64210,58,Net New,No confirmed Electrada match,Inspiration only,,2026-06-28
INS-466,Colonial Heights Charging Hub,Colonial Heights Auto Parts Distribution,CT,19,95.04,2,76,27114,86,Net New,No confirmed Electrada match,Inspiration only,,2026-06-28
INS-474,Frederick MD Fleet Center,Frederick MD Utility Cooperative,ND,9,91.84,0,18,79710,47,Net New,No confirmed Electrada match,Inspiration only,,2026-06-28
INS-483,Winchester VA Depot,Winchester VA Beverage Co.,TX,20,97.34,1,40,31976,55,Net New,No confirmed Electrada match,Inspiration only,,2026-06-28
INS-492,Christiansburg Yard,Christiansburg Freight Lines,LA,17,93.9,1,51,79053,83,Auto-Merged,"Region match is true, name similarity is 0.9, and uptime delta is below 3%. | Source values - Inspiration uptime: 94.3%, Electrada uptime: 93.2%, Inspiration chargers: 17, Electrada chargers: 17",Both,ELC-2742,2026-06-28
INS-496,Danville VA Service Center,Danville VA Parcel Delivery,IA,15,92.7,5,60,18703,28,Auto-Merged,"Region match is true, name similarity is 0.9, and uptime delta is below 3%. | Source values - Inspiration uptime: 91.9%, Electrada uptime: 89.8%, Inspiration chargers: 15, Electrada chargers: 15",Both,ELC-2752,2026-06-28
INS-498,Hagerstown Charging Hub,Hagerstown Beverage Co.,AL,18,95.6,0,54,72928,72,Auto-Merged,"Region match is true, name similarity is 0.77, and uptime delta is below 3%. | Source values - Inspiration uptime: 95.6%, Electrada uptime: 94.8%, Inspiration chargers: 18, Electrada chargers: 18",Both,ELC-2759,2026-06-28
INS-506,Newark DE Logistics Center,Newark DE Leasing Corporation,IL,14,98.7,1,42,25429,42,Auto-Merged,"Region match is true, name similarity is 0.84, and uptime delta is below 3%. | Source values - Inspiration uptime: 99.0%, Electrada uptime: 97.5%, Inspiration chargers: 14, Electrada chargers: 14",Both,ELC-2770,2026-06-28
,Kannapolis Distribution Hub,Kannapolis Food Service Distribution,WA,8,91.64,4,32,65560,85,Net New,No confirmed Inspiration match,Electrada only,ELC-2784,2026-06-28
,Chapel Hill Fleet Center,Chapel Hill Equipment Rental,SD,22,95.44,0,88,67268,81,Net New,No confirmed Inspiration match,Electrada only,ELC-2790,2026-06-28
,Burnsville Yard,Burnsville Auto Parts Distribution,CO,10,98.04,2,40,53965,48,Net New,No confirmed Inspiration match,Electrada only,ELC-2792,2026-06-28
,Eden NC Logistics Hub,Eden NC Freight Lines,ME,14,98.44,3,42,50371,81,Net New,No confirmed Inspiration match,Electrada only,ELC-2801,2026-06-28
,Mount Airy Service Center,Mount Airy School District,IL,29,94.94,0,58,26230,27,Net New,No confirmed Inspiration match,Electrada only,ELC-2808,2026-06-28
,Albemarle Logistics Hub,Albemarle Telecom Services,AZ,19,91.94,5,57,55491,65,Net New,No confirmed Inspiration match,Electrada only,ELC-2810,2026-06-28
,West Jefferson Fleet Center,West Jefferson Telecom Services,AL,4,97.94,1,16,42268,23,Net New,No confirmed Inspiration match,Electrada only,ELC-2816,2026-06-28
,Salisbury NC Logistics Hub,Salisbury NC Beverage Co.,WI,23,99.64,4,46,40324,69,Net New,No confirmed Inspiration match,Electrada only,ELC-2827,2026-06-28
,Morganton Depot,Morganton Parcel Delivery,ND,15,99.34,0,60,73086,61,Net New,No confirmed Inspiration match,Electrada only,ELC-2839,2026-06-28
,Reidsville Logistics Center,Reidsville Leasing Corporation,SD,11,91.84,0,22,73542,65,Net New,No confirmed Inspiration match,Electrada only,ELC-2854,2026-06-28
,Elkin Yard,Elkin Utility Cooperative,SC,30,94.34,4,60,79429,53,Net New,No confirmed Inspiration match,Electrada only,ELC-2864,2026-06-28
,Monroe NC Charging Hub,Monroe NC Parcel Delivery,DE,4,96.24,5,12,21467,44,Net New,No confirmed Inspiration match,Electrada only,ELC-2878,2026-06-28
,Sylva Yard,Sylva Equipment Rental,OH,5,91.74,4,10,78395,42,Net New,No confirmed Inspiration match,Electrada only,ELC-2886,2026-06-28
,Rocky Mount Logistics Hub,Rocky Mount Logistics,AL,12,97.14,0,24,38467,53,Net New,No confirmed Inspiration match,Electrada only,ELC-2894,2026-06-28
,Gastonia Distribution Hub,Gastonia Courier Services,AR,12,98.44,6,48,44863,90,Net New,No confirmed Inspiration match,Electrada only,ELC-2899,2026-06-28
,Rutherfordton Fleet Center,Rutherfordton School District,NE,25,94.14,4,75,60246,42,Net New,No confirmed Inspiration match,Electrada only,ELC-2905,2026-06-28
,Lenoir Distribution Hub,Lenoir Parcel Delivery,MI,24,99.14,6,96,77532,60,Net New,No confirmed Inspiration match,Electrada only,ELC-2920,2026-06-28
,Graham NC Service Center,Graham NC Waste & Recycling,WI,7,99.44,4,14,68066,42,Net New,No confirmed Inspiration match,Electrada only,ELC-2921,2026-06-28
INS-516,Oxford NC Distribution Hub,Oxford NC Utility Cooperative,ME,19,94.74,3,76,56793,59,Net New,No confirmed Electrada match,Inspiration only,,2026-06-28
INS-519,Hickory Fleet Center,Hickory Parcel Delivery,ID,25,94.14,1,50,28657,63,Net New,No confirmed Electrada match,Inspiration only,,2026-06-28
INS-524,Tarboro Yard,Tarboro School District,GA,5,94.44,2,20,47572,72,Net New,No confirmed Electrada match,Inspiration only,,2026-06-28
INS-527,Wilson Depot,Wilson Freight Lines,VA,28,95.34,4,112,45946,61,Net New,No confirmed Electrada match,Inspiration only,,2026-06-28
INS-530,Jacksonville NC Logistics Center,Jacksonville NC School District,MD,21,97.14,1,42,34429,31,Net New,No confirmed Electrada match,Inspiration only,,2026-06-28
INS-540,Pittsboro Distribution Hub,Pittsboro Waste & Recycling,KY,6,98.14,2,12,49542,21,Net New,No confirmed Electrada match,Inspiration only,,2026-06-28
INS-546,Wilmington NC Fleet Center,Wilmington NC Beverage Co.,IL,9,99.14,5,18,21979,61,Net New,No confirmed Electrada match,Inspiration only,,2026-06-28
INS-556,Bakersville Service Center,Bakersville Waste & Recycling,MN,28,94.14,3,84,22967,68,Net New,No confirmed Electrada match,Inspiration only,,2026-06-28
INS-566,Spruce Pine Yard,Spruce Pine Telecom Services,MT,18,97.04,1,54,78370,69,Net New,No confirmed Electrada match,Inspiration only,,2026-06-28
INS-567,Rockingham Logistics Center,Rockingham Food Service Distribution,TX,25,99.24,2,75,58743,20,Net New,No confirmed Electrada match,Inspiration only,,2026-06-28
INS-577,Wilkesboro Fleet Center,Wilkesboro Food Service Distribution,KS,16,93.2,0,64,19900,71,Auto-Merged,"Region match is true, name similarity is 0.83, and uptime delta is below 3%. | Source values - Inspiration uptime: 93.3%, Electrada uptime: 90.8%, Inspiration chargers: 16, Electrada chargers: 16",Both,ELC-2929,2026-06-28
INS-579,Henderson NC Yard,Henderson NC Freight Lines,DE,30,95.8,5,120,54954,63,Conflict - Needs Resolution,"Region match is true and name similarity is 0.72, but uptime delta exceeds 3%. | Source values - Inspiration uptime: 95.8%, Electrada uptime: 88.5%, Inspiration chargers: 30, Electrada chargers: 30",Both,ELC-2944,2026-06-28
INS-586,Whiteville Logistics Hub,Whiteville School District,GA,13,89.9,3,26,48039,82,Auto-Merged,"Region match is true, name similarity is 0.88, and uptime delta is below 3%. | Source values - Inspiration uptime: 89.7%, Electrada uptime: 87.4%, Inspiration chargers: 13, Electrada chargers: 13",Both,ELC-2955,2026-06-28
INS-587,Marion NC Distribution Hub,Marion NC Airport Authority,KY,10,89.2,1,40,37856,62,Auto-Merged,"Region match is true, name similarity is 0.75, and uptime delta is below 3%. | Source values - Inspiration uptime: 90.5%, Electrada uptime: 88.5%, Inspiration chargers: 10, Electrada chargers: 10",Both,ELC-2960,2026-06-28
INS-592,Boone NC Yard,Boone NC Equipment Rental,MS,13,93.5,0,26,22874,35,Auto-Merged,"Region match is true, name similarity is 0.81, and uptime delta is below 3%. | Source values - Inspiration uptime: 93.2%, Electrada uptime: 91.9%, Inspiration chargers: 13, Electrada chargers: 13",Both,ELC-2975,2026-06-28
INS-596,Sparta NC Charging Hub,Sparta NC Parcel Delivery,IN,8,96,6,16,51252,76,Auto-Merged,"Region match is true, name similarity is 0.79, and uptime delta is below 3%. | Source values - Inspiration uptime: 95.6%, Electrada uptime: 93.9%, Inspiration chargers: 8, Electrada chargers: 8",Both,ELC-2988,2026-06-28
INS-601,Statesville Logistics Center,Statesville Telecom Services,TX,19,93.9,4,38,36034,62,Auto-Merged,"Region match is true, name similarity is 0.91, and uptime delta is below 3%. | Source values - Inspiration uptime: 94.3%, Electrada uptime: 91.9%, Inspiration chargers: 19, Electrada chargers: 19",Both,ELC-2999,2026-06-28
INS-603,Laurinburg Fleet Center,Laurinburg Equipment Rental,ID,13,90.3,0,52,15301,40,Auto-Merged,"Region match is true, name similarity is 0.91, and uptime delta is below 3%. | Source values - Inspiration uptime: 90.2%, Electrada uptime: 87.5%, Inspiration chargers: 13, Electrada chargers: 13",Both,ELC-3009,2026-06-28
INS-605,Asheville Fleet Center,Asheville Food Service Distribution,MO,23,88.6,2,92,39410,64,Auto-Merged,"Region match is true, name similarity is 0.86, and uptime delta is below 3%. | Source values - Inspiration uptime: 88.2%, Electrada uptime: 85.9%, Inspiration chargers: 23, Electrada chargers: 23",Both,ELC-3019,2026-06-28
INS-607,Concord NC Logistics Hub,Concord NC Airport Authority,CA,28,94,5,84,23350,31,Auto-Merged,"Region match is true, name similarity is 0.88, and uptime delta is below 3%. | Source values - Inspiration uptime: 92.5%, Electrada uptime: 90.9%, Inspiration chargers: 28, Electrada chargers: 28",Both,ELC-3029,2026-06-28
,Latta Depot,Latta Waste & Recycling,TN,10,93.14,4,30,63257,70,Net New,No confirmed Inspiration match,Electrada only,ELC-3035,2026-06-28
,Lancaster SC Yard,Lancaster SC Freight Lines,IL,12,91.94,4,36,42839,84,Net New,No confirmed Inspiration match,Electrada only,ELC-3036,2026-06-28
,Cheraw Fleet Center,Cheraw Food Service Distribution,ND,14,97.24,0,28,30277,90,Net New,No confirmed Inspiration match,Electrada only,ELC-3044,2026-06-28
,Florence SC Charging Hub,Florence SC Parcel Delivery,TX,17,89.84,3,51,39723,61,Net New,No confirmed Inspiration match,Electrada only,ELC-3053,2026-06-28
,Spartanburg Fleet Center,Spartanburg Equipment Rental,PA,25,99.24,0,50,29916,55,Net New,No confirmed Inspiration match,Electrada only,ELC-3061,2026-06-28
,Clemson Charging Hub,Clemson School District,IA,22,91.74,3,66,41288,72,Net New,No confirmed Inspiration match,Electrada only,ELC-3063,2026-06-28
,Lake City Logistics Hub,Lake City Waste & Recycling,TN,6,93.14,5,12,48683,81,Net New,No confirmed Inspiration match,Electrada only,ELC-3073,2026-06-28
,Beaufort Charging Hub,Beaufort Courier Services,IL,15,93.04,4,60,25025,79,Net New,No confirmed Inspiration match,Electrada only,ELC-3086,2026-06-28
,Ridgeland SC Distribution Hub,Ridgeland SC Leasing Corporation,FL,12,98.14,1,36,21148,53,Net New,No confirmed Inspiration match,Electrada only,ELC-3100,2026-06-28
,Hartsville Distribution Hub,Hartsville Waste & Recycling,AR,14,92.54,2,42,74829,29,Net New,No confirmed Inspiration match,Electrada only,ELC-3108,2026-06-28
,Walhalla Logistics Hub,Walhalla Airport Authority,NH,27,92.84,3,54,66547,90,Net New,No confirmed Inspiration match,Electrada only,ELC-3118,2026-06-28
,Pickens Depot,Pickens Parcel Delivery,RI,17,97.54,4,51,56604,54,Net New,No confirmed Inspiration match,Electrada only,ELC-3121,2026-06-28
,Georgetown SC Logistics Hub,Georgetown SC Food Service Distribution,MN,22,93.84,4,44,73515,23,Net New,No confirmed Inspiration match,Electrada only,ELC-3127,2026-06-28
,Hilton Head Logistics Hub,Hilton Head Waste & Recycling,SD,21,92.24,3,42,77241,34,Net New,No confirmed Inspiration match,Electrada only,ELC-3131,2026-06-28
,Camden SC Logistics Center,Camden SC Auto Parts Distribution,NY,19,99.64,1,38,12066,78,Net New,No confirmed Inspiration match,Electrada only,ELC-3142,2026-06-28
,Orangeburg Logistics Center,Orangeburg School District,NV,12,92.34,2,24,15489,69,Net New,No confirmed Inspiration match,Electrada only,ELC-3151,2026-06-28
,Darlington Yard,Darlington Parcel Delivery,FL,11,99.04,0,33,31114,51,Net New,No confirmed Inspiration match,Electrada only,ELC-3160,2026-06-28
,Bennettsville Service Center,Bennettsville Distribution,WY,19,97.24,3,38,23058,21,Net New,No confirmed Inspiration match,Electrada only,ELC-3172,2026-06-28
,Bluffton Logistics Hub,Bluffton School District,CA,22,92.84,1,88,20615,65,Net New,No confirmed Inspiration match,Electrada only,ELC-3178,2026-06-28
,Aiken Charging Hub,Aiken Courier Services,CT,23,94.54,5,69,11978,21,Net New,No confirmed Inspiration match,Electrada only,ELC-3193,2026-06-28
,Kershaw Service Center,Kershaw Logistics,NE,15,97.34,0,60,23835,84,Net New,No confirmed Inspiration match,Electrada only,ELC-3208,2026-06-28
INS-611,Anderson SC Logistics Hub,Anderson SC Telecom Services,NY,12,92.84,1,36,63814,68,Net New,No confirmed Electrada match,Inspiration only,,2026-06-28
INS-613,Manning Service Center,Manning Courier Services,ID,19,92.44,2,57,39915,55,Net New,No confirmed Electrada match,Inspiration only,,2026-06-28
INS-617,Marion SC Fleet Center,Marion SC Freight Lines,OH,8,96.34,3,16,71112,35,Net New,No confirmed Electrada match,Inspiration only,,2026-06-28
INS-620,Newberry SC Service Center,Newberry SC Logistics,MT,8,89.64,0,16,39841,62,Net New,No confirmed Electrada match,Inspiration only,,2026-06-28
INS-628,Clinton SC Distribution Hub,Clinton SC Distribution,TN,21,97.94,4,42,47174,36,Net New,No confirmed Electrada match,Inspiration only,,2026-06-28
INS-634,Seneca Yard,Seneca Telecom Services,MS,7,98.94,6,28,75357,44,Net New,No confirmed Electrada match,Inspiration only,,2026-06-28
INS-635,Union SC Yard,Union SC Beverage Co.,MD,28,98.34,4,56,40878,71,Net New,No confirmed Electrada match,Inspiration only,,2026-06-28
INS-640,Barnwell Distribution Hub,Barnwell Telecom Services,SC,29,89.34,2,58,58327,22,Net New,No confirmed Electrada match,Inspiration only,,2026-06-28
INS-650,Kingstree Yard,Kingstree Telecom Services,CA,23,99.54,2,92,37719,59,Net New,No confirmed Electrada match,Inspiration only,,2026-06-28
INS-660,Walterboro Fleet Center,Walterboro Courier Services,AZ,26,92.8,4,78,79364,37,Conflict - Needs Resolution,"Region match is true and name similarity is 0.74, but uptime delta exceeds 3%. | Source values - Inspiration uptime: 92.8%, Electrada uptime: 85.4%, Inspiration chargers: 26, Electrada chargers: 26",Both,ELC-3220,2026-06-28
INS-670,York SC Yard,York SC Auto Parts Distribution,AR,30,89.1,3,120,61521,76,Auto-Merged,"Region match is true, name similarity is 0.79, and uptime delta is below 3%. | Source values - Inspiration uptime: 90.6%, Electrada uptime: 89.5%, Inspiration chargers: 30, Electrada chargers: 30",Both,ELC-3221,2026-06-28
INS-680,Myrtle Beach Fleet Center,Myrtle Beach Equipment Rental,OR,10,90.1,4,40,13466,50,Auto-Merged,"Region match is true, name similarity is 0.87, and uptime delta is below 3%. | Source values - Inspiration uptime: 90.0%, Electrada uptime: 87.8%, Inspiration chargers: 10, Electrada chargers: 10",Both,ELC-3222,2026-06-28
INS-689,Sumter Logistics Hub,Sumter Telecom Services,GA,24,98.5,0,96,79401,89,Auto-Merged,"Region match is true, name similarity is 0.87, and uptime delta is below 3%. | Source values - Inspiration uptime: 98.9%, Electrada uptime: 96.4%, Inspiration chargers: 24, Electrada chargers: 24",Both,ELC-3236,2026-06-28
,Bay Minette Distribution Hub,Bay Minette Telecom Services,MI,5,96.44,2,10,39935,28,Net New,No confirmed Inspiration match,Electrada only,ELC-3246,2026-06-28
,Alabaster Logistics Center,Alabaster Telecom Services,MS,30,94.94,4,60,54572,37,Net New,No confirmed Inspiration match,Electrada only,ELC-3250,2026-06-28
,Pelham Distribution Hub,Pelham School District,LA,16,96.74,1,48,33522,29,Net New,No confirmed Inspiration match,Electrada only,ELC-3258,2026-06-28
,Jasper AL Fleet Center,Jasper AL Airport Authority,RI,12,97.94,1,24,16057,69,Net New,No confirmed Inspiration match,Electrada only,ELC-3272,2026-06-28
,Atmore Charging Hub,Atmore Leasing Corporation,NE,10,98.24,2,20,23086,82,Net New,No confirmed Inspiration match,Electrada only,ELC-3286,2026-06-28
,Sylacauga Depot,Sylacauga School District,OK,7,90.44,4,14,34070,31,Net New,No confirmed Inspiration match,Electrada only,ELC-3298,2026-06-28
,Livingston AL Logistics Center,Livingston AL Courier Services,NV,11,91.94,6,22,43632,71,Net New,No confirmed Inspiration match,Electrada only,ELC-3299,2026-06-28
,Demopolis Depot,Demopolis Telecom Services,WY,19,92.44,1,38,26770,77,Net New,No confirmed Inspiration match,Electrada only,ELC-3304,2026-06-28
,Enterprise AL Logistics Hub,Enterprise AL Airport Authority,ND,27,96.34,1,54,41332,81,Net New,No confirmed Inspiration match,Electrada only,ELC-3311,2026-06-28
,Clanton Yard,Clanton Auto Parts Distribution,MI,30,90.44,4,60,22157,50,Net New,No confirmed Inspiration match,Electrada only,ELC-3321,2026-06-28
,Troy AL Yard,Troy AL School District,IA,24,92.14,2,72,27522,89,Net New,No confirmed Inspiration match,Electrada only,ELC-3332,2026-06-28
,Phenix City Service Center,Phenix City Logistics,ND,25,94.84,3,100,72968,28,Net New,No confirmed Inspiration match,Electrada only,ELC-3338,2026-06-28
,Fort Payne Fleet Center,Fort Payne Equipment Rental,IN,15,91.44,6,60,59512,30,Net New,No confirmed Inspiration match,Electrada only,ELC-3353,2026-06-28
,Prattville Charging Hub,Prattville Utility Cooperative,WA,13,92.24,3,52,47612,78,Net New,No confirmed Inspiration match,Electrada only,ELC-3356,2026-06-28
,Alexander City Logistics Hub,Alexander City Equipment Rental,RI,20,97.24,2,40,74103,49,Net New,No confirmed Inspiration match,Electrada only,ELC-3359,2026-06-28
,Leeds AL Yard,Leeds AL Telecom Services,MN,26,90.14,4,78,59080,74,Net New,No confirmed Inspiration match,Electrada only,ELC-3367,2026-06-28
,Talladega Charging Hub,Talladega Leasing Corporation,MI,6,90.84,2,24,79774,29,Net New,No confirmed Inspiration match,Electrada only,ELC-3376,2026-06-28
,Andalusia Charging Hub,Andalusia Waste & Recycling,IN,28,92.74,8,112,42372,59,Net New,No confirmed Inspiration match,Electrada only,ELC-3390,2026-06-28
,Opelika Yard,Opelika Utility Cooperative,GA,8,96.44,0,16,77611,46,Net New,No confirmed Inspiration match,Electrada only,ELC-3398,2026-06-28
,Bessemer Distribution Hub,Bessemer Courier Services,IN,24,95.54,5,48,27939,84,Net New,No confirmed Inspiration match,Electrada only,ELC-3405,2026-06-28
,Cullman Logistics Hub,Cullman Telecom Services,FL,8,95.14,0,32,63075,22,Net New,No confirmed Inspiration match,Electrada only,ELC-3417,2026-06-28
,Northport Service Center,Northport Leasing Corporation,MN,19,96.74,4,38,30075,44,Net New,No confirmed Inspiration match,Electrada only,ELC-3430,2026-06-28
INS-699,Dothan Service Center,Dothan Distribution,GA,24,94.34,3,96,23289,44,Net New,No confirmed Electrada match,Inspiration only,,2026-06-28
INS-700,Ozark AL Service Center,Ozark AL Utility Cooperative,VT,29,99.54,2,116,33673,59,Net New,No confirmed Electrada match,Inspiration only,,2026-06-28
INS-704,Greensboro AL Service Center,Greensboro AL Courier Services,MI,13,94.94,5,39,78518,90,Net New,No confirmed Electrada match,Inspiration only,,2026-06-28
INS-710,Monroeville Service Center,Monroeville Freight Lines,GA,29,95.34,5,87,57906,49,Net New,No confirmed Electrada match,Inspiration only,,2026-06-28
INS-720,Athens AL Charging Hub,Athens AL Airport Authority,IN,24,95.74,2,96,11709,62,Net New,No confirmed Electrada match,Inspiration only,,2026-06-28
INS-724,Scottsboro Logistics Center,Scottsboro Logistics,MS,30,99.44,0,60,69287,63,Net New,No confirmed Electrada match,Inspiration only,,2026-06-28
INS-729,Butler AL Fleet Center,Butler AL Courier Services,MS,5,94.14,4,10,20620,44,Net New,No confirmed Electrada match,Inspiration only,,2026-06-28
INS-735,Tuscaloosa South Charging Hub,Tuscaloosa South Leasing Corporation,VA,21,97.64,5,42,15094,24,Net New,No confirmed Electrada match,Inspiration only,,2026-06-28
INS-742,Camden AL Yard,Camden AL Auto Parts Distribution,IL,10,95.44,1,40,23376,27,Net New,No confirmed Electrada match,Inspiration only,,2026-06-28
INS-744,Montevallo Service Center,Montevallo Waste & Recycling,SC,12,99.54,6,36,17313,24,Net New,No confirmed Electrada match,Inspiration only,,2026-06-28
INS-754,Eutaw Depot,Eutaw Beverage Co.,VA,28,97.84,1,84,19332,87,Net New,No confirmed Electrada match,Inspiration only,,2026-06-28
INS-764,Decatur AL Fleet Center,Decatur AL Auto Parts Distribution,KY,21,91.6,3,42,57542,83,Conflict - Needs Resolution,"Region match is true and name similarity is 0.74, but uptime delta exceeds 3%. | Source values - Inspiration uptime: 91.6%, Electrada uptime: 85.2%, Inspiration chargers: 21, Electrada chargers: 21",Both,ELC-3441,2026-06-28
INS-765,Union Springs Service Center,Union Springs Beverage Co.,MA,19,92.8,0,57,41021,47,Auto-Merged,"Region match is true, name similarity is 0.86, and uptime delta is below 3%. | Source values - Inspiration uptime: 93.4%, Electrada uptime: 91.4%, Inspiration chargers: 19, Electrada chargers: 19",Both,ELC-3451,2026-06-28
INS-768,Auburn AL Logistics Center,Auburn AL Auto Parts Distribution,MT,29,89.8,4,58,75814,86,Conflict - Needs Resolution,"Region match is true and name similarity is 0.8, but uptime delta exceeds 3%. | Source values - Inspiration uptime: 89.8%, Electrada uptime: 82.7%, Inspiration chargers: 29, Electrada chargers: 29",Both,ELC-3465,2026-06-28
INS-771,Brewton Service Center,Brewton Distribution,KY,14,92.5,6,28,25006,48,Auto-Merged,"Region match is true, name similarity is 0.89, and uptime delta is below 3%. | Source values - Inspiration uptime: 92.6%, Electrada uptime: 90.6%, Inspiration chargers: 14, Electrada chargers: 14",Both,ELC-3471,2026-06-28
,Winona Service Center,Winona Distribution,TN,25,92.64,4,100,40085,43,Net New,No confirmed Inspiration match,Electrada only,ELC-3481,2026-06-28
,Clarksdale Fleet Center,Clarksdale Utility Cooperative,ND,17,94.74,4,51,42514,54,Net New,No confirmed Inspiration match,Electrada only,ELC-3494,2026-06-28
,Greenville MS Distribution Hub,Greenville MS Food Service Distribution,NY,23,91.44,6,69,49378,39,Net New,No confirmed Inspiration match,Electrada only,ELC-3498,2026-06-28
,Newton MS Service Center,Newton MS Beverage Co.,TN,25,99.44,0,100,79069,65,Net New,No confirmed Inspiration match,Electrada only,ELC-3509,2026-06-28
,Laurel MS Depot,Laurel MS Distribution,VA,9,94.64,2,36,74143,32,Net New,No confirmed Inspiration match,Electrada only,ELC-3515,2026-06-28
,Aberdeen MS Service Center,Aberdeen MS Courier Services,WY,11,92.24,1,44,29768,45,Net New,No confirmed Inspiration match,Electrada only,ELC-3518,2026-06-28
,Water Valley Logistics Hub,Water Valley Food Service Distribution,MN,15,91.44,6,45,51510,74,Net New,No confirmed Inspiration match,Electrada only,ELC-3530,2026-06-28
,Macon MS Logistics Center,Macon MS Leasing Corporation,PA,8,91.54,2,24,46668,35,Net New,No confirmed Inspiration match,Electrada only,ELC-3531,2026-06-28
,Canton MS Service Center,Canton MS Waste & Recycling,NM,22,92.34,3,66,18612,88,Net New,No confirmed Inspiration match,Electrada only,ELC-3537,2026-06-28
,Holly Springs Fleet Center,Holly Springs Beverage Co.,IN,8,95.14,2,32,79418,51,Net New,No confirmed Inspiration match,Electrada only,ELC-3544,2026-06-28
,Ripley MS Logistics Center,Ripley MS Telecom Services,IN,19,98.64,0,57,22509,68,Net New,No confirmed Inspiration match,Electrada only,ELC-3556,2026-06-28
,Houston MS Distribution Hub,Houston MS Freight Lines,MN,7,97.74,2,21,23850,21,Net New,No confirmed Inspiration match,Electrada only,ELC-3566,2026-06-28
,Forest MS Service Center,Forest MS Utility Cooperative,ME,8,99.54,4,32,71810,64,Net New,No confirmed Inspiration match,Electrada only,ELC-3577,2026-06-28
,Natchez Yard,Natchez School District,LA,16,99.24,1,32,43720,62,Net New,No confirmed Inspiration match,Electrada only,ELC-3592,2026-06-28
,Meridian MS Logistics Hub,Meridian MS Parcel Delivery,VT,27,91.64,5,108,52719,39,Net New,No confirmed Inspiration match,Electrada only,ELC-3602,2026-06-28
,Louisville MS Depot,Louisville MS Leasing Corporation,MA,4,92.24,2,8,12584,21,Net New,No confirmed Inspiration match,Electrada only,ELC-3605,2026-06-28
,Booneville Charging Hub,Booneville Parcel Delivery,NC,28,96.54,2,112,39025,56,Net New,No confirmed Inspiration match,Electrada only,ELC-3607,2026-06-28
,Gulfport Depot,Gulfport Waste & Recycling,OH,21,96.84,7,63,20355,85,Net New,No confirmed Inspiration match,Electrada only,ELC-3611,2026-06-28
,Union MS Fleet Center,Union MS Distribution,KY,4,95.54,6,12,34317,28,Net New,No confirmed Inspiration match,Electrada only,ELC-3616,2026-06-28
INS-777,Amory Logistics Center,Amory Leasing Corporation,TN,11,95.14,5,22,77272,64,Net New,No confirmed Electrada match,Inspiration only,,2026-06-28
INS-783,West Point MS Service Center,West Point MS Utility Cooperative,ID,10,97.64,0,20,59195,41,Net New,No confirmed Electrada match,Inspiration only,,2026-06-28
INS-788,Yazoo City Logistics Hub,Yazoo City Utility Cooperative,SC,11,95.64,4,33,38320,26,Net New,No confirmed Electrada match,Inspiration only,,2026-06-28
INS-795,Batesville MS Logistics Hub,Batesville MS Freight Lines,KS,8,94.14,0,24,40013,42,Net New,No confirmed Electrada match,Inspiration only,,2026-06-28
INS-801,Brookhaven Service Center,Brookhaven Auto Parts Distribution,IL,30,90.94,0,120,32715,90,Net New,No confirmed Electrada match,Inspiration only,,2026-06-28
INS-804,Biloxi Distribution Hub,Biloxi Food Service Distribution,FL,9,93.84,3,27,30094,29,Net New,No confirmed Electrada match,Inspiration only,,2026-06-28
INS-811,Byhalia Fleet Center,Byhalia Airport Authority,DE,14,91.84,4,28,64257,27,Net New,No confirmed Electrada match,Inspiration only,,2026-06-28
INS-815,Olive Branch Fleet Center,Olive Branch Utility Cooperative,MA,24,96.94,2,72,45715,23,Net New,No confirmed Electrada match,Inspiration only,,2026-06-28
INS-816,New Albany MS Yard,New Albany MS Distribution,CA,4,89.4,6,12,39676,65,Auto-Merged,"Region match is true, name similarity is 0.92, and uptime delta is below 3%. | Source values - Inspiration uptime: 89.4%, Electrada uptime: 88.0%, Inspiration chargers: 4, Electrada chargers: 4",Both,ELC-3630,2026-06-28
INS-819,Southaven Service Center,Southaven Parcel Delivery,NY,6,90.9,0,24,41644,83,Conflict - Needs Resolution,"Region match is true and name similarity is 0.69, but uptime delta exceeds 3%. | Source values - Inspiration uptime: 90.9%, Electrada uptime: 85.8%, Inspiration chargers: 6, Electrada chargers: 6",Both,ELC-3641,2026-06-28
INS-825,Oxford MS Yard,Oxford MS Beverage Co.,WI,19,93.7,1,76,33098,65,Conflict - Needs Resolution,"Region match is true and name similarity is 0.67, but uptime delta exceeds 3%. | Source values - Inspiration uptime: 93.7%, Electrada uptime: 87.8%, Inspiration chargers: 19, Electrada chargers: 19",Both,ELC-3642,2026-06-28
INS-826,Hernando Service Center,Hernando Leasing Corporation,TX,28,89.2,6,56,60906,31,Auto-Merged,"Region match is true, name similarity is 0.85, and uptime delta is below 3%. | Source values - Inspiration uptime: 89.2%, Electrada uptime: 86.8%, Inspiration chargers: 28, Electrada chargers: 28",Both,ELC-3646,2026-06-28
INS-832,Hattiesburg Fleet Center,Hattiesburg Telecom Services,UT,24,94.7,1,72,75637,61,Auto-Merged,"Region match is true, name similarity is 0.77, and uptime delta is below 3%. | Source values - Inspiration uptime: 94.7%, Electrada uptime: 92.8%, Inspiration chargers: 24, Electrada chargers: 24",Both,ELC-3660,2026-06-28
INS-841,Grenada Logistics Center,Grenada Food Service Distribution,IL,5,92.4,1,20,27557,70,Auto-Merged,"Region match is true, name similarity is 0.83, and uptime delta is below 3%. | Source values - Inspiration uptime: 92.4%, Electrada uptime: 91.7%, Inspiration chargers: 5, Electrada chargers: 5",Both,ELC-3662,2026-06-28
INS-846,Pontotoc Logistics Hub,Pontotoc Telecom Services,NV,16,97.1,2,48,62844,25,Auto-Merged,"Region match is true, name similarity is 0.9, and uptime delta is below 3%. | Source values - Inspiration uptime: 97.3%, Electrada uptime: 95.1%, Inspiration chargers: 16, Electrada chargers: 16",Both,ELC-3673,2026-06-28
,Thibodaux Depot,Thibodaux Parcel Delivery,IA,25,93.54,2,50,53036,69,Net New,No confirmed Inspiration match,Electrada only,ELC-3676,2026-06-28
,Covington LA Logistics Center,Covington LA School District,AZ,23,93.54,4,46,55259,26,Net New,No confirmed Inspiration match,Electrada only,ELC-3686,2026-06-28
,Port Allen Depot,Port Allen Leasing Corporation,MS,30,96.34,5,120,77065,80,Net New,No confirmed Inspiration match,Electrada only,ELC-3692,2026-06-28
,Gonzales Logistics Hub,Gonzales Waste & Recycling,UT,30,95.54,0,60,24588,27,Net New,No confirmed Inspiration match,Electrada only,ELC-3703,2026-06-28
,Marksville Yard,Marksville Parcel Delivery,IA,17,90.74,4,68,48351,65,Net New,No confirmed Inspiration match,Electrada only,ELC-3718,2026-06-28
,Franklinton Logistics Hub,Franklinton Beverage Co.,IL,29,90.64,6,58,71806,26,Net New,No confirmed Inspiration match,Electrada only,ELC-3725,2026-06-28
,Minden Distribution Hub,Minden Airport Authority,CA,7,93.14,4,21,28065,46,Net New,No confirmed Inspiration match,Electrada only,ELC-3740,2026-06-28
,Franklin LA Depot,Franklin LA Freight Lines,CA,6,91.24,4,24,77767,54,Net New,No confirmed Inspiration match,Electrada only,ELC-3741,2026-06-28
,Bossier City Depot,Bossier City Airport Authority,VT,18,92.14,1,36,53031,54,Net New,No confirmed Inspiration match,Electrada only,ELC-3750,2026-06-28
,Jennings Logistics Center,Jennings Leasing Corporation,KS,22,96.14,5,66,33134,64,Net New,No confirmed Inspiration match,Electrada only,ELC-3752,2026-06-28
,Bogalusa Yard,Bogalusa Courier Services,SD,22,96.34,2,88,24345,69,Net New,No confirmed Inspiration match,Electrada only,ELC-3757,2026-06-28
,White Castle Yard,White Castle Leasing Corporation,AZ,17,91.54,3,34,32199,68,Net New,No confirmed Inspiration match,Electrada only,ELC-3763,2026-06-28
,Abbeville LA Service Center,Abbeville LA Airport Authority,UT,8,91.34,1,32,20206,82,Net New,No confirmed Inspiration match,Electrada only,ELC-3773,2026-06-28
,Livonia LA Logistics Center,Livonia LA Utility Cooperative,OK,22,94.24,1,88,28560,81,Net New,No confirmed Inspiration match,Electrada only,ELC-3786,2026-06-28
,Many LA Fleet Center,Many LA Courier Services,RI,26,96.04,1,78,49350,47,Net New,No confirmed Inspiration match,Electrada only,ELC-3789,2026-06-28
,Kentwood Service Center,Kentwood Waste & Recycling,CO,26,92.14,3,78,22577,69,Net New,No confirmed Inspiration match,Electrada only,ELC-3803,2026-06-28
,Springhill LA Service Center,Springhill LA Airport Authority,CT,26,99.04,4,78,61538,84,Net New,No confirmed Inspiration match,Electrada only,ELC-3811,2026-06-28
,Vinton LA Fleet Center,Vinton LA Distribution,AL,6,93.04,4,12,46663,85,Net New,No confirmed Inspiration match,Electrada only,ELC-3816,2026-06-28
,New Iberia Logistics Center,New Iberia Equipment Rental,NC,15,92.24,4,30,70788,62,Net New,No confirmed Inspiration match,Electrada only,ELC-3829,2026-06-28
,Ponchatoula Logistics Center,Ponchatoula Telecom Services,AZ,6,94.64,6,12,22403,90,Net New,No confirmed Inspiration match,Electrada only,ELC-3835,2026-06-28
,Colfax LA Fleet Center,Colfax LA Telecom Services,MO,19,95.64,2,38,54088,84,Net New,No confirmed Inspiration match,Electrada only,ELC-3844,2026-06-28
,Plaquemine Logistics Center,Plaquemine Freight Lines,ID,13,97.34,6,52,47192,40,Net New,No confirmed Inspiration match,Electrada only,ELC-3847,2026-06-28
INS-854,Slidell Logistics Center,Slidell Telecom Services,MA,16,95.54,6,32,26851,35,Net New,No confirmed Electrada match,Inspiration only,,2026-06-28
INS-862,Farmerville Logistics Center,Farmerville Leasing Corporation,DE,6,94.44,0,18,50131,27,Net New,No confirmed Electrada match,Inspiration only,,2026-06-28
INS-871,Oakdale LA Logistics Hub,Oakdale LA Airport Authority,CA,12,96.44,1,48,61665,85,Net New,No confirmed Electrada match,Inspiration only,,2026-06-28
INS-875,Bunkie Distribution Hub,Bunkie Logistics,AZ,7,99.34,3,14,29547,68,Net New,No confirmed Electrada match,Inspiration only,,2026-06-28
INS-881,Crowley LA Fleet Center,Crowley LA Telecom Services,NC,30,96.54,0,60,43043,23,Net New,No confirmed Electrada match,Inspiration only,,2026-06-28
INS-889,Walker LA Yard,Walker LA Beverage Co.,MN,16,98.74,5,48,42451,48,Net New,No confirmed Electrada match,Inspiration only,,2026-06-28
INS-897,DeRidder Yard,DeRidder Freight Lines,DE,4,92.04,6,12,18574,88,Net New,No confirmed Electrada match,Inspiration only,,2026-06-28
INS-906,Sulphur Service Center,Sulphur Telecom Services,PA,12,94.94,2,24,32493,83,Net New,No confirmed Electrada match,Inspiration only,,2026-06-28
INS-909,Bastrop LA Distribution Hub,Bastrop LA Beverage Co.,GA,14,97.84,4,56,45148,69,Net New,No confirmed Electrada match,Inspiration only,,2026-06-28
INS-915,Springfield LA Yard,Springfield LA Telecom Services,WY,25,96.94,6,100,12385,64,Net New,No confirmed Electrada match,Inspiration only,,2026-06-28
INS-916,Vivian LA Logistics Center,Vivian LA Auto Parts Distribution,NM,4,90.5,4,12,65190,75,Conflict - Needs Resolution,"Region match is true and name similarity is 0.61, but uptime delta exceeds 3%. | Source values - Inspiration uptime: 90.5%, Electrada uptime: 83.0%, Inspiration chargers: 4, Electrada chargers: 4",Both,ELC-3861,2026-06-28
INS-926,Denham Springs Charging Hub,Denham Springs Beverage Co.,SD,15,89.9,3,30,15593,39,Conflict - Needs Resolution,"Region match is true and name similarity is 0.71, but uptime delta exceeds 3%. | Source values - Inspiration uptime: 89.9%, Electrada uptime: 85.3%, Inspiration chargers: 15, Electrada chargers: 15",Both,ELC-3867,2026-06-28
INS-932,Donaldsonville Yard,Donaldsonville School District,NM,5,94.5,3,10,13015,89,Conflict - Needs Resolution,"Region match is true and name similarity is 0.79, but uptime delta exceeds 3%. | Source values - Inspiration uptime: 94.5%, Electrada uptime: 90.1%, Inspiration chargers: 5, Electrada chargers: 5",Both,ELC-3874,2026-06-28
INS-939,Pineville Charging Hub,Pineville Distribution,AZ,23,98,4,46,77358,60,Auto-Merged,"Region match is true, name similarity is 0.86, and uptime delta is below 3%. | Source values - Inspiration uptime: 98.0%, Electrada uptime: 95.8%, Inspiration chargers: 23, Electrada chargers: 23",Both,ELC-3875,2026-06-28
INS-015,Tampa Yard,Tampa Food Service Distribution,AR,26,95.6,0,104,36995,83,Net New,No confirmed Electrada match,Inspiration only,,2026-06-29
INS-018,Cleveland Distribution Hub,Cleveland Logistics,SC,18,99.32,1,54,49291,51,Net New,No confirmed Electrada match,Inspiration only,,2026-06-29
,Omaha Fleet Center,Omaha Logistics,MS,13,97.82,2,52,68829,56,Net New,No confirmed Inspiration match,Electrada only,ELC-1170,2026-06-29
,Columbia Fleet Center,Columbia Food Service Distribution,VA,17,97.02,2,34,74089,73,Net New,No confirmed Inspiration match,Electrada only,ELC-1172,2026-06-29
,Spokane Charging Hub,Spokane Courier Services,AR,22,99.42,4,66,54580,64,Net New,No confirmed Inspiration match,Electrada only,ELC-1192,2026-06-29
,Macon Service Center,Macon Telecom Services,ID,18,92.62,2,54,72141,28,Net New,No confirmed Inspiration match,Electrada only,ELC-1194,2026-06-29
,Charlotte Charging Hub,Charlotte Auto Parts Distribution,MS,25,99.02,1,100,60566,64,Net New,No confirmed Inspiration match,Electrada only,ELC-1195,2026-06-29
,Eugene Yard,Eugene Utility Cooperative,AZ,23,92.72,0,46,47674,36,Net New,No confirmed Inspiration match,Electrada only,ELC-1203,2026-06-29
,Augusta Service Center,Augusta School District,UT,19,96.32,3,57,46416,37,Net New,No confirmed Inspiration match,Electrada only,ELC-1217,2026-06-29
,Phoenix Logistics Hub,Phoenix Parcel Delivery,KY,15,98.32,4,30,29781,30,Net New,No confirmed Inspiration match,Electrada only,ELC-1223,2026-06-29
,Chattanooga Depot,Chattanooga Distribution,NE,11,93.92,6,44,33900,53,Net New,No confirmed Inspiration match,Electrada only,ELC-1233,2026-06-29
,Memphis Depot,Memphis Equipment Rental,KY,21,98.32,3,63,26448,85,Net New,No confirmed Inspiration match,Electrada only,ELC-1253,2026-06-29
,Denver Yard,Denver Logistics,NV,28,98.62,3,112,61429,70,Net New,No confirmed Inspiration match,Electrada only,ELC-1266,2026-06-29
,Portland Fleet Center,Portland Auto Parts Distribution,FL,24,98.82,2,48,37363,76,Net New,No confirmed Inspiration match,Electrada only,ELC-1272,2026-06-29
,Knoxville Depot,Knoxville Logistics,PA,5,98.12,5,10,23299,66,Net New,No confirmed Inspiration match,Electrada only,ELC-1292,2026-06-29
,Huntsville Logistics Center,Huntsville Equipment Rental,CA,10,95.02,2,40,43063,64,Net New,No confirmed Inspiration match,Electrada only,ELC-1312,2026-06-29
,Fresno Logistics Hub,Fresno Logistics,MD,7,97.52,4,21,73417,59,Net New,No confirmed Inspiration match,Electrada only,ELC-1315,2026-06-29
,Richmond Distribution Hub,Richmond Beverage Co.,KS,14,99.62,3,56,31160,86,Net New,No confirmed Inspiration match,Electrada only,ELC-1316,2026-06-29
,Greenville Logistics Center,Greenville Leasing Corporation,MA,8,99.5,0,32,49071,31,Net New,No confirmed Inspiration match,Electrada only,ELC-1325,2026-06-29
,Birmingham Distribution Hub,Birmingham Food Service Distribution,AZ,15,99.52,6,60,75889,62,Net New,No confirmed Inspiration match,Electrada only,ELC-1333,2026-06-29
,Boston Logistics Center,Boston School District,CO,30,99.7,2,60,36203,86,Net New,No confirmed Inspiration match,Electrada only,ELC-1349,2026-06-29
,Orlando Logistics Center,Orlando Auto Parts Distribution,NC,4,99.7,3,12,35381,64,Net New,No confirmed Inspiration match,Electrada only,ELC-1364,2026-06-29
,Pittsburgh Depot,Pittsburgh Equipment Rental,LA,11,96.42,4,22,54267,46,Net New,No confirmed Inspiration match,Electrada only,ELC-1380,2026-06-29
,Dallas Charging Hub,Dallas Leasing Corporation,UT,24,97.42,6,48,25716,69,Net New,No confirmed Inspiration match,Electrada only,ELC-1387,2026-06-29
,Tulsa Fleet Center,Tulsa School District,AZ,17,99.7,1,34,61883,79,Net New,No confirmed Inspiration match,Electrada only,ELC-1400,2026-06-29
,Wichita Charging Hub,Wichita Telecom Services,AZ,9,99.7,0,18,70994,38,Net New,No confirmed Inspiration match,Electrada only,ELC-1420,2026-06-29
,Tallahassee Logistics Hub,Tallahassee Utility Cooperative,UT,15,99.02,5,30,12804,21,Net New,No confirmed Inspiration match,Electrada only,ELC-1424,2026-06-29
,Nashville Distribution Hub,Nashville Food Service Distribution,CA,10,98.52,1,20,43008,47,Net New,No confirmed Inspiration match,Electrada only,ELC-1434,2026-06-29
,Albuquerque Yard,Albuquerque Airport Authority,MS,14,99.22,1,28,17982,65,Net New,No confirmed Inspiration match,Electrada only,ELC-1449,2026-06-29
,Atlanta Logistics Hub,Atlanta Courier Services,UT,20,97.02,1,80,76918,22,Net New,No confirmed Inspiration match,Electrada only,ELC-1464,2026-06-29
,Bakersfield Depot,Bakersfield Auto Parts Distribution,NC,28,99.6,3,56,72061,35,Net New,No confirmed Inspiration match,Electrada only,ELC-1482,2026-06-29
INS-022,Jackson Depot,Jackson Food Service Distribution,NE,20,94,6,40,17447,51,Auto-Merged,"Region match is true, name similarity is 0.88, and uptime delta is below 3%. | Source values - Inspiration uptime: 93.5%, Electrada uptime: 92.8%, Inspiration chargers: 20, Electrada chargers: 20",Both,ELC-1491,2026-06-29
INS-032,Mobile Distribution Hub,Mobile School District,MD,20,93.3,0,60,52678,84,Auto-Merged,"Region match is true, name similarity is 0.81, and uptime delta is below 3%. | Source values - Inspiration uptime: 95.4%, Electrada uptime: 92.6%, Inspiration chargers: 20, Electrada chargers: 20",Both,ELC-1508,2026-06-29
,Midland Charging Hub,Midland Telecom Services,MA,9,99.52,1,18,13054,41,Net New,No confirmed Inspiration match,Electrada only,ELC-1519,2026-06-29
,Duluth Yard,Duluth Auto Parts Distribution,WA,24,92.82,3,48,50607,20,Net New,No confirmed Inspiration match,Electrada only,ELC-1526,2026-06-29
,Little Rock Service Center,Little Rock Beverage Co.,MO,29,98.22,2,116,37713,76,Net New,No confirmed Inspiration match,Electrada only,ELC-1530,2026-06-29
,Toledo Logistics Hub,Toledo Courier Services,ID,15,99.12,5,45,17316,36,Net New,No confirmed Inspiration match,Electrada only,ELC-1533,2026-06-29
,Bozeman Logistics Hub,Bozeman Leasing Corporation,WA,8,96.52,1,16,33284,72,Net New,No confirmed Inspiration match,Electrada only,ELC-1535,2026-06-29
,Sioux Falls Logistics Center,Sioux Falls Distribution,KY,28,99.12,3,56,43763,35,Net New,No confirmed Inspiration match,Electrada only,ELC-1541,2026-06-29
,South Bend Yard,South Bend Utility Cooperative,WI,22,98.32,7,44,54228,47,Net New,No confirmed Inspiration match,Electrada only,ELC-1542,2026-06-29
,Fayetteville Depot,Fayetteville Leasing Corporation,NE,16,96.12,3,48,22145,43,Net New,No confirmed Inspiration match,Electrada only,ELC-1549,2026-06-29
,Boise Service Center,Boise Logistics,KS,28,99.62,2,56,50818,48,Net New,No confirmed Inspiration match,Electrada only,ELC-1556,2026-06-29
,Akron Service Center,Akron Equipment Rental,IN,26,93.62,2,104,42731,69,Net New,No confirmed Inspiration match,Electrada only,ELC-1569,2026-06-29
,Columbia Charging Hub,Columbia Beverage Co.,AZ,12,98.62,0,48,48408,61,Net New,No confirmed Inspiration match,Electrada only,ELC-1576,2026-06-29
,Scranton Yard,Scranton Telecom Services,MO,17,98.52,3,51,30895,56,Net New,No confirmed Inspiration match,Electrada only,ELC-1581,2026-06-29
,Lafayette Distribution Hub,Lafayette Leasing Corporation,NV,10,94.02,1,20,56568,57,Net New,No confirmed Inspiration match,Electrada only,ELC-1587,2026-06-29
,Augusta Logistics Center,Augusta Telecom Services,SC,25,98.32,5,100,40308,72,Net New,No confirmed Inspiration match,Electrada only,ELC-1592,2026-06-29
,Champaign Logistics Hub,Champaign Beverage Co.,ID,21,93.62,0,42,78432,59,Net New,No confirmed Inspiration match,Electrada only,ELC-1601,2026-06-29
,Lubbock Service Center,Lubbock Parcel Delivery,NV,27,99.4,6,108,64635,79,Net New,No confirmed Inspiration match,Electrada only,ELC-1606,2026-06-29
,Erie Yard,Erie Waste & Recycling,TX,13,99.52,0,52,14189,27,Net New,No confirmed Inspiration match,Electrada only,ELC-1619,2026-06-29
,Corpus Christi Fleet Center,Corpus Christi Airport Authority,KS,26,98.62,0,104,48688,44,Net New,No confirmed Inspiration match,Electrada only,ELC-1630,2026-06-29
,Fargo Charging Hub,Fargo Airport Authority,ID,12,96.22,4,36,26838,36,Net New,No confirmed Inspiration match,Electrada only,ELC-1633,2026-06-29
,Greensboro Charging Hub,Greensboro Courier Services,NM,9,99.62,1,27,37212,55,Net New,No confirmed Inspiration match,Electrada only,ELC-1645,2026-06-29
,Peoria Fleet Center,Peoria Beverage Co.,NM,19,95.62,4,76,72436,41,Net New,No confirmed Inspiration match,Electrada only,ELC-1660,2026-06-29
,Provo Logistics Center,Provo Telecom Services,FL,4,99.42,0,12,74765,29,Net New,No confirmed Inspiration match,Electrada only,ELC-1669,2026-06-29
INS-041,Pocatello Service Center,Pocatello Distribution,NC,12,99.22,5,24,51823,72,Net New,No confirmed Electrada match,Inspiration only,,2026-06-29
INS-042,Allentown Distribution Hub,Allentown Beverage Co.,MO,16,98.52,3,32,54877,85,Net New,No confirmed Electrada match,Inspiration only,,2026-06-29
INS-050,Rockford Fleet Center,Rockford Equipment Rental,MS,5,93.92,6,15,40094,44,Net New,No confirmed Electrada match,Inspiration only,,2026-06-29
INS-056,Wichita Falls Fleet Center,Wichita Falls School District,SC,6,95.92,4,12,32759,65,Net New,No confirmed Electrada match,Inspiration only,,2026-06-29
INS-059,San Antonio Yard,San Antonio Distribution,CO,8,99.7,5,16,14336,85,Net New,No confirmed Electrada match,Inspiration only,,2026-06-29
INS-063,Madison West Depot,Madison West Leasing Corporation,OK,23,99.42,5,92,31116,63,Net New,No confirmed Electrada match,Inspiration only,,2026-06-29
INS-068,Rochester MN Depot,Rochester MN Parcel Delivery,NE,27,92.9,0,54,75084,86,Auto-Merged,"Region match is true, name similarity is 0.92, and uptime delta is below 3%. | Source values - Inspiration uptime: 92.9%, Electrada uptime: 92.2%, Inspiration chargers: 27, Electrada chargers: 27",Both,ELC-1672,2026-06-29
INS-072,Athens Logistics Hub,Athens Food Service Distribution,NM,18,97.2,5,72,20509,40,Auto-Merged,"Region match is true, name similarity is 0.81, and uptime delta is below 3%. | Source values - Inspiration uptime: 97.1%, Electrada uptime: 95.5%, Inspiration chargers: 18, Electrada chargers: 18",Both,ELC-1682,2026-06-29
INS-073,Reno Depot,Reno Leasing Corporation,NV,16,90.4,0,48,30817,36,Auto-Merged,"Region match is true, name similarity is 0.87, and uptime delta is below 3%. | Source values - Inspiration uptime: 90.6%, Electrada uptime: 89.2%, Inspiration chargers: 16, Electrada chargers: 16",Both,ELC-1692,2026-06-29
INS-075,Macon Logistics Hub,Macon Courier Services,MS,17,93.9,6,34,15281,65,Auto-Merged,"Region match is true, name similarity is 0.81, and uptime delta is below 3%. | Source values - Inspiration uptime: 94.5%, Electrada uptime: 94.2%, Inspiration chargers: 17, Electrada chargers: 17",Both,ELC-1700,2026-06-29
INS-076,Springfield IL Logistics Hub,Springfield IL School District,IN,30,96.8,2,120,39705,90,Auto-Merged,"Region match is true, name similarity is 0.78, and uptime delta is below 3%. | Source values - Inspiration uptime: 97.8%, Electrada uptime: 95.8%, Inspiration chargers: 30, Electrada chargers: 30",Both,ELC-1707,2026-06-29
INS-083,Fort Smith Yard,Fort Smith Freight Lines,TX,20,97,5,40,32826,87,Auto-Merged,"Region match is true, name similarity is 0.85, and uptime delta is below 3%. | Source values - Inspiration uptime: 97.1%, Electrada uptime: 94.4%, Inspiration chargers: 20, Electrada chargers: 20",Both,ELC-1714,2026-06-29
INS-093,Newark Logistics Hub,Newark Leasing Corporation,KY,17,93.1,0,68,13763,45,Auto-Merged,"Region match is true, name similarity is 0.9, and uptime delta is below 3%. | Source values - Inspiration uptime: 92.9%, Electrada uptime: 92.1%, Inspiration chargers: 17, Electrada chargers: 17",Both,ELC-1716,2026-06-29
,Bismarck Logistics Hub,Bismarck Equipment Rental,OK,19,93.22,1,57,28407,35,Net New,No confirmed Inspiration match,Electrada only,ELC-1731,2026-06-29
,Texarkana Fleet Center,Texarkana School District,AZ,16,91.82,0,48,40937,41,Net New,No confirmed Inspiration match,Electrada only,ELC-1746,2026-06-29
,Salem OR Depot,Salem OR Waste & Recycling,CA,8,93.32,1,24,35138,23,Net New,No confirmed Inspiration match,Electrada only,ELC-1752,2026-06-29
,Dubuque Depot,Dubuque Equipment Rental,WY,12,99.7,4,48,33946,68,Net New,No confirmed Inspiration match,Electrada only,ELC-1754,2026-06-29
,Alexandria LA Yard,Alexandria LA Distribution,SD,24,98.92,7,48,19227,82,Net New,No confirmed Inspiration match,Electrada only,ELC-1757,2026-06-29
,Aberdeen Charging Hub,Aberdeen Leasing Corporation,KY,15,95.42,6,45,54563,24,Net New,No confirmed Inspiration match,Electrada only,ELC-1768,2026-06-29
,Pueblo Distribution Hub,Pueblo Equipment Rental,UT,29,99.32,3,87,66745,29,Net New,No confirmed Inspiration match,Electrada only,ELC-1777,2026-06-29
,Grand Junction Fleet Center,Grand Junction Waste & Recycling,SD,14,99.4,5,56,73701,88,Net New,No confirmed Inspiration match,Electrada only,ELC-1792,2026-06-29
,Watertown Logistics Center,Watertown Equipment Rental,GA,30,97.12,0,90,54028,50,Net New,No confirmed Inspiration match,Electrada only,ELC-1807,2026-06-29
,Gillette Logistics Hub,Gillette Beverage Co.,AR,29,89.32,2,58,53800,56,Net New,No confirmed Inspiration match,Electrada only,ELC-1821,2026-06-29
,Olympia Service Center,Olympia Telecom Services,IN,30,98.52,2,60,12704,30,Net New,No confirmed Inspiration match,Electrada only,ELC-1830,2026-06-29
,Fort Collins Logistics Hub,Fort Collins Leasing Corporation,AR,16,97.22,5,32,15495,58,Net New,No confirmed Inspiration match,Electrada only,ELC-1837,2026-06-29
,Topeka Service Center,Topeka Beverage Co.,AR,16,99.7,2,32,31030,80,Net New,No confirmed Inspiration match,Electrada only,ELC-1840,2026-06-29
,Joplin Fleet Center,Joplin Freight Lines,KS,17,99.12,5,51,34241,74,Net New,No confirmed Inspiration match,Electrada only,ELC-1852,2026-06-29
,Merced Distribution Hub,Merced Equipment Rental,MD,29,96.12,2,116,59451,90,Net New,No confirmed Inspiration match,Electrada only,ELC-1860,2026-06-29
,Manhattan KS Logistics Hub,Manhattan KS Leasing Corporation,WI,13,97.62,3,39,70980,78,Net New,No confirmed Inspiration match,Electrada only,ELC-1873,2026-06-29
,Rapid City West Logistics Hub,Rapid City West Logistics,GA,20,99.4,1,40,23262,83,Net New,No confirmed Inspiration match,Electrada only,ELC-1886,2026-06-29
,Springfield MO Fleet Center,Springfield MO Waste & Recycling,CO,25,97.52,4,75,10717,29,Net New,No confirmed Inspiration match,Electrada only,ELC-1896,2026-06-29
,Chico Service Center,Chico Parcel Delivery,UT,28,95.52,5,112,51226,23,Net New,No confirmed Inspiration match,Electrada only,ELC-1903,2026-06-29
,Cedar Rapids Fleet Center,Cedar Rapids Auto Parts Distribution,NV,24,99.02,2,96,12904,28,Net New,No confirmed Inspiration match,Electrada only,ELC-1909,2026-06-29
INS-103,Yuma Fleet Center,Yuma Logistics,GA,8,96.22,4,32,38224,46,Net New,No confirmed Electrada match,Inspiration only,,2026-06-29
INS-113,Medford Logistics Hub,Medford Parcel Delivery,AR,23,94.92,3,69,65354,74,Net New,No confirmed Electrada match,Inspiration only,,2026-06-29
INS-116,Bellingham Logistics Center,Bellingham School District,OK,18,98.32,5,54,56966,44,Net New,No confirmed Electrada match,Inspiration only,,2026-06-29
INS-119,Greeley Yard,Greeley Courier Services,MS,10,96.82,4,40,57326,65,Net New,No confirmed Electrada match,Inspiration only,,2026-06-29
INS-124,Colorado Springs Depot,Colorado Springs Equipment Rental,MS,23,88.3,4,69,26821,73,Auto-Merged,"Region match is true, name similarity is 0.89, and uptime delta is below 3%. | Source values - Inspiration uptime: 88.0%, Electrada uptime: 85.6%, Inspiration chargers: 23, Electrada chargers: 23",Both,ELC-1924,2026-06-29
INS-128,Flagstaff Service Center,Flagstaff Leasing Corporation,MO,14,95.2,3,28,65463,37,Auto-Merged,"Region match is true, name similarity is 0.79, and uptime delta is below 3%. | Source values - Inspiration uptime: 95.3%, Electrada uptime: 92.7%, Inspiration chargers: 14, Electrada chargers: 14",Both,ELC-1925,2026-06-29
INS-137,Bend Yard,Bend Logistics,AZ,5,94.7,1,15,36760,56,Auto-Merged,"Region match is true, name similarity is 0.82, and uptime delta is below 3%. | Source values - Inspiration uptime: 95.0%, Electrada uptime: 94.2%, Inspiration chargers: 5, Electrada chargers: 5",Both,ELC-1940,2026-06-29
INS-139,Tyler Distribution Hub,Tyler Freight Lines,SC,27,93.6,1,108,70305,54,Auto-Merged,"Region match is true, name similarity is 0.89, and uptime delta is below 3%. | Source values - Inspiration uptime: 93.1%, Electrada uptime: 90.7%, Inspiration chargers: 27, Electrada chargers: 27",Both,ELC-1945,2026-06-29
INS-144,Modesto Yard,Modesto Telecom Services,IN,8,97.3,2,16,16626,20,Auto-Merged,"Region match is true, name similarity is 0.92, and uptime delta is below 3%. | Source values - Inspiration uptime: 94.7%, Electrada uptime: 93.4%, Inspiration chargers: 8, Electrada chargers: 8",Both,ELC-1950,2026-06-29
INS-145,Killeen Service Center,Killeen Waste & Recycling,LA,6,93.6,6,12,11532,83,Auto-Merged,"Region match is true, name similarity is 0.77, and uptime delta is below 3%. | Source values - Inspiration uptime: 93.6%, Electrada uptime: 92.3%, Inspiration chargers: 6, Electrada chargers: 6",Both,ELC-1960,2026-06-29
INS-154,Laramie Service Center,Laramie Parcel Delivery,AZ,30,93.4,1,90,75726,46,Auto-Merged,"Region match is true, name similarity is 0.86, and uptime delta is below 3%. | Source values - Inspiration uptime: 91.7%, Electrada uptime: 91.0%, Inspiration chargers: 30, Electrada chargers: 30",Both,ELC-1968,2026-06-29
INS-164,Redding Logistics Center,Redding Leasing Corporation,NE,17,95,4,68,38727,62,Auto-Merged,"Region match is true, name similarity is 0.93, and uptime delta is below 3%. | Source values - Inspiration uptime: 92.7%, Electrada uptime: 91.6%, Inspiration chargers: 17, Electrada chargers: 17",Both,ELC-1979,2026-06-29
,Elgin Distribution Hub,Elgin Utility Cooperative,OK,25,99.4,0,75,37760,79,Net New,No confirmed Inspiration match,Electrada only,ELC-1984,2026-06-29
,Huntington Fleet Center,Huntington Equipment Rental,VA,10,89.32,6,20,28719,65,Net New,No confirmed Inspiration match,Electrada only,ELC-1989,2026-06-29
,Freeport Service Center,Freeport Beverage Co.,NC,7,96.42,1,28,55959,25,Net New,No confirmed Inspiration match,Electrada only,ELC-1996,2026-06-29
,Dixon Fleet Center,Dixon Courier Services,MS,24,97.02,0,72,12279,43,Net New,No confirmed Inspiration match,Electrada only,ELC-2001,2026-06-29
,Richmond IN Logistics Hub,Richmond IN Parcel Delivery,MN,17,93.72,0,51,25860,72,Net New,No confirmed Inspiration match,Electrada only,ELC-2006,2026-06-29
,Danville Fleet Center,Danville Logistics,SC,10,95.12,2,30,37445,73,Net New,No confirmed Inspiration match,Electrada only,ELC-2018,2026-06-29
,Stevens Point Charging Hub,Stevens Point Beverage Co.,AZ,8,95.82,8,32,66466,34,Net New,No confirmed Inspiration match,Electrada only,ELC-2025,2026-06-29
,Bloomington South Yard,Bloomington South Parcel Delivery,CO,25,99.52,7,100,71594,81,Net New,No confirmed Inspiration match,Electrada only,ELC-2033,2026-06-29
,Beloit Logistics Center,Beloit Beverage Co.,MT,12,96.72,4,24,68520,66,Net New,No confirmed Inspiration match,Electrada only,ELC-2040,2026-06-29
,Elkhart Depot,Elkhart School District,TN,22,93.82,0,88,14609,39,Net New,No confirmed Inspiration match,Electrada only,ELC-2054,2026-06-29
,Sheboygan Depot,Sheboygan Leasing Corporation,ND,26,93.12,4,104,11063,29,Net New,No confirmed Inspiration match,Electrada only,ELC-2059,2026-06-29
,Kokomo Charging Hub,Kokomo Utility Cooperative,GA,24,93.72,1,72,14741,35,Net New,No confirmed Inspiration match,Electrada only,ELC-2061,2026-06-29
,Sterling Distribution Hub,Sterling Parcel Delivery,ND,26,91.32,2,78,11887,78,Net New,No confirmed Inspiration match,Electrada only,ELC-2074,2026-06-29
,Muncie Service Center,Muncie Logistics,UT,30,99.3,0,90,28519,81,Net New,No confirmed Inspiration match,Electrada only,ELC-2081,2026-06-29
,Warsaw Yard,Warsaw Beverage Co.,NV,27,97.52,1,81,65690,81,Net New,No confirmed Inspiration match,Electrada only,ELC-2091,2026-06-29
,Joliet Charging Hub,Joliet Food Service Distribution,OK,8,94.82,2,32,33678,65,Net New,No confirmed Inspiration match,Electrada only,ELC-2098,2026-06-29
,Columbus IN Charging Hub,Columbus IN Distribution,IN,17,92.72,2,68,71040,40,Net New,No confirmed Inspiration match,Electrada only,ELC-2110,2026-06-29
,New Albany Yard,New Albany Beverage Co.,IA,6,97.32,5,24,21779,48,Net New,No confirmed Inspiration match,Electrada only,ELC-2122,2026-06-29
,La Crosse Depot,La Crosse Parcel Delivery,AR,19,98.42,0,57,30201,39,Net New,No confirmed Inspiration match,Electrada only,ELC-2125,2026-06-29
,Decatur Service Center,Decatur Telecom Services,ND,11,92.92,2,22,32560,71,Net New,No confirmed Inspiration match,Electrada only,ELC-2130,2026-06-29
,Owensboro Distribution Hub,Owensboro Beverage Co.,NC,17,99.7,2,68,50910,88,Net New,No confirmed Inspiration match,Electrada only,ELC-2141,2026-06-29
INS-172,Rockford North Service Center,Rockford North Airport Authority,CO,25,99.22,1,75,31655,60,Net New,No confirmed Electrada match,Inspiration only,,2026-06-29
INS-177,Jeffersonville Charging Hub,Jeffersonville Parcel Delivery,NM,6,92.92,0,24,50573,61,Net New,No confirmed Electrada match,Inspiration only,,2026-06-29
INS-180,Anderson Logistics Center,Anderson Beverage Co.,CO,24,99.7,3,48,30179,32,Net New,No confirmed Electrada match,Inspiration only,,2026-06-29
INS-182,Marshfield Distribution Hub,Marshfield Waste & Recycling,MN,19,96.52,6,57,37360,53,Net New,No confirmed Electrada match,Inspiration only,,2026-06-29
INS-183,Oshkosh Fleet Center,Oshkosh Logistics,KY,28,97.12,1,84,59434,45,Net New,No confirmed Electrada match,Inspiration only,,2026-06-29
INS-189,Wabash Fleet Center,Wabash Utility Cooperative,WI,5,99.02,0,15,60642,88,Net New,No confirmed Electrada match,Inspiration only,,2026-06-29
INS-197,Bloomington IL Depot,Bloomington IL Waste & Recycling,OK,18,94.82,5,36,57698,47,Net New,No confirmed Electrada match,Inspiration only,,2026-06-29
INS-203,Janesville Distribution Hub,Janesville Distribution,CO,18,99.7,5,54,21789,59,Net New,No confirmed Electrada match,Inspiration only,,2026-06-29
INS-204,Lafayette IN Logistics Center,Lafayette IN Courier Services,TX,21,99.7,4,63,21103,63,Net New,No confirmed Electrada match,Inspiration only,,2026-06-29
INS-206,Waukegan Charging Hub,Waukegan Distribution,NC,16,88.2,3,48,75870,27,Auto-Merged,"Region match is true, name similarity is 0.88, and uptime delta is below 3%. | Source values - Inspiration uptime: 88.7%, Electrada uptime: 86.4%, Inspiration chargers: 16, Electrada chargers: 16",Both,ELC-2151,2026-06-29
INS-212,Wausau Depot,Wausau Telecom Services,FL,16,88.3,2,32,71903,76,Auto-Merged,"Region match is true, name similarity is 0.82, and uptime delta is below 3%. | Source values - Inspiration uptime: 88.0%, Electrada uptime: 87.7%, Inspiration chargers: 16, Electrada chargers: 16",Both,ELC-2166,2026-06-29
INS-217,Elizabethtown Logistics Hub,Elizabethtown Equipment Rental,KY,24,89.2,3,72,52265,64,Auto-Merged,"Region match is true, name similarity is 0.76, and uptime delta is below 3%. | Source values - Inspiration uptime: 90.0%, Electrada uptime: 88.8%, Inspiration chargers: 24, Electrada chargers: 24",Both,ELC-2178,2026-06-29
INS-221,Eau Claire Yard,Eau Claire Logistics,OH,7,94.8,3,14,19619,72,Auto-Merged,"Region match is true, name similarity is 0.81, and uptime delta is below 3%. | Source values - Inspiration uptime: 95.8%, Electrada uptime: 94.3%, Inspiration chargers: 7, Electrada chargers: 7",Both,ELC-2186,2026-06-29
INS-228,Frankfort Depot,Frankfort School District,NC,7,89.7,2,21,12864,78,Auto-Merged,"Region match is true, name similarity is 0.9, and uptime delta is below 3%. | Source values - Inspiration uptime: 89.3%, Electrada uptime: 87.5%, Inspiration chargers: 7, Electrada chargers: 7",Both,ELC-2194,2026-06-29
INS-238,Mishawaka Logistics Hub,Mishawaka Equipment Rental,UT,5,93.7,3,15,57322,21,Auto-Merged,"Region match is true, name similarity is 0.89, and uptime delta is below 3%. | Source values - Inspiration uptime: 93.9%, Electrada uptime: 92.2%, Inspiration chargers: 5, Electrada chargers: 5",Both,ELC-2201,2026-06-29
INS-247,Henderson Fleet Center,Henderson Waste & Recycling,NE,23,94.8,1,69,74254,38,Auto-Merged,"Region match is true, name similarity is 0.82, and uptime delta is below 3%. | Source values - Inspiration uptime: 92.6%, Electrada uptime: 90.5%, Inspiration chargers: 23, Electrada chargers: 23",Both,ELC-2213,2026-06-29
INS-255,Marion IN Fleet Center,Marion IN Beverage Co.,UT,13,98.9,4,39,50222,43,Auto-Merged,"Region match is true, name similarity is 0.89, and uptime delta is below 3%. | Source values - Inspiration uptime: 96.5%, Electrada uptime: 95.9%, Inspiration chargers: 13, Electrada chargers: 13",Both,ELC-2225,2026-06-29
,Petoskey Fleet Center,Petoskey Auto Parts Distribution,WA,4,97.72,7,16,54264,56,Net New,No confirmed Inspiration match,Electrada only,ELC-2236,2026-06-29
,Manistee Fleet Center,Manistee Telecom Services,ID,20,96.02,4,40,77746,77,Net New,No confirmed Inspiration match,Electrada only,ELC-2245,2026-06-29
,Niles Fleet Center,Niles School District,NM,11,92.92,4,44,28415,83,Net New,No confirmed Inspiration match,Electrada only,ELC-2253,2026-06-29
,Traverse City Service Center,Traverse City Logistics,VA,29,99.2,0,87,46767,22,Net New,No confirmed Inspiration match,Electrada only,ELC-2254,2026-06-29
,Ionia Fleet Center,Ionia Freight Lines,ND,10,91.52,0,40,61422,42,Net New,No confirmed Inspiration match,Electrada only,ELC-2262,2026-06-29
,Owosso Logistics Hub,Owosso Logistics,MT,19,94.42,3,38,75402,89,Net New,No confirmed Inspiration match,Electrada only,ELC-2275,2026-06-29
,Menominee Charging Hub,Menominee Parcel Delivery,NV,19,97.82,7,38,59201,28,Net New,No confirmed Inspiration match,Electrada only,ELC-2276,2026-06-29
,Clare Distribution Hub,Clare Telecom Services,CO,25,96.52,3,100,53309,38,Net New,No confirmed Inspiration match,Electrada only,ELC-2279,2026-06-29
,Holland MI Depot,Holland MI Distribution,MD,18,89.12,1,36,15630,79,Net New,No confirmed Inspiration match,Electrada only,ELC-2286,2026-06-29
,Coldwater Fleet Center,Coldwater School District,SD,13,99.02,2,39,62867,88,Net New,No confirmed Inspiration match,Electrada only,ELC-2293,2026-06-29
,Three Rivers Service Center,Three Rivers Utility Cooperative,TN,11,92.82,6,33,53380,38,Net New,No confirmed Inspiration match,Electrada only,ELC-2299,2026-06-29
,Ludington Distribution Hub,Ludington Telecom Services,TN,25,92.72,1,50,41642,31,Net New,No confirmed Inspiration match,Electrada only,ELC-2300,2026-06-29
,Greenville MI Fleet Center,Greenville MI Leasing Corporation,AL,11,97.82,0,33,79657,55,Net New,No confirmed Inspiration match,Electrada only,ELC-2304,2026-06-29
,Flint Depot,Flint Distribution,IL,20,92.02,4,60,19321,28,Net New,No confirmed Inspiration match,Electrada only,ELC-2310,2026-06-29
,Kalamazoo Logistics Center,Kalamazoo Telecom Services,NM,8,99.42,4,32,52089,52,Net New,No confirmed Inspiration match,Electrada only,ELC-2318,2026-06-29
,Jackson MI Fleet Center,Jackson MI Airport Authority,TN,18,95.32,3,36,52602,56,Net New,No confirmed Inspiration match,Electrada only,ELC-2332,2026-06-29
,Fenton Service Center,Fenton Waste & Recycling,AL,27,99.62,2,54,43788,65,Net New,No confirmed Inspiration match,Electrada only,ELC-2340,2026-06-29
,Tecumseh Distribution Hub,Tecumseh Logistics,WI,6,97.22,8,18,58527,47,Net New,No confirmed Inspiration match,Electrada only,ELC-2351,2026-06-29
,Ironwood Logistics Center,Ironwood Parcel Delivery,ND,27,94.42,1,108,32677,58,Net New,No confirmed Inspiration match,Electrada only,ELC-2363,2026-06-29
INS-263,Marquette Distribution Hub,Marquette Auto Parts Distribution,NC,28,98.32,1,112,72343,61,Net New,No confirmed Electrada match,Inspiration only,,2026-06-29
INS-270,Lansing Charging Hub,Lansing Beverage Co.,NM,7,99.52,0,28,21384,52,Net New,No confirmed Electrada match,Inspiration only,,2026-06-29
INS-273,Houghton Service Center,Houghton Utility Cooperative,MI,10,97.22,4,30,62663,35,Net New,No confirmed Electrada match,Inspiration only,,2026-06-29
INS-282,Gladwin Logistics Hub,Gladwin Auto Parts Distribution,UT,7,98.52,1,14,69896,40,Net New,No confirmed Electrada match,Inspiration only,,2026-06-29
INS-286,Sault Ste Marie Depot,Sault Ste Marie Waste & Recycling,VA,10,96.82,0,30,58637,33,Net New,No confirmed Electrada match,Inspiration only,,2026-06-29
INS-294,Ypsilanti Logistics Center,Ypsilanti School District,UT,18,97.62,0,54,34179,90,Net New,No confirmed Electrada match,Inspiration only,,2026-06-29
INS-300,Sturgis Logistics Hub,Sturgis Parcel Delivery,AZ,15,95.42,1,60,69424,87,Net New,No confirmed Electrada match,Inspiration only,,2026-06-29
INS-310,Bay City Service Center,Bay City Auto Parts Distribution,CO,19,89.7,6,76,23714,71,Auto-Merged,"Region match is true, name similarity is 0.91, and uptime delta is below 3%. | Source values - Inspiration uptime: 89.4%, Electrada uptime: 87.6%, Inspiration chargers: 19, Electrada chargers: 19",Both,ELC-2371,2026-06-29
INS-318,Grand Rapids Distribution Hub,Grand Rapids Parcel Delivery,WA,15,93.1,1,45,58829,24,Auto-Merged,"Region match is true, name similarity is 0.91, and uptime delta is below 3%. | Source values - Inspiration uptime: 93.7%, Electrada uptime: 91.2%, Inspiration chargers: 15, Electrada chargers: 15",Both,ELC-2382,2026-06-29
INS-319,Standish Logistics Hub,Standish Logistics,ND,26,97.1,4,104,55690,76,Auto-Merged,"Region match is true, name similarity is 0.75, and uptime delta is below 3%. | Source values - Inspiration uptime: 96.4%, Electrada uptime: 94.7%, Inspiration chargers: 26, Electrada chargers: 26",Both,ELC-2391,2026-06-29
INS-329,Ann Arbor Logistics Hub,Ann Arbor Telecom Services,WI,28,96.3,6,56,74833,51,Auto-Merged,"Region match is true, name similarity is 0.79, and uptime delta is below 3%. | Source values - Inspiration uptime: 95.3%, Electrada uptime: 93.8%, Inspiration chargers: 28, Electrada chargers: 28",Both,ELC-2392,2026-06-29
INS-339,Dowagiac Charging Hub,Dowagiac Beverage Co.,IA,10,95.7,4,30,12396,61,Auto-Merged,"Region match is true, name similarity is 0.86, and uptime delta is below 3%. | Source values - Inspiration uptime: 98.3%, Electrada uptime: 97.7%, Inspiration chargers: 10, Electrada chargers: 10",Both,ELC-2397,2026-06-29
INS-341,Alpena Logistics Hub,Alpena Equipment Rental,NE,13,92.2,5,52,36756,72,Auto-Merged,"Region match is true, name similarity is 0.9, and uptime delta is below 3%. | Source values - Inspiration uptime: 93.5%, Electrada uptime: 93.3%, Inspiration chargers: 13, Electrada chargers: 13",Both,ELC-2405,2026-06-29
,Ithaca Distribution Hub,Ithaca Auto Parts Distribution,CT,6,98.72,3,12,52518,58,Net New,No confirmed Inspiration match,Electrada only,ELC-2419,2026-06-29
,Kingston NY Depot,Kingston NY Freight Lines,FL,10,99.62,2,20,68014,77,Net New,No confirmed Inspiration match,Electrada only,ELC-2427,2026-06-29
,Worcester Service Center,Worcester Auto Parts Distribution,RI,9,99.7,4,18,17594,86,Net New,No confirmed Inspiration match,Electrada only,ELC-2435,2026-06-29
,Oswego Distribution Hub,Oswego Equipment Rental,VT,21,90.02,8,42,28210,65,Net New,No confirmed Inspiration match,Electrada only,ELC-2442,2026-06-29
,Gloversville Yard,Gloversville Beverage Co.,MI,13,97.62,4,52,51875,79,Net New,No confirmed Inspiration match,Electrada only,ELC-2443,2026-06-29
,Elmira Yard,Elmira School District,KS,6,97.42,5,24,33981,72,Net New,No confirmed Inspiration match,Electrada only,ELC-2450,2026-06-29
,Bangor Logistics Hub,Bangor School District,VA,15,97.22,6,60,78428,69,Net New,No confirmed Inspiration match,Electrada only,ELC-2454,2026-06-29
,New Haven Depot,New Haven Beverage Co.,AL,27,97.42,0,54,11393,49,Net New,No confirmed Inspiration match,Electrada only,ELC-2465,2026-06-29
,Concord NH Charging Hub,Concord NH Telecom Services,ND,22,99.6,1,88,74779,26,Net New,No confirmed Inspiration match,Electrada only,ELC-2467,2026-06-29
,Fall River Fleet Center,Fall River School District,AZ,6,98.32,6,24,66843,21,Net New,No confirmed Inspiration match,Electrada only,ELC-2469,2026-06-29
,Danbury Yard,Danbury School District,NV,29,97.12,6,87,51477,88,Net New,No confirmed Inspiration match,Electrada only,ELC-2470,2026-06-29
,Watertown NY Yard,Watertown NY Airport Authority,NM,30,98.82,6,90,39443,86,Net New,No confirmed Inspiration match,Electrada only,ELC-2483,2026-06-29
,Rutland Depot,Rutland Beverage Co.,MO,25,96.92,5,50,36040,58,Net New,No confirmed Inspiration match,Electrada only,ELC-2496,2026-06-29
,Plattsburgh Yard,Plattsburgh Equipment Rental,PA,19,95.22,0,38,14981,57,Net New,No confirmed Inspiration match,Electrada only,ELC-2506,2026-06-29
,Augusta ME Fleet Center,Augusta ME School District,OR,13,96.42,5,39,78631,49,Net New,No confirmed Inspiration match,Electrada only,ELC-2512,2026-06-29
,Binghamton Fleet Center,Binghamton Telecom Services,VA,29,98.82,6,116,17485,81,Net New,No confirmed Inspiration match,Electrada only,ELC-2523,2026-06-29
,Cortland Yard,Cortland Beverage Co.,KS,6,89.12,1,18,51693,87,Net New,No confirmed Inspiration match,Electrada only,ELC-2525,2026-06-29
,Burlington VT Distribution Hub,Burlington VT Auto Parts Distribution,WA,10,94.82,0,40,75276,49,Net New,No confirmed Inspiration match,Electrada only,ELC-2526,2026-06-29
,Auburn NY Logistics Center,Auburn NY Leasing Corporation,MN,7,92.02,3,21,15011,72,Net New,No confirmed Inspiration match,Electrada only,ELC-2531,2026-06-29
,Poughkeepsie Charging Hub,Poughkeepsie Airport Authority,OR,29,95.42,1,116,52572,64,Net New,No confirmed Inspiration match,Electrada only,ELC-2535,2026-06-29
,Niagara Falls Distribution Hub,Niagara Falls Beverage Co.,NM,19,89.32,3,76,14872,43,Net New,No confirmed Inspiration match,Electrada only,ELC-2537,2026-06-29
,Lowell Service Center,Lowell Parcel Delivery,WA,20,97.52,5,60,69786,51,Net New,No confirmed Inspiration match,Electrada only,ELC-2544,2026-06-29
,Utica Service Center,Utica Utility Cooperative,KY,21,94.22,0,84,53928,21,Net New,No confirmed Inspiration match,Electrada only,ELC-2551,2026-06-29
,Springfield MA Depot,Springfield MA Freight Lines,UT,20,92.82,5,80,37300,37,Net New,No confirmed Inspiration match,Electrada only,ELC-2556,2026-06-29
,Glens Falls Logistics Center,Glens Falls Beverage Co.,NV,20,91.22,3,80,64156,85,Net New,No confirmed Inspiration match,Electrada only,ELC-2559,2026-06-29
INS-348,Norwalk Distribution Hub,Norwalk Distribution,TN,25,99.02,2,75,35526,30,Net New,No confirmed Electrada match,Inspiration only,,2026-06-29
INS-356,New Bedford Fleet Center,New Bedford Food Service Distribution,MS,6,93.72,3,18,71018,22,Net New,No confirmed Electrada match,Inspiration only,,2026-06-29
INS-366,Cranston Service Center,Cranston Equipment Rental,UT,18,97.32,2,72,74254,74,Net New,No confirmed Electrada match,Inspiration only,,2026-06-29
INS-371,Nashua Depot,Nashua Food Service Distribution,IA,24,90.82,0,96,30010,47,Net New,No confirmed Electrada match,Inspiration only,,2026-06-29
INS-375,Warwick Depot,Warwick Telecom Services,KY,4,97.42,7,16,50628,41,Net New,No confirmed Electrada match,Inspiration only,,2026-06-29
INS-379,Hudson NY Logistics Center,Hudson NY Parcel Delivery,WA,27,88.92,3,54,75369,56,Net New,No confirmed Electrada match,Inspiration only,,2026-06-29
INS-384,Montpelier Logistics Hub,Montpelier Airport Authority,RI,5,93.82,3,20,53626,78,Net New,No confirmed Electrada match,Inspiration only,,2026-06-29
INS-391,Schenectady Logistics Hub,Schenectady Equipment Rental,OK,4,98.12,2,12,39923,61,Net New,No confirmed Electrada match,Inspiration only,,2026-06-29
INS-395,Albany Distribution Hub,Albany Freight Lines,TN,26,96.32,2,78,64369,26,Net New,No confirmed Electrada match,Inspiration only,,2026-06-29
INS-403,Bridgeport Yard,Bridgeport Beverage Co.,VT,21,98.12,7,63,15877,23,Net New,No confirmed Electrada match,Inspiration only,,2026-06-29
INS-405,Manchester NH Charging Hub,Manchester NH Beverage Co.,MN,27,91.72,5,108,35142,81,Net New,No confirmed Electrada match,Inspiration only,,2026-06-29
INS-410,Hartford Depot,Hartford Courier Services,CA,5,98.52,0,15,61311,48,Net New,No confirmed Electrada match,Inspiration only,,2026-06-29
,Ashburn Service Center,Ashburn Equipment Rental,NH,23,98.92,2,46,55515,87,Net New,No confirmed Inspiration match,Electrada only,ELC-2564,2026-06-29
,Lexington VA Distribution Hub,Lexington VA Airport Authority,NM,8,89.22,0,24,36030,88,Net New,No confirmed Inspiration match,Electrada only,ELC-2569,2026-06-29
,Warrenton Charging Hub,Warrenton Telecom Services,MT,29,97.72,7,58,10974,25,Net New,No confirmed Inspiration match,Electrada only,ELC-2580,2026-06-29
,Petersburg VA Service Center,Petersburg VA Auto Parts Distribution,AR,11,98.22,5,22,51376,32,Net New,No confirmed Inspiration match,Electrada only,ELC-2589,2026-06-29
,Cumberland MD Distribution Hub,Cumberland MD Parcel Delivery,OH,22,94.32,2,66,51772,83,Net New,No confirmed Inspiration match,Electrada only,ELC-2592,2026-06-29
,Martinsville Depot,Martinsville Freight Lines,VA,15,92.82,4,30,54343,29,Net New,No confirmed Inspiration match,Electrada only,ELC-2601,2026-06-29
,Chesapeake Yard,Chesapeake Freight Lines,MI,4,95.32,5,8,29106,39,Net New,No confirmed Inspiration match,Electrada only,ELC-2603,2026-06-29
,Gaithersburg Depot,Gaithersburg Courier Services,RI,14,95.42,2,28,49937,30,Net New,No confirmed Inspiration match,Electrada only,ELC-2616,2026-06-29
,Staunton Service Center,Staunton Waste & Recycling,AR,7,94.92,3,21,47810,84,Net New,No confirmed Inspiration match,Electrada only,ELC-2627,2026-06-29
,Salisbury MD Yard,Salisbury MD Utility Cooperative,VA,13,97.72,3,26,59151,61,Net New,No confirmed Inspiration match,Electrada only,ELC-2631,2026-06-29
,Franklin VA Depot,Franklin VA Food Service Distribution,GA,8,91.02,1,24,10723,45,Net New,No confirmed Inspiration match,Electrada only,ELC-2643,2026-06-29
,Waynesboro Service Center,Waynesboro Parcel Delivery,AR,20,97.02,5,40,66862,82,Net New,No confirmed Inspiration match,Electrada only,ELC-2655,2026-06-29
,Emporia Fleet Center,Emporia Leasing Corporation,NV,17,94.32,5,68,57423,51,Net New,No confirmed Inspiration match,Electrada only,ELC-2666,2026-06-29
,South Boston Depot,South Boston Courier Services,GA,18,95.12,3,72,16476,66,Net New,No confirmed Inspiration match,Electrada only,ELC-2672,2026-06-29
,Rockville Yard,Rockville Airport Authority,IN,19,98.92,0,38,28335,32,Net New,No confirmed Inspiration match,Electrada only,ELC-2673,2026-06-29
,Silver Spring Distribution Hub,Silver Spring School District,NH,19,99.12,4,38,68829,74,Net New,No confirmed Inspiration match,Electrada only,ELC-2684,2026-06-29
,Charlottesville Fleet Center,Charlottesville Telecom Services,WA,4,93.42,1,8,34724,40,Net New,No confirmed Inspiration match,Electrada only,ELC-2695,2026-06-29
,Woodbridge Logistics Center,Woodbridge Freight Lines,NM,30,97.02,6,120,79015,66,Net New,No confirmed Inspiration match,Electrada only,ELC-2706,2026-06-29
,Hopewell Depot,Hopewell Beverage Co.,MO,27,95.82,2,108,24457,79,Net New,No confirmed Inspiration match,Electrada only,ELC-2716,2026-06-29
,Radford Depot,Radford Utility Cooperative,NY,22,94.62,5,66,66792,37,Net New,No confirmed Inspiration match,Electrada only,ELC-2725,2026-06-29
,Blacksburg Depot,Blacksburg Airport Authority,ND,14,95.52,2,28,66802,33,Net New,No confirmed Inspiration match,Electrada only,ELC-2738,2026-06-29
INS-418,Portsmouth VA Logistics Center,Portsmouth VA Courier Services,OR,9,97.52,6,27,23153,26,Net New,No confirmed Electrada match,Inspiration only,,2026-06-29
INS-426,Harrisonburg Logistics Hub,Harrisonburg Food Service Distribution,SD,21,99.6,1,63,60149,68,Net New,No confirmed Electrada match,Inspiration only,,2026-06-29
INS-436,Abingdon Logistics Center,Abingdon Beverage Co.,LA,26,97.72,3,78,68746,82,Net New,No confirmed Electrada match,Inspiration only,,2026-06-29
INS-443,Bethesda Service Center,Bethesda Food Service Distribution,NE,6,97.12,4,24,42531,78,Net New,No confirmed Electrada match,Inspiration only,,2026-06-29
INS-449,Farmville Fleet Center,Farmville Telecom Services,ME,28,99.6,1,56,31653,65,Net New,No confirmed Electrada match,Inspiration only,,2026-06-29
INS-457,Leesburg Service Center,Leesburg Utility Cooperative,FL,7,99.7,5,21,64210,58,Net New,No confirmed Electrada match,Inspiration only,,2026-06-29
INS-466,Colonial Heights Charging Hub,Colonial Heights Auto Parts Distribution,CT,19,95.52,3,76,27114,86,Net New,No confirmed Electrada match,Inspiration only,,2026-06-29
INS-474,Frederick MD Fleet Center,Frederick MD Utility Cooperative,ND,9,92.22,0,18,79710,47,Net New,No confirmed Electrada match,Inspiration only,,2026-06-29
INS-483,Winchester VA Depot,Winchester VA Beverage Co.,TX,20,98.02,1,40,31976,55,Net New,No confirmed Electrada match,Inspiration only,,2026-06-29
INS-492,Christiansburg Yard,Christiansburg Freight Lines,LA,17,93.3,1,51,79053,83,Auto-Merged,"Region match is true, name similarity is 0.9, and uptime delta is below 3%. | Source values - Inspiration uptime: 94.3%, Electrada uptime: 93.2%, Inspiration chargers: 17, Electrada chargers: 17",Both,ELC-2742,2026-06-29
INS-496,Danville VA Service Center,Danville VA Parcel Delivery,IA,15,92.5,5,60,18703,28,Auto-Merged,"Region match is true, name similarity is 0.9, and uptime delta is below 3%. | Source values - Inspiration uptime: 91.9%, Electrada uptime: 89.8%, Inspiration chargers: 15, Electrada chargers: 15",Both,ELC-2752,2026-06-29
INS-498,Hagerstown Charging Hub,Hagerstown Beverage Co.,AL,18,95.6,0,54,72928,72,Auto-Merged,"Region match is true, name similarity is 0.77, and uptime delta is below 3%. | Source values - Inspiration uptime: 95.6%, Electrada uptime: 94.8%, Inspiration chargers: 18, Electrada chargers: 18",Both,ELC-2759,2026-06-29
INS-506,Newark DE Logistics Center,Newark DE Leasing Corporation,IL,14,98.8,1,42,25429,42,Auto-Merged,"Region match is true, name similarity is 0.84, and uptime delta is below 3%. | Source values - Inspiration uptime: 99.0%, Electrada uptime: 97.5%, Inspiration chargers: 14, Electrada chargers: 14",Both,ELC-2770,2026-06-29
,Kannapolis Distribution Hub,Kannapolis Food Service Distribution,WA,8,90.72,4,32,65560,85,Net New,No confirmed Inspiration match,Electrada only,ELC-2784,2026-06-29
,Chapel Hill Fleet Center,Chapel Hill Equipment Rental,SD,22,95.32,0,88,67268,81,Net New,No confirmed Inspiration match,Electrada only,ELC-2790,2026-06-29
,Burnsville Yard,Burnsville Auto Parts Distribution,CO,10,97.02,2,40,53965,48,Net New,No confirmed Inspiration match,Electrada only,ELC-2792,2026-06-29
,Eden NC Logistics Hub,Eden NC Freight Lines,ME,14,98.92,4,42,50371,81,Net New,No confirmed Inspiration match,Electrada only,ELC-2801,2026-06-29
,Mount Airy Service Center,Mount Airy School District,IL,29,94.62,0,58,26230,27,Net New,No confirmed Inspiration match,Electrada only,ELC-2808,2026-06-29
,Albemarle Logistics Hub,Albemarle Telecom Services,AZ,19,93.62,5,57,55491,65,Net New,No confirmed Inspiration match,Electrada only,ELC-2810,2026-06-29
,West Jefferson Fleet Center,West Jefferson Telecom Services,AL,4,98.32,0,16,42268,23,Net New,No confirmed Inspiration match,Electrada only,ELC-2816,2026-06-29
,Salisbury NC Logistics Hub,Salisbury NC Beverage Co.,WI,23,99.62,4,46,40324,69,Net New,No confirmed Inspiration match,Electrada only,ELC-2827,2026-06-29
,Morganton Depot,Morganton Parcel Delivery,ND,15,98.82,0,60,73086,61,Net New,No confirmed Inspiration match,Electrada only,ELC-2839,2026-06-29
,Reidsville Logistics Center,Reidsville Leasing Corporation,SD,11,92.62,0,22,73542,65,Net New,No confirmed Inspiration match,Electrada only,ELC-2854,2026-06-29
,Elkin Yard,Elkin Utility Cooperative,SC,30,95.32,4,60,79429,53,Net New,No confirmed Inspiration match,Electrada only,ELC-2864,2026-06-29
,Monroe NC Charging Hub,Monroe NC Parcel Delivery,DE,4,96.52,5,12,21467,44,Net New,No confirmed Inspiration match,Electrada only,ELC-2878,2026-06-29
,Sylva Yard,Sylva Equipment Rental,OH,5,92.72,5,10,78395,42,Net New,No confirmed Inspiration match,Electrada only,ELC-2886,2026-06-29
,Rocky Mount Logistics Hub,Rocky Mount Logistics,AL,12,97.52,0,24,38467,53,Net New,No confirmed Inspiration match,Electrada only,ELC-2894,2026-06-29
,Gastonia Distribution Hub,Gastonia Courier Services,AR,12,98.72,6,48,44863,90,Net New,No confirmed Inspiration match,Electrada only,ELC-2899,2026-06-29
,Rutherfordton Fleet Center,Rutherfordton School District,NE,25,94.72,4,75,60246,42,Net New,No confirmed Inspiration match,Electrada only,ELC-2905,2026-06-29
,Lenoir Distribution Hub,Lenoir Parcel Delivery,MI,24,98.82,7,96,77532,60,Net New,No confirmed Inspiration match,Electrada only,ELC-2920,2026-06-29
,Graham NC Service Center,Graham NC Waste & Recycling,WI,7,99.32,5,14,68066,42,Net New,No confirmed Inspiration match,Electrada only,ELC-2921,2026-06-29
INS-516,Oxford NC Distribution Hub,Oxford NC Utility Cooperative,ME,19,94.92,2,76,56793,59,Net New,No confirmed Electrada match,Inspiration only,,2026-06-29
INS-519,Hickory Fleet Center,Hickory Parcel Delivery,ID,25,94.62,2,50,28657,63,Net New,No confirmed Electrada match,Inspiration only,,2026-06-29
INS-524,Tarboro Yard,Tarboro School District,GA,5,95.62,2,20,47572,72,Net New,No confirmed Electrada match,Inspiration only,,2026-06-29
INS-527,Wilson Depot,Wilson Freight Lines,VA,28,94.72,4,112,45946,61,Net New,No confirmed Electrada match,Inspiration only,,2026-06-29
INS-530,Jacksonville NC Logistics Center,Jacksonville NC School District,MD,21,97.52,0,42,34429,31,Net New,No confirmed Electrada match,Inspiration only,,2026-06-29
INS-540,Pittsboro Distribution Hub,Pittsboro Waste & Recycling,KY,6,98.22,2,12,49542,21,Net New,No confirmed Electrada match,Inspiration only,,2026-06-29
INS-546,Wilmington NC Fleet Center,Wilmington NC Beverage Co.,IL,9,99.32,5,18,21979,61,Net New,No confirmed Electrada match,Inspiration only,,2026-06-29
INS-556,Bakersville Service Center,Bakersville Waste & Recycling,MN,28,93.22,4,84,22967,68,Net New,No confirmed Electrada match,Inspiration only,,2026-06-29
INS-566,Spruce Pine Yard,Spruce Pine Telecom Services,MT,18,97.52,1,54,78370,69,Net New,No confirmed Electrada match,Inspiration only,,2026-06-29
INS-567,Rockingham Logistics Center,Rockingham Food Service Distribution,TX,25,99.2,1,75,58743,20,Net New,No confirmed Electrada match,Inspiration only,,2026-06-29
INS-577,Wilkesboro Fleet Center,Wilkesboro Food Service Distribution,KS,16,92.6,0,64,19900,71,Auto-Merged,"Region match is true, name similarity is 0.83, and uptime delta is below 3%. | Source values - Inspiration uptime: 93.3%, Electrada uptime: 90.8%, Inspiration chargers: 16, Electrada chargers: 16",Both,ELC-2929,2026-06-29
INS-579,Henderson NC Yard,Henderson NC Freight Lines,DE,30,94.9,5,120,54954,63,Auto-Merged,"Region match is true, name similarity is 0.85, and uptime delta is below 3%. | Source values - Inspiration uptime: 94.9%, Electrada uptime: 92.7%, Inspiration chargers: 30, Electrada chargers: 30",Both,ELC-2944,2026-06-29
INS-586,Whiteville Logistics Hub,Whiteville School District,GA,13,89.7,3,26,48039,82,Auto-Merged,"Region match is true, name similarity is 0.88, and uptime delta is below 3%. | Source values - Inspiration uptime: 89.7%, Electrada uptime: 87.4%, Inspiration chargers: 13, Electrada chargers: 13",Both,ELC-2955,2026-06-29
INS-587,Marion NC Distribution Hub,Marion NC Airport Authority,KY,10,88.5,1,40,37856,62,Auto-Merged,"Region match is true, name similarity is 0.75, and uptime delta is below 3%. | Source values - Inspiration uptime: 90.5%, Electrada uptime: 88.5%, Inspiration chargers: 10, Electrada chargers: 10",Both,ELC-2960,2026-06-29
INS-592,Boone NC Yard,Boone NC Equipment Rental,MS,13,93.3,0,26,22874,35,Auto-Merged,"Region match is true, name similarity is 0.81, and uptime delta is below 3%. | Source values - Inspiration uptime: 93.2%, Electrada uptime: 91.9%, Inspiration chargers: 13, Electrada chargers: 13",Both,ELC-2975,2026-06-29
INS-596,Sparta NC Charging Hub,Sparta NC Parcel Delivery,IN,8,95.8,6,16,51252,76,Auto-Merged,"Region match is true, name similarity is 0.79, and uptime delta is below 3%. | Source values - Inspiration uptime: 95.6%, Electrada uptime: 93.9%, Inspiration chargers: 8, Electrada chargers: 8",Both,ELC-2988,2026-06-29
INS-601,Statesville Logistics Center,Statesville Telecom Services,TX,19,94.7,4,38,36034,62,Auto-Merged,"Region match is true, name similarity is 0.91, and uptime delta is below 3%. | Source values - Inspiration uptime: 94.3%, Electrada uptime: 91.9%, Inspiration chargers: 19, Electrada chargers: 19",Both,ELC-2999,2026-06-29
INS-603,Laurinburg Fleet Center,Laurinburg Equipment Rental,ID,13,91.1,0,52,15301,40,Auto-Merged,"Region match is true, name similarity is 0.91, and uptime delta is below 3%. | Source values - Inspiration uptime: 90.2%, Electrada uptime: 87.5%, Inspiration chargers: 13, Electrada chargers: 13",Both,ELC-3009,2026-06-29
INS-605,Asheville Fleet Center,Asheville Food Service Distribution,MO,23,88.6,2,92,39410,64,Auto-Merged,"Region match is true, name similarity is 0.86, and uptime delta is below 3%. | Source values - Inspiration uptime: 88.2%, Electrada uptime: 85.9%, Inspiration chargers: 23, Electrada chargers: 23",Both,ELC-3019,2026-06-29
INS-607,Concord NC Logistics Hub,Concord NC Airport Authority,CA,28,93.2,5,84,23350,31,Auto-Merged,"Region match is true, name similarity is 0.88, and uptime delta is below 3%. | Source values - Inspiration uptime: 92.5%, Electrada uptime: 90.9%, Inspiration chargers: 28, Electrada chargers: 28",Both,ELC-3029,2026-06-29
,Latta Depot,Latta Waste & Recycling,TN,10,94.92,4,30,63257,70,Net New,No confirmed Inspiration match,Electrada only,ELC-3035,2026-06-29
,Lancaster SC Yard,Lancaster SC Freight Lines,IL,12,91.12,4,36,42839,84,Net New,No confirmed Inspiration match,Electrada only,ELC-3036,2026-06-29
,Cheraw Fleet Center,Cheraw Food Service Distribution,ND,14,97.42,0,28,30277,90,Net New,No confirmed Inspiration match,Electrada only,ELC-3044,2026-06-29
,Florence SC Charging Hub,Florence SC Parcel Delivery,TX,17,88.52,2,51,39723,61,Net New,No confirmed Inspiration match,Electrada only,ELC-3053,2026-06-29
,Spartanburg Fleet Center,Spartanburg Equipment Rental,PA,25,99.12,1,50,29916,55,Net New,No confirmed Inspiration match,Electrada only,ELC-3061,2026-06-29
,Clemson Charging Hub,Clemson School District,IA,22,92.22,3,66,41288,72,Net New,No confirmed Inspiration match,Electrada only,ELC-3063,2026-06-29
,Lake City Logistics Hub,Lake City Waste & Recycling,TN,6,94.72,5,12,48683,81,Net New,No confirmed Inspiration match,Electrada only,ELC-3073,2026-06-29
,Beaufort Charging Hub,Beaufort Courier Services,IL,15,92.42,4,60,25025,79,Net New,No confirmed Inspiration match,Electrada only,ELC-3086,2026-06-29
,Ridgeland SC Distribution Hub,Ridgeland SC Leasing Corporation,FL,12,97.92,1,36,21148,53,Net New,No confirmed Inspiration match,Electrada only,ELC-3100,2026-06-29
,Hartsville Distribution Hub,Hartsville Waste & Recycling,AR,14,91.82,2,42,74829,29,Net New,No confirmed Inspiration match,Electrada only,ELC-3108,2026-06-29
,Walhalla Logistics Hub,Walhalla Airport Authority,NH,27,94.22,3,54,66547,90,Net New,No confirmed Inspiration match,Electrada only,ELC-3118,2026-06-29
,Pickens Depot,Pickens Parcel Delivery,RI,17,96.82,4,51,56604,54,Net New,No confirmed Inspiration match,Electrada only,ELC-3121,2026-06-29
,Georgetown SC Logistics Hub,Georgetown SC Food Service Distribution,MN,22,95.22,4,44,73515,23,Net New,No confirmed Inspiration match,Electrada only,ELC-3127,2026-06-29
,Hilton Head Logistics Hub,Hilton Head Waste & Recycling,SD,21,91.02,3,42,77241,34,Net New,No confirmed Inspiration match,Electrada only,ELC-3131,2026-06-29
,Camden SC Logistics Center,Camden SC Auto Parts Distribution,NY,19,99.62,1,38,12066,78,Net New,No confirmed Inspiration match,Electrada only,ELC-3142,2026-06-29
,Orangeburg Logistics Center,Orangeburg School District,NV,12,93.82,1,24,15489,69,Net New,No confirmed Inspiration match,Electrada only,ELC-3151,2026-06-29
,Darlington Yard,Darlington Parcel Delivery,FL,11,98.62,0,33,31114,51,Net New,No confirmed Inspiration match,Electrada only,ELC-3160,2026-06-29
,Bennettsville Service Center,Bennettsville Distribution,WY,19,98.92,2,38,23058,21,Net New,No confirmed Inspiration match,Electrada only,ELC-3172,2026-06-29
,Bluffton Logistics Hub,Bluffton School District,CA,22,92.32,1,88,20615,65,Net New,No confirmed Inspiration match,Electrada only,ELC-3178,2026-06-29
,Aiken Charging Hub,Aiken Courier Services,CT,23,94.72,5,69,11978,21,Net New,No confirmed Inspiration match,Electrada only,ELC-3193,2026-06-29
,Kershaw Service Center,Kershaw Logistics,NE,15,97.32,0,60,23835,84,Net New,No confirmed Inspiration match,Electrada only,ELC-3208,2026-06-29
INS-611,Anderson SC Logistics Hub,Anderson SC Telecom Services,NY,12,93.12,1,36,63814,68,Net New,No confirmed Electrada match,Inspiration only,,2026-06-29
INS-613,Manning Service Center,Manning Courier Services,ID,19,92.02,3,57,39915,55,Net New,No confirmed Electrada match,Inspiration only,,2026-06-29
INS-617,Marion SC Fleet Center,Marion SC Freight Lines,OH,8,96.72,3,16,71112,35,Net New,No confirmed Electrada match,Inspiration only,,2026-06-29
INS-620,Newberry SC Service Center,Newberry SC Logistics,MT,8,89.02,0,16,39841,62,Net New,No confirmed Electrada match,Inspiration only,,2026-06-29
INS-628,Clinton SC Distribution Hub,Clinton SC Distribution,TN,21,99.12,4,42,47174,36,Net New,No confirmed Electrada match,Inspiration only,,2026-06-29
INS-634,Seneca Yard,Seneca Telecom Services,MS,7,97.72,6,28,75357,44,Net New,No confirmed Electrada match,Inspiration only,,2026-06-29
INS-635,Union SC Yard,Union SC Beverage Co.,MD,28,98.82,5,56,40878,71,Net New,No confirmed Electrada match,Inspiration only,,2026-06-29
INS-640,Barnwell Distribution Hub,Barnwell Telecom Services,SC,29,89.32,2,58,58327,22,Net New,No confirmed Electrada match,Inspiration only,,2026-06-29
INS-650,Kingstree Yard,Kingstree Telecom Services,CA,23,99.7,2,92,37719,59,Net New,No confirmed Electrada match,Inspiration only,,2026-06-29
INS-660,Walterboro Fleet Center,Walterboro Courier Services,AZ,26,93,4,78,79364,37,Conflict - Needs Resolution,"Region match is true and name similarity is 0.73, but uptime delta exceeds 3%. | Source values - Inspiration uptime: 93.0%, Electrada uptime: 87.1%, Inspiration chargers: 26, Electrada chargers: 26",Both,ELC-3220,2026-06-29
INS-670,York SC Yard,York SC Auto Parts Distribution,AR,30,89.9,3,120,61521,76,Auto-Merged,"Region match is true, name similarity is 0.79, and uptime delta is below 3%. | Source values - Inspiration uptime: 90.6%, Electrada uptime: 89.5%, Inspiration chargers: 30, Electrada chargers: 30",Both,ELC-3221,2026-06-29
INS-680,Myrtle Beach Fleet Center,Myrtle Beach Equipment Rental,OR,10,90.6,4,40,13466,50,Auto-Merged,"Region match is true, name similarity is 0.87, and uptime delta is below 3%. | Source values - Inspiration uptime: 90.0%, Electrada uptime: 87.8%, Inspiration chargers: 10, Electrada chargers: 10",Both,ELC-3222,2026-06-29
INS-689,Sumter Logistics Hub,Sumter Telecom Services,GA,24,99,0,96,79401,89,Auto-Merged,"Region match is true, name similarity is 0.87, and uptime delta is below 3%. | Source values - Inspiration uptime: 98.9%, Electrada uptime: 96.4%, Inspiration chargers: 24, Electrada chargers: 24",Both,ELC-3236,2026-06-29
,Bay Minette Distribution Hub,Bay Minette Telecom Services,MI,5,98.12,2,10,39935,28,Net New,No confirmed Inspiration match,Electrada only,ELC-3246,2026-06-29
,Alabaster Logistics Center,Alabaster Telecom Services,MS,30,95.72,4,60,54572,37,Net New,No confirmed Inspiration match,Electrada only,ELC-3250,2026-06-29
,Pelham Distribution Hub,Pelham School District,LA,16,97.62,0,48,33522,29,Net New,No confirmed Inspiration match,Electrada only,ELC-3258,2026-06-29
,Jasper AL Fleet Center,Jasper AL Airport Authority,RI,12,96.82,1,24,16057,69,Net New,No confirmed Inspiration match,Electrada only,ELC-3272,2026-06-29
,Atmore Charging Hub,Atmore Leasing Corporation,NE,10,99.22,2,20,23086,82,Net New,No confirmed Inspiration match,Electrada only,ELC-3286,2026-06-29
,Sylacauga Depot,Sylacauga School District,OK,7,90.82,4,14,34070,31,Net New,No confirmed Inspiration match,Electrada only,ELC-3298,2026-06-29
,Livingston AL Logistics Center,Livingston AL Courier Services,NV,11,92.32,7,22,43632,71,Net New,No confirmed Inspiration match,Electrada only,ELC-3299,2026-06-29
,Demopolis Depot,Demopolis Telecom Services,WY,19,91.22,1,38,26770,77,Net New,No confirmed Inspiration match,Electrada only,ELC-3304,2026-06-29
,Enterprise AL Logistics Hub,Enterprise AL Airport Authority,ND,27,96.12,1,54,41332,81,Net New,No confirmed Inspiration match,Electrada only,ELC-3311,2026-06-29
,Clanton Yard,Clanton Auto Parts Distribution,MI,30,90.82,5,60,22157,50,Net New,No confirmed Inspiration match,Electrada only,ELC-3321,2026-06-29
,Troy AL Yard,Troy AL School District,IA,24,92.22,2,72,27522,89,Net New,No confirmed Inspiration match,Electrada only,ELC-3332,2026-06-29
,Phenix City Service Center,Phenix City Logistics,ND,25,93.62,4,100,72968,28,Net New,No confirmed Inspiration match,Electrada only,ELC-3338,2026-06-29
,Fort Payne Fleet Center,Fort Payne Equipment Rental,IN,15,91.72,6,60,59512,30,Net New,No confirmed Inspiration match,Electrada only,ELC-3353,2026-06-29
,Prattville Charging Hub,Prattville Utility Cooperative,WA,13,92.12,3,52,47612,78,Net New,No confirmed Inspiration match,Electrada only,ELC-3356,2026-06-29
,Alexander City Logistics Hub,Alexander City Equipment Rental,RI,20,96.92,3,40,74103,49,Net New,No confirmed Inspiration match,Electrada only,ELC-3359,2026-06-29
,Leeds AL Yard,Leeds AL Telecom Services,MN,26,89.52,4,78,59080,74,Net New,No confirmed Inspiration match,Electrada only,ELC-3367,2026-06-29
,Talladega Charging Hub,Talladega Leasing Corporation,MI,6,91.62,2,24,79774,29,Net New,No confirmed Inspiration match,Electrada only,ELC-3376,2026-06-29
,Andalusia Charging Hub,Andalusia Waste & Recycling,IN,28,91.42,8,112,42372,59,Net New,No confirmed Inspiration match,Electrada only,ELC-3390,2026-06-29
,Opelika Yard,Opelika Utility Cooperative,GA,8,96.42,0,16,77611,46,Net New,No confirmed Inspiration match,Electrada only,ELC-3398,2026-06-29
,Bessemer Distribution Hub,Bessemer Courier Services,IN,24,95.42,5,48,27939,84,Net New,No confirmed Inspiration match,Electrada only,ELC-3405,2026-06-29
,Cullman Logistics Hub,Cullman Telecom Services,FL,8,95.62,0,32,63075,22,Net New,No confirmed Inspiration match,Electrada only,ELC-3417,2026-06-29
,Northport Service Center,Northport Leasing Corporation,MN,19,96.02,3,38,30075,44,Net New,No confirmed Inspiration match,Electrada only,ELC-3430,2026-06-29
INS-699,Dothan Service Center,Dothan Distribution,GA,24,96.02,3,96,23289,44,Net New,No confirmed Electrada match,Inspiration only,,2026-06-29
INS-700,Ozark AL Service Center,Ozark AL Utility Cooperative,VT,29,99.2,2,116,33673,59,Net New,No confirmed Electrada match,Inspiration only,,2026-06-29
INS-704,Greensboro AL Service Center,Greensboro AL Courier Services,MI,13,96.32,5,39,78518,90,Net New,No confirmed Electrada match,Inspiration only,,2026-06-29
INS-710,Monroeville Service Center,Monroeville Freight Lines,GA,29,95.82,5,87,57906,49,Net New,No confirmed Electrada match,Inspiration only,,2026-06-29
INS-720,Athens AL Charging Hub,Athens AL Airport Authority,IN,24,96.62,2,96,11709,62,Net New,No confirmed Electrada match,Inspiration only,,2026-06-29
INS-724,Scottsboro Logistics Center,Scottsboro Logistics,MS,30,99.2,0,60,69287,63,Net New,No confirmed Electrada match,Inspiration only,,2026-06-29
INS-729,Butler AL Fleet Center,Butler AL Courier Services,MS,5,95.92,4,10,20620,44,Net New,No confirmed Electrada match,Inspiration only,,2026-06-29
INS-735,Tuscaloosa South Charging Hub,Tuscaloosa South Leasing Corporation,VA,21,96.82,5,42,15094,24,Net New,No confirmed Electrada match,Inspiration only,,2026-06-29
INS-742,Camden AL Yard,Camden AL Auto Parts Distribution,IL,10,95.62,1,40,23376,27,Net New,No confirmed Electrada match,Inspiration only,,2026-06-29
INS-744,Montevallo Service Center,Montevallo Waste & Recycling,SC,12,99.2,6,36,17313,24,Net New,No confirmed Electrada match,Inspiration only,,2026-06-29
INS-754,Eutaw Depot,Eutaw Beverage Co.,VA,28,99.02,1,84,19332,87,Net New,No confirmed Electrada match,Inspiration only,,2026-06-29
INS-764,Decatur AL Fleet Center,Decatur AL Auto Parts Distribution,KY,21,90.7,3,42,57542,83,Auto-Merged,"Region match is true, name similarity is 0.88, and uptime delta is below 3%. | Source values - Inspiration uptime: 90.7%, Electrada uptime: 89.8%, Inspiration chargers: 21, Electrada chargers: 21",Both,ELC-3441,2026-06-29
INS-765,Union Springs Service Center,Union Springs Beverage Co.,MA,19,92.8,0,57,41021,47,Auto-Merged,"Region match is true, name similarity is 0.86, and uptime delta is below 3%. | Source values - Inspiration uptime: 93.4%, Electrada uptime: 91.4%, Inspiration chargers: 19, Electrada chargers: 19",Both,ELC-3451,2026-06-29
INS-768,Auburn AL Logistics Center,Auburn AL Auto Parts Distribution,MT,29,89.5,4,58,75814,86,Conflict - Needs Resolution,"Region match is true and name similarity is 0.72, but uptime delta exceeds 3%. | Source values - Inspiration uptime: 89.5%, Electrada uptime: 83.0%, Inspiration chargers: 29, Electrada chargers: 29",Both,ELC-3465,2026-06-29
INS-771,Brewton Service Center,Brewton Distribution,KY,14,92,6,28,25006,48,Auto-Merged,"Region match is true, name similarity is 0.89, and uptime delta is below 3%. | Source values - Inspiration uptime: 92.6%, Electrada uptime: 90.6%, Inspiration chargers: 14, Electrada chargers: 14",Both,ELC-3471,2026-06-29
,Winona Service Center,Winona Distribution,TN,25,91.32,4,100,40085,43,Net New,No confirmed Inspiration match,Electrada only,ELC-3481,2026-06-29
,Clarksdale Fleet Center,Clarksdale Utility Cooperative,ND,17,95.12,4,51,42514,54,Net New,No confirmed Inspiration match,Electrada only,ELC-3494,2026-06-29
,Greenville MS Distribution Hub,Greenville MS Food Service Distribution,NY,23,91.02,6,69,49378,39,Net New,No confirmed Inspiration match,Electrada only,ELC-3498,2026-06-29
,Newton MS Service Center,Newton MS Beverage Co.,TN,25,99.62,0,100,79069,65,Net New,No confirmed Inspiration match,Electrada only,ELC-3509,2026-06-29
,Laurel MS Depot,Laurel MS Distribution,VA,9,94.22,2,36,74143,32,Net New,No confirmed Inspiration match,Electrada only,ELC-3515,2026-06-29
,Aberdeen MS Service Center,Aberdeen MS Courier Services,WY,11,91.72,1,44,29768,45,Net New,No confirmed Inspiration match,Electrada only,ELC-3518,2026-06-29
,Water Valley Logistics Hub,Water Valley Food Service Distribution,MN,15,90.62,6,45,51510,74,Net New,No confirmed Inspiration match,Electrada only,ELC-3530,2026-06-29
,Macon MS Logistics Center,Macon MS Leasing Corporation,PA,8,91.02,2,24,46668,35,Net New,No confirmed Inspiration match,Electrada only,ELC-3531,2026-06-29
,Canton MS Service Center,Canton MS Waste & Recycling,NM,22,93.32,4,66,18612,88,Net New,No confirmed Inspiration match,Electrada only,ELC-3537,2026-06-29
,Holly Springs Fleet Center,Holly Springs Beverage Co.,IN,8,95.32,2,32,79418,51,Net New,No confirmed Inspiration match,Electrada only,ELC-3544,2026-06-29
,Ripley MS Logistics Center,Ripley MS Telecom Services,IN,19,98.82,1,57,22509,68,Net New,No confirmed Inspiration match,Electrada only,ELC-3556,2026-06-29
,Houston MS Distribution Hub,Houston MS Freight Lines,MN,7,99.12,2,21,23850,21,Net New,No confirmed Inspiration match,Electrada only,ELC-3566,2026-06-29
,Forest MS Service Center,Forest MS Utility Cooperative,ME,8,99.6,4,32,71810,64,Net New,No confirmed Inspiration match,Electrada only,ELC-3577,2026-06-29
,Natchez Yard,Natchez School District,LA,16,99.42,2,32,43720,62,Net New,No confirmed Inspiration match,Electrada only,ELC-3592,2026-06-29
,Meridian MS Logistics Hub,Meridian MS Parcel Delivery,VT,27,90.92,5,108,52719,39,Net New,No confirmed Inspiration match,Electrada only,ELC-3602,2026-06-29
,Louisville MS Depot,Louisville MS Leasing Corporation,MA,4,92.22,2,8,12584,21,Net New,No confirmed Inspiration match,Electrada only,ELC-3605,2026-06-29
,Booneville Charging Hub,Booneville Parcel Delivery,NC,28,97.52,2,112,39025,56,Net New,No confirmed Inspiration match,Electrada only,ELC-3607,2026-06-29
,Gulfport Depot,Gulfport Waste & Recycling,OH,21,97.22,7,63,20355,85,Net New,No confirmed Inspiration match,Electrada only,ELC-3611,2026-06-29
,Union MS Fleet Center,Union MS Distribution,KY,4,96.32,6,12,34317,28,Net New,No confirmed Inspiration match,Electrada only,ELC-3616,2026-06-29
INS-777,Amory Logistics Center,Amory Leasing Corporation,TN,11,96.02,5,22,77272,64,Net New,No confirmed Electrada match,Inspiration only,,2026-06-29
INS-783,West Point MS Service Center,West Point MS Utility Cooperative,ID,10,98.02,0,20,59195,41,Net New,No confirmed Electrada match,Inspiration only,,2026-06-29
INS-788,Yazoo City Logistics Hub,Yazoo City Utility Cooperative,SC,11,95.22,3,33,38320,26,Net New,No confirmed Electrada match,Inspiration only,,2026-06-29
INS-795,Batesville MS Logistics Hub,Batesville MS Freight Lines,KS,8,95.52,0,24,40013,42,Net New,No confirmed Electrada match,Inspiration only,,2026-06-29
INS-801,Brookhaven Service Center,Brookhaven Auto Parts Distribution,IL,30,91.62,0,120,32715,90,Net New,No confirmed Electrada match,Inspiration only,,2026-06-29
INS-804,Biloxi Distribution Hub,Biloxi Food Service Distribution,FL,9,93.72,3,27,30094,29,Net New,No confirmed Electrada match,Inspiration only,,2026-06-29
INS-811,Byhalia Fleet Center,Byhalia Airport Authority,DE,14,92.72,4,28,64257,27,Net New,No confirmed Electrada match,Inspiration only,,2026-06-29
INS-815,Olive Branch Fleet Center,Olive Branch Utility Cooperative,MA,24,96.32,2,72,45715,23,Net New,No confirmed Electrada match,Inspiration only,,2026-06-29
INS-816,New Albany MS Yard,New Albany MS Distribution,CA,4,89.1,6,12,39676,65,Auto-Merged,"Region match is true, name similarity is 0.92, and uptime delta is below 3%. | Source values - Inspiration uptime: 89.4%, Electrada uptime: 88.0%, Inspiration chargers: 4, Electrada chargers: 4",Both,ELC-3630,2026-06-29
INS-819,Southaven Service Center,Southaven Parcel Delivery,NY,6,90.1,0,24,41644,83,Auto-Merged,"Region match is true, name similarity is 0.8, and uptime delta is below 3%. | Source values - Inspiration uptime: 90.1%, Electrada uptime: 89.7%, Inspiration chargers: 6, Electrada chargers: 6",Both,ELC-3641,2026-06-29
INS-825,Oxford MS Yard,Oxford MS Beverage Co.,WI,19,93.1,1,76,33098,65,Conflict - Needs Resolution,"Region match is true and name similarity is 0.78, but uptime delta exceeds 3%. | Source values - Inspiration uptime: 93.1%, Electrada uptime: 89.3%, Inspiration chargers: 19, Electrada chargers: 19",Both,ELC-3642,2026-06-29
INS-826,Hernando Service Center,Hernando Leasing Corporation,TX,28,89.3,6,56,60906,31,Auto-Merged,"Region match is true, name similarity is 0.85, and uptime delta is below 3%. | Source values - Inspiration uptime: 89.2%, Electrada uptime: 86.8%, Inspiration chargers: 28, Electrada chargers: 28",Both,ELC-3646,2026-06-29
INS-832,Hattiesburg Fleet Center,Hattiesburg Telecom Services,UT,24,95.4,1,72,75637,61,Auto-Merged,"Region match is true, name similarity is 0.77, and uptime delta is below 3%. | Source values - Inspiration uptime: 94.7%, Electrada uptime: 92.8%, Inspiration chargers: 24, Electrada chargers: 24",Both,ELC-3660,2026-06-29
INS-841,Grenada Logistics Center,Grenada Food Service Distribution,IL,5,91.7,1,20,27557,70,Auto-Merged,"Region match is true, name similarity is 0.83, and uptime delta is below 3%. | Source values - Inspiration uptime: 92.4%, Electrada uptime: 91.7%, Inspiration chargers: 5, Electrada chargers: 5",Both,ELC-3662,2026-06-29
INS-846,Pontotoc Logistics Hub,Pontotoc Telecom Services,NV,16,97.8,2,48,62844,25,Auto-Merged,"Region match is true, name similarity is 0.9, and uptime delta is below 3%. | Source values - Inspiration uptime: 97.3%, Electrada uptime: 95.1%, Inspiration chargers: 16, Electrada chargers: 16",Both,ELC-3673,2026-06-29
,Thibodaux Depot,Thibodaux Parcel Delivery,IA,25,94.52,2,50,53036,69,Net New,No confirmed Inspiration match,Electrada only,ELC-3676,2026-06-29
,Covington LA Logistics Center,Covington LA School District,AZ,23,93.52,4,46,55259,26,Net New,No confirmed Inspiration match,Electrada only,ELC-3686,2026-06-29
,Port Allen Depot,Port Allen Leasing Corporation,MS,30,95.42,6,120,77065,80,Net New,No confirmed Inspiration match,Electrada only,ELC-3692,2026-06-29
,Gonzales Logistics Hub,Gonzales Waste & Recycling,UT,30,95.22,0,60,24588,27,Net New,No confirmed Inspiration match,Electrada only,ELC-3703,2026-06-29
,Marksville Yard,Marksville Parcel Delivery,IA,17,89.92,4,68,48351,65,Net New,No confirmed Inspiration match,Electrada only,ELC-3718,2026-06-29
,Franklinton Logistics Hub,Franklinton Beverage Co.,IL,29,91.52,6,58,71806,26,Net New,No confirmed Inspiration match,Electrada only,ELC-3725,2026-06-29
,Minden Distribution Hub,Minden Airport Authority,CA,7,94.22,3,21,28065,46,Net New,No confirmed Inspiration match,Electrada only,ELC-3740,2026-06-29
,Franklin LA Depot,Franklin LA Freight Lines,CA,6,90.92,4,24,77767,54,Net New,No confirmed Inspiration match,Electrada only,ELC-3741,2026-06-29
,Bossier City Depot,Bossier City Airport Authority,VT,18,92.82,0,36,53031,54,Net New,No confirmed Inspiration match,Electrada only,ELC-3750,2026-06-29
,Jennings Logistics Center,Jennings Leasing Corporation,KS,22,97.52,4,66,33134,64,Net New,No confirmed Inspiration match,Electrada only,ELC-3752,2026-06-29
,Bogalusa Yard,Bogalusa Courier Services,SD,22,96.22,3,88,24345,69,Net New,No confirmed Inspiration match,Electrada only,ELC-3757,2026-06-29
,White Castle Yard,White Castle Leasing Corporation,AZ,17,92.92,2,34,32199,68,Net New,No confirmed Inspiration match,Electrada only,ELC-3763,2026-06-29
,Abbeville LA Service Center,Abbeville LA Airport Authority,UT,8,90.52,1,32,20206,82,Net New,No confirmed Inspiration match,Electrada only,ELC-3773,2026-06-29
,Livonia LA Logistics Center,Livonia LA Utility Cooperative,OK,22,95.22,1,88,28560,81,Net New,No confirmed Inspiration match,Electrada only,ELC-3786,2026-06-29
,Many LA Fleet Center,Many LA Courier Services,RI,26,97.02,1,78,49350,47,Net New,No confirmed Inspiration match,Electrada only,ELC-3789,2026-06-29
,Kentwood Service Center,Kentwood Waste & Recycling,CO,26,92.42,3,78,22577,69,Net New,No confirmed Inspiration match,Electrada only,ELC-3803,2026-06-29
,Springhill LA Service Center,Springhill LA Airport Authority,CT,26,98.42,4,78,61538,84,Net New,No confirmed Inspiration match,Electrada only,ELC-3811,2026-06-29
,Vinton LA Fleet Center,Vinton LA Distribution,AL,6,93.12,4,12,46663,85,Net New,No confirmed Inspiration match,Electrada only,ELC-3816,2026-06-29
,New Iberia Logistics Center,New Iberia Equipment Rental,NC,15,93.32,4,30,70788,62,Net New,No confirmed Inspiration match,Electrada only,ELC-3829,2026-06-29
,Ponchatoula Logistics Center,Ponchatoula Telecom Services,AZ,6,95.72,6,12,22403,90,Net New,No confirmed Inspiration match,Electrada only,ELC-3835,2026-06-29
,Colfax LA Fleet Center,Colfax LA Telecom Services,MO,19,96.62,2,38,54088,84,Net New,No confirmed Inspiration match,Electrada only,ELC-3844,2026-06-29
,Plaquemine Logistics Center,Plaquemine Freight Lines,ID,13,98.12,6,52,47192,40,Net New,No confirmed Inspiration match,Electrada only,ELC-3847,2026-06-29
INS-854,Slidell Logistics Center,Slidell Telecom Services,MA,16,95.82,6,32,26851,35,Net New,No confirmed Electrada match,Inspiration only,,2026-06-29
INS-862,Farmerville Logistics Center,Farmerville Leasing Corporation,DE,6,95.72,0,18,50131,27,Net New,No confirmed Electrada match,Inspiration only,,2026-06-29
INS-871,Oakdale LA Logistics Hub,Oakdale LA Airport Authority,CA,12,96.92,1,48,61665,85,Net New,No confirmed Electrada match,Inspiration only,,2026-06-29
INS-875,Bunkie Distribution Hub,Bunkie Logistics,AZ,7,99.52,2,14,29547,68,Net New,No confirmed Electrada match,Inspiration only,,2026-06-29
INS-881,Crowley LA Fleet Center,Crowley LA Telecom Services,NC,30,95.72,0,60,43043,23,Net New,No confirmed Electrada match,Inspiration only,,2026-06-29
INS-889,Walker LA Yard,Walker LA Beverage Co.,MN,16,98.02,5,48,42451,48,Net New,No confirmed Electrada match,Inspiration only,,2026-06-29
INS-897,DeRidder Yard,DeRidder Freight Lines,DE,4,91.92,6,12,18574,88,Net New,No confirmed Electrada match,Inspiration only,,2026-06-29
INS-906,Sulphur Service Center,Sulphur Telecom Services,PA,12,95.02,2,24,32493,83,Net New,No confirmed Electrada match,Inspiration only,,2026-06-29
INS-909,Bastrop LA Distribution Hub,Bastrop LA Beverage Co.,GA,14,98.12,4,56,45148,69,Net New,No confirmed Electrada match,Inspiration only,,2026-06-29
INS-915,Springfield LA Yard,Springfield LA Telecom Services,WY,25,97.72,6,100,12385,64,Net New,No confirmed Electrada match,Inspiration only,,2026-06-29
INS-916,Vivian LA Logistics Center,Vivian LA Auto Parts Distribution,NM,4,89.8,4,12,65190,75,Conflict - Needs Resolution,"Region match is true and name similarity is 0.81, but uptime delta exceeds 3%. | Source values - Inspiration uptime: 89.8%, Electrada uptime: 84.8%, Inspiration chargers: 4, Electrada chargers: 4",Both,ELC-3861,2026-06-29
INS-926,Denham Springs Charging Hub,Denham Springs Beverage Co.,SD,15,89.2,3,30,15593,39,Conflict - Needs Resolution,"Region match is true and name similarity is 0.72, but uptime delta exceeds 3%. | Source values - Inspiration uptime: 89.2%, Electrada uptime: 85.2%, Inspiration chargers: 15, Electrada chargers: 15",Both,ELC-3867,2026-06-29
INS-932,Donaldsonville Yard,Donaldsonville School District,NM,5,94.7,3,10,13015,89,Conflict - Needs Resolution,"Region match is true and name similarity is 0.69, but uptime delta exceeds 3%. | Source values - Inspiration uptime: 94.7%, Electrada uptime: 90.9%, Inspiration chargers: 5, Electrada chargers: 5",Both,ELC-3874,2026-06-29
INS-939,Pineville Charging Hub,Pineville Distribution,AZ,23,97.6,4,46,77358,60,Auto-Merged,"Region match is true, name similarity is 0.86, and uptime delta is below 3%. | Source values - Inspiration uptime: 98.0%, Electrada uptime: 95.8%, Inspiration chargers: 23, Electrada chargers: 23",Both,ELC-3875,2026-06-29
,Kerrville Charging Hub,Kerrville Equipment Rental,NH,14,94.22,0,28,68446,70,Net New,No confirmed Inspiration match,Electrada only,ELC-3886,2026-06-29
,Andrews TX Yard,Andrews TX Equipment Rental,OH,20,96.22,2,40,50064,68,Net New,No confirmed Inspiration match,Electrada only,ELC-3895,2026-06-29
,Temple TX Charging Hub,Temple TX Courier Services,MS,22,92.32,2,88,71766,58,Net New,No confirmed Inspiration match,Electrada only,ELC-3910,2026-06-29
,Kermit Service Center,Kermit Utility Cooperative,OH,17,95.22,0,51,56339,34,Net New,No confirmed Inspiration match,Electrada only,ELC-3925,2026-06-29
,Lockhart Logistics Hub,Lockhart Leasing Corporation,NM,10,90.62,6,40,29441,52,Net New,No confirmed Inspiration match,Electrada only,ELC-3936,2026-06-29
,Round Rock Depot,Round Rock Food Service Distribution,NE,17,95.62,6,51,16036,75,Net New,No confirmed Inspiration match,Electrada only,ELC-3938,2026-06-29
,Sanderson Logistics Center,Sanderson Beverage Co.,TN,6,91.62,4,12,44998,60,Net New,No confirmed Inspiration match,Electrada only,ELC-3939,2026-06-29
,Eldorado TX Distribution Hub,Eldorado TX Airport Authority,PA,9,99.62,5,18,25475,88,Net New,No confirmed Inspiration match,Electrada only,ELC-3953,2026-06-29
,Comanche Logistics Hub,Comanche Beverage Co.,NM,14,91.92,1,42,21728,55,Net New,No confirmed Inspiration match,Electrada only,ELC-3962,2026-06-29
,Seminole TX Distribution Hub,Seminole TX Airport Authority,RI,20,91.42,6,80,75561,81,Net New,No confirmed Inspiration match,Electrada only,ELC-3965,2026-06-29
,Alpine TX Charging Hub,Alpine TX Leasing Corporation,NC,17,91.32,3,51,45939,23,Net New,No confirmed Inspiration match,Electrada only,ELC-3979,2026-06-29
,New Braunfels Distribution Hub,New Braunfels Parcel Delivery,NE,27,97.12,5,108,11350,36,Net New,No confirmed Inspiration match,Electrada only,ELC-3983,2026-06-29
,Sonora TX Yard,Sonora TX Beverage Co.,GA,29,95.32,6,58,48499,62,Net New,No confirmed Inspiration match,Electrada only,ELC-3988,2026-06-29
,Fredericksburg TX Distribution Hub,Fredericksburg TX Parcel Delivery,IL,26,97.02,1,52,33856,28,Net New,No confirmed Inspiration match,Electrada only,ELC-3995,2026-06-29
,Killeen East Yard,Killeen East Parcel Delivery,OK,21,96.52,5,42,43727,60,Net New,No confirmed Inspiration match,Electrada only,ELC-4008,2026-06-29
,Stephenville Service Center,Stephenville Logistics,OH,14,90.32,2,42,12133,77,Net New,No confirmed Inspiration match,Electrada only,ELC-4018,2026-06-29
,Ballinger Fleet Center,Ballinger Utility Cooperative,LA,22,92.42,0,88,11142,51,Net New,No confirmed Inspiration match,Electrada only,ELC-4021,2026-06-29
,Elgin TX Depot,Elgin TX School District,NC,22,98.52,2,44,66313,67,Net New,No confirmed Inspiration match,Electrada only,ELC-4023,2026-06-29
,Mason TX Depot,Mason TX Freight Lines,MD,23,95.72,5,46,45300,90,Net New,No confirmed Inspiration match,Electrada only,ELC-4034,2026-06-29
,Hamilton TX Depot,Hamilton TX Distribution,AZ,18,93.52,4,54,62240,76,Net New,No confirmed Inspiration match,Electrada only,ELC-4045,2026-06-29
INS-946,Waco South Logistics Hub,Waco South Freight Lines,IA,25,97.22,5,75,66193,81,Net New,No confirmed Electrada match,Inspiration only,,2026-06-29
INS-956,Monahans Depot,Monahans School District,AL,7,93.22,1,21,71792,67,Net New,No confirmed Electrada match,Inspiration only,,2026-06-29
INS-960,Belton Yard,Belton Courier Services,TN,8,91.42,4,24,43064,21,Net New,No confirmed Electrada match,Inspiration only,,2026-06-29
INS-968,Bastrop TX Logistics Center,Bastrop TX Logistics,MO,23,95.12,4,46,10476,35,Net New,No confirmed Electrada match,Inspiration only,,2026-06-29
INS-976,Copperas Cove Depot,Copperas Cove Courier Services,AZ,26,95.32,4,78,78286,27,Net New,No confirmed Electrada match,Inspiration only,,2026-06-29
INS-984,Cedar Park Service Center,Cedar Park Food Service Distribution,RI,8,92.12,0,24,49076,64,Net New,No confirmed Electrada match,Inspiration only,,2026-06-29
INS-991,Granbury Service Center,Granbury Utility Cooperative,NH,16,99.42,3,64,16797,56,Net New,No confirmed Electrada match,Inspiration only,,2026-06-29
INS-995,Georgetown TX Charging Hub,Georgetown TX Beverage Co.,IN,28,92.42,3,56,66955,56,Net New,No confirmed Electrada match,Inspiration only,,2026-06-29
INS-998,Coleman TX Logistics Center,Coleman TX Utility Cooperative,VA,23,98.02,0,46,72294,60,Net New,No confirmed Electrada match,Inspiration only,,2026-06-29
INS-1000,Burnet Service Center,Burnet Food Service Distribution,NE,11,97.12,5,44,15058,43,Net New,No confirmed Electrada match,Inspiration only,,2026-06-29
INS-1007,Weatherford TX Depot,Weatherford TX Freight Lines,MO,14,91.2,1,42,77948,53,Conflict - Needs Resolution,"Region match is true and name similarity is 0.6, but uptime delta exceeds 3%. | Source values - Inspiration uptime: 91.2%, Electrada uptime: 86.4%, Inspiration chargers: 14, Electrada chargers: 14",Both,ELC-4056,2026-06-29
INS-1013,Leander Charging Hub,Leander Waste & Recycling,IN,24,90.4,6,48,61683,51,Conflict - Needs Resolution,"Region match is true and name similarity is 0.65, but uptime delta exceeds 3%. | Source values - Inspiration uptime: 90.4%, Electrada uptime: 84.1%, Inspiration chargers: 24, Electrada chargers: 24",Both,ELC-4062,2026-06-29
INS-1015,Fort Stockton Depot,Fort Stockton Distribution,LA,20,90.7,1,40,75863,86,Conflict - Needs Resolution,"Region match is true and name similarity is 0.7, but uptime delta exceeds 3%. | Source values - Inspiration uptime: 90.7%, Electrada uptime: 82.4%, Inspiration chargers: 20, Electrada chargers: 20",Both,ELC-4075,2026-06-29
INS-1024,Gatesville Distribution Hub,Gatesville Distribution,NC,27,94.5,4,108,23716,28,Conflict - Needs Resolution,"Region match is true and name similarity is 0.75, but uptime delta exceeds 3%. | Source values - Inspiration uptime: 94.5%, Electrada uptime: 90.2%, Inspiration chargers: 27, Electrada chargers: 27",Both,ELC-4079,2026-06-29
INS-1026,Mineral Wells Service Center,Mineral Wells Beverage Co.,WI,30,88.4,0,60,31381,80,Conflict - Needs Resolution,"Region match is true and name similarity is 0.8, but uptime delta exceeds 3%. | Source values - Inspiration uptime: 88.4%, Electrada uptime: 79.9%, Inspiration chargers: 30, Electrada chargers: 30",Both,ELC-4090,2026-06-29
INS-1028,Pflugerville Yard,Pflugerville Courier Services,IL,18,88.7,5,36,59623,52,Conflict - Needs Resolution,"Region match is true and name similarity is 0.84, but uptime delta exceeds 3%. | Source values - Inspiration uptime: 88.7%, Electrada uptime: 84.9%, Inspiration chargers: 18, Electrada chargers: 18",Both,ELC-4094,2026-06-29
INS-1031,Menard Depot,Menard Leasing Corporation,MN,8,95.3,3,32,67239,49,Auto-Merged,"Region match is true, name similarity is 0.81, and uptime delta is below 3%. | Source values - Inspiration uptime: 95.3%, Electrada uptime: 93.1%, Inspiration chargers: 8, Electrada chargers: 8",Both,ELC-4105,2026-06-29
INS-1037,Cleburne Yard,Cleburne Leasing Corporation,ME,10,92.1,4,20,28128,53,Auto-Merged,"Region match is true, name similarity is 0.89, and uptime delta is below 3%. | Source values - Inspiration uptime: 92.1%, Electrada uptime: 92.0%, Inspiration chargers: 10, Electrada chargers: 10",Both,ELC-4109,2026-06-29
INS-006,Houston Logistics Hub,Ferguson Enterprises,TX,12,95.9,1,34,15614,60,Conflict - Needs Resolution,"Region match is true and name similarity is 0.75, but uptime delta exceeds 3%. | Source values - Inspiration uptime: 95.9%, Electrada uptime: 89.5%, Inspiration chargers: 12, Electrada chargers: 12",Both,ELC-1190,06/30/2026
INS-008,Charlotte Depot North,Salem Leasing Corporation,NC,6,97.7,3,15,16144,70,Auto-Merged,"Region match is true, name similarity is 0.81, and uptime delta is below 3%. | Source values - Inspiration uptime: 97.7%, Electrada uptime: 97.3%, Inspiration chargers: 6, Electrada chargers: 6",Both,ELC-1196,06/30/2026
INS-014,Madison Distribution Hub,Madison Food Service Distribution,WI,6,94.5,2,12,20994,74,Conflict - Needs Resolution,"Region match is true and name similarity is 0.78, but uptime delta exceeds 3%. | Source values - Inspiration uptime: 94.5%, Electrada uptime: 86.3%, Inspiration chargers: 6, Electrada chargers: 6",Both,ELC-1217,06/30/2026
INS-019,Dallas Fleet Center,Dallas Airport Authority,TX,15,92.8,4,30,39963,43,Auto-Merged,"Region match is true, name similarity is 0.68, and uptime delta is below 3%. | Source values - Inspiration uptime: 92.8%, Electrada uptime: 92.7%, Inspiration chargers: 15, Electrada chargers: 15",Both,ELC-1216,06/30/2026
INS-037,Trenton Logistics Center,Trenton Auto Parts Distribution,NJ,23,89.8,5,69,41638,33,Conflict - Needs Resolution,"Region match is true and name similarity is 0.75, but uptime delta exceeds 3%. | Source values - Inspiration uptime: 89.8%, Electrada uptime: 81.9%, Inspiration chargers: 23, Electrada chargers: 23",Both,ELC-1201,06/30/2026
INS-038,Charleston Depot,Charleston Construction Supply,SC,30,94.1,2,90,68974,75,Conflict - Needs Resolution,"Region match is true and name similarity is 0.71, but uptime delta exceeds 3%. | Source values - Inspiration uptime: 94.1%, Electrada uptime: 99.9%, Inspiration chargers: 30, Electrada chargers: 30",Both,ELC-1211,06/30/2026
INS-048,New Orleans Fleet Center,New Orleans Freight Lines,LA,4,93.7,4,8,23425,85,Auto-Merged,"Region match is true, name similarity is 0.75, and uptime delta is below 3%. | Source values - Inspiration uptime: 93.7%, Electrada uptime: 92.2%, Inspiration chargers: 4, Electrada chargers: 5",Both,ELC-1206,06/30/2026
INS-049,Aurora Distribution Hub,Aurora Waste & Recycling,CO,30,91.2,5,120,26267,31,Conflict - Needs Resolution,"Region match is true and name similarity is 0.77, but uptime delta exceeds 3%. | Source values - Inspiration uptime: 91.2%, Electrada uptime: 97.7%, Inspiration chargers: 30, Electrada chargers: 30",Both,ELC-1205,06/30/2026
INS-053,Annapolis Distribution Hub,Annapolis Parcel Delivery,MD,13,94.5,0,39,23237,67,Auto-Merged,"Region match is true, name similarity is 0.79, and uptime delta is below 3%. | Source values - Inspiration uptime: 94.5%, Electrada uptime: 95.8%, Inspiration chargers: 13, Electrada chargers: 13",Both,ELC-1202,06/30/2026
INS-061,Toledo Yard,Toledo Regional Grocery Chain,OH,28,99.9,0,56,12080,74,Conflict - Needs Resolution,"Region match is true and name similarity score of 0.64 meets the threshold, but uptime delta of 6.4% exceeds the 3% limit. | Source values - Inspiration uptime: 99.9%, Electrada uptime: 93.5%, Inspiration chargers: 28, Electrada chargers: 27",Both,ELC-1203,06/30/2026
INS-063,Eugene Fleet Center,Eugene Equipment Rental,OR,20,94.3,3,40,20106,23,Conflict - Needs Resolution,"Region match is true and name similarity score of 0.68 meets the threshold, but uptime delta of 7.9% exceeds the 3% limit. | Source values - Inspiration uptime: 94.3%, Electrada uptime: 86.4%, Inspiration chargers: 20, Electrada chargers: 20",Both,ELC-1213,06/30/2026
INS-067,Birmingham Service Center,Birmingham Airport Authority,AL,16,93.2,4,32,10983,67,Conflict - Needs Resolution,"Region match is true and name similarity score of 0.76 meets the threshold, but uptime delta of 6.7% exceeds the 3% limit. | Source values - Inspiration uptime: 93.2%, Electrada uptime: 99.9%, Inspiration chargers: 16, Electrada chargers: 16",Both,ELC-1219,06/30/2026
INS-077,Arlington Service Center,Arlington Grocery Supply,VA,12,98.7,0,48,17084,57,Auto-Merged,"Region match is true, name similarity score of 0.75 meets the threshold, and uptime delta of 1.5% is below the 3% limit. | Source values - Inspiration uptime: 98.7%, Electrada uptime: 97.2%, Inspiration chargers: 12, Electrada chargers: 13",Both,ELC-1200,06/30/2026
INS-081,Columbia Logistics Center,Columbia Waste & Recycling,SC,13,90.3,5,39,15171,74,Auto-Merged,"Region match is true, name similarity score of 0.76 meets the threshold, and uptime delta of 0.1% is below the 3% limit. | Source values - Inspiration uptime: 90.3%, Electrada uptime: 90.2%, Inspiration chargers: 13, Electrada chargers: 13",Both,ELC-1210,06/30/2026
INS-082,Trenton Yard,Trenton Telecom Services,NJ,30,93.7,2,60,15479,44,Auto-Merged,"Region match is true, name similarity score of 0.67 meets the threshold, and uptime delta of 0.3% is below the 3% limit. | Source values - Inspiration uptime: 93.7%, Electrada uptime: 94%, Inspiration chargers: 30, Electrada chargers: 29",Both,ELC-1212,06/30/2026
INS-087,Phoenix Charging Hub,Phoenix Auto Parts Distribution,AZ,17,95.5,2,51,47419,60,Auto-Merged,"Region match is true, name similarity score of 0.74 meets the threshold, and uptime delta of 0.8% is below the 3% limit. | Source values - Inspiration uptime: 95.5%, Electrada uptime: 96.3%, Inspiration chargers: 17, Electrada chargers: 17",Both,ELC-1208,06/30/2026
INS-088,Boston Charging Hub,Boston Telecom Services,MA,9,96,1,36,42090,74,Conflict - Needs Resolution,"Region match is true and name similarity is 0.73, but uptime delta is 3.9, which is 3 or greater. | Source values - Inspiration uptime: 96%, Electrada uptime: 99.9%, Inspiration chargers: 9, Electrada chargers: 9",Both,ELC-1207,06/30/2026
INS-109,St. Paul Service Center,St. Paul Beverage Co.,MN,23,99.9,0,46,42077,28,Auto-Merged,"Region match is true, name similarity is 0.74, and uptime delta is 0. | Source values - Inspiration uptime: 99.9%, Electrada uptime: 99.9%, Inspiration chargers: 23, Electrada chargers: 23",Both,ELC-1204,06/30/2026
INS-110,Boston Logistics Center,Boston Waste & Recycling,MA,19,91.4,3,38,34955,85,Auto-Merged,"Region match is true, name similarity is 0.74, and uptime delta is 0.3. | Source values - Inspiration uptime: 91.4%, Electrada uptime: 91.1%, Inspiration chargers: 19, Electrada chargers: 19",Both,ELC-1214,06/30/2026
INS-113,Savannah Charging Hub,Savannah Parcel Delivery,GA,30,95.9,1,120,25942,38,Auto-Merged,"Region match is true, name similarity is 0.75, and uptime delta is 0.3. | Source values - Inspiration uptime: 95.9%, Electrada uptime: 96.2%, Inspiration chargers: 30, Electrada chargers: 29",Both,ELC-1218,06/30/2026
INS-122,Knoxville Logistics Center,Knoxville Waste & Recycling,TN,5,99.1,1,20,43192,24,Auto-Merged,"Region match is true, name similarity is 0.77, and uptime delta is 0.8. | Source values - Inspiration uptime: 99.1%, Electrada uptime: 99.9%, Inspiration chargers: 5, Electrada chargers: 4",Both,ELC-1209,06/30/2026
INS-129,Madison Fleet Center,Madison Auto Parts Distribution,WI,27,92.2,2,54,38303,29,Conflict - Needs Resolution,"Region match is true and name similarity is 0.7, but uptime delta is 6.7, which is 3 or greater. | Source values - Inspiration uptime: 92.2%, Electrada uptime: 98.9%, Inspiration chargers: 27, Electrada chargers: 26",Both,ELC-1215,06/30/2026
INS-001,Revel Rideshare Hub – Brooklyn,Revel,NY,18,95.6,1,65,35611,27,Net New,No confirmed Electrada match,Inspiration only,,06/30/2026
INS-002,Revel Rideshare Hub – Queens,Revel,NY,14,95.9,1,48,37937,21,Net New,No confirmed Electrada match,Inspiration only,,06/30/2026
INS-003,PowerUp Point – Kansas City,Multi-Fleet Open Hub,MO,12,99.2,0,80,16186,24,Net New,No confirmed Electrada match,Inspiration only,,06/30/2026
INS-004,PowerUp Point – Pittsburgh,Multi-Fleet Open Hub,PA,8,95.3,0,41,20991,21,Net New,No confirmed Electrada match,Inspiration only,,06/30/2026
INS-005,Atlanta Municipal Fleet Yard,City of Atlanta,GA,10,92.9,3,30,23313,68,Net New,No confirmed Electrada match,Inspiration only,,06/30/2026
INS-007,Denver Transit Yard,Regional Transportation District,CO,15,89.7,6,40,27104,81,Net New,No confirmed Electrada match,Inspiration only,,06/30/2026
INS-009,Phoenix Service Yard,Comcast,AZ,8,94.3,3,22,16486,82,Net New,No confirmed Electrada match,Inspiration only,,06/30/2026
INS-010,Newark Distribution Center,P&G,NJ,20,97.7,1,52,43873,62,Net New,No confirmed Electrada match,Inspiration only,,06/30/2026
INS-011,Baltimore Distribution Hub,Baltimore Food Service Distribution,MD,23,96.4,2,69,20924,74,Net New,No confirmed Electrada match,Inspiration only,,06/30/2026
INS-012,Denver Service Center,Denver Parcel Delivery,CO,22,98.8,1,66,19717,59,Net New,No confirmed Electrada match,Inspiration only,,06/30/2026
INS-013,Macon Fleet Center,Macon Transit Authority,GA,8,99.4,0,32,12786,77,Net New,No confirmed Electrada match,Inspiration only,,06/30/2026
INS-015,St. Paul Fleet Center,St. Paul Equipment Rental,MN,16,98.2,2,48,23088,21,Net New,No confirmed Electrada match,Inspiration only,,06/30/2026
INS-016,Tucson Logistics Center,Tucson School District,AZ,11,92,2,33,16320,28,Net New,No confirmed Electrada match,Inspiration only,,06/30/2026
INS-017,Trenton Service Center,Trenton Construction Supply,NJ,8,99,1,24,17845,69,Net New,No confirmed Electrada match,Inspiration only,,06/30/2026
INS-018,Charlotte Distribution Hub,Charlotte Transit Authority,NC,11,86.7,6,44,57219,73,Net New,No confirmed Electrada match,Inspiration only,,06/30/2026
INS-020,Tacoma Yard,Tacoma Healthcare Network,WA,19,92.6,2,76,18420,83,Net New,No confirmed Electrada match,Inspiration only,,06/30/2026
INS-021,Nashville Service Center,Nashville Telecom Services,TN,5,99.9,1,20,27304,31,Net New,No confirmed Electrada match,Inspiration only,,06/30/2026
INS-022,Madison Distribution Hub,Madison School District,WI,12,99.2,1,36,16889,49,Net New,No confirmed Electrada match,Inspiration only,,06/30/2026
INS-023,Trenton Logistics Center,Trenton Courier Services,NJ,6,99.1,1,24,14229,56,Net New,No confirmed Electrada match,Inspiration only,,06/30/2026
INS-024,Mesa Logistics Center,Mesa Utility Cooperative,AZ,26,99.9,0,104,45964,71,Net New,No confirmed Electrada match,Inspiration only,,06/30/2026
INS-025,Norfolk Yard,Norfolk Transit Authority,VA,28,96.9,0,112,16603,70,Net New,No confirmed Electrada match,Inspiration only,,06/30/2026
INS-026,Tulsa Depot,Tulsa Parcel Delivery,OK,20,99.4,1,60,58311,85,Net New,No confirmed Electrada match,Inspiration only,,06/30/2026
INS-027,Queens Service Center,Queens Auto Parts Distribution,NY,18,97.2,1,54,11806,61,Net New,No confirmed Electrada match,Inspiration only,,06/30/2026
INS-028,Aurora Fleet Center,Aurora Grocery Supply,CO,10,89.1,5,30,13927,77,Net New,No confirmed Electrada match,Inspiration only,,06/30/2026
INS-029,New Orleans Distribution Hub,New Orleans Regional Grocery Chain,LA,16,96.4,3,48,16421,80,Net New,No confirmed Electrada match,Inspiration only,,06/30/2026
INS-030,Trenton Depot,Trenton Beverage Co.,NJ,9,89,6,18,24679,47,Net New,No confirmed Electrada match,Inspiration only,,06/30/2026
INS-031,New Orleans Depot,New Orleans Auto Parts Distribution,LA,19,93.8,3,76,28367,26,Net New,No confirmed Electrada match,Inspiration only,,06/30/2026
INS-032,Detroit Yard,Detroit Grocery Supply,MI,12,92.6,4,24,19249,81,Net New,No confirmed Electrada match,Inspiration only,,06/30/2026
INS-033,Oklahoma City Fleet Center,Oklahoma City Distribution,OK,15,99.5,0,60,23713,27,Net New,No confirmed Electrada match,Inspiration only,,06/30/2026
INS-034,Arlington Logistics Center,Arlington Logistics,VA,28,91.3,3,56,22823,64,Net New,No confirmed Electrada match,Inspiration only,,06/30/2026
INS-035,Springfield Logistics Center,Springfield Waste & Recycling,MO,5,92.2,6,20,43359,21,Net New,No confirmed Electrada match,Inspiration only,,06/30/2026
INS-036,Denver Fleet Center,Denver Freight Lines,CO,28,98.4,0,56,27451,59,Net New,No confirmed Electrada match,Inspiration only,,06/30/2026
INS-039,Cincinnati Charging Hub,Cincinnati Airport Authority,OH,10,91.6,3,20,17342,71,Net New,No confirmed Electrada match,Inspiration only,,06/30/2026
INS-040,Las Vegas Distribution Hub,Las Vegas Municipal Fleet Services,NV,27,88.2,7,54,54661,65,Net New,No confirmed Electrada match,Inspiration only,,06/30/2026
INS-041,Charleston Depot,Charleston Linen & Uniform Services,SC,14,91.6,4,28,29077,84,Net New,No confirmed Electrada match,Inspiration only,,06/30/2026
INS-042,Jersey City Fleet Center,Jersey City Logistics,NJ,14,96.7,3,56,21848,69,Net New,No confirmed Electrada match,Inspiration only,,06/30/2026
INS-043,Las Vegas Logistics Center,Las Vegas Beverage Co.,NV,12,99.9,2,36,16959,71,Net New,No confirmed Electrada match,Inspiration only,,06/30/2026
INS-044,Seattle Depot,Seattle Construction Supply,WA,22,97.5,3,66,26885,29,Net New,No confirmed Electrada match,Inspiration only,,06/30/2026
INS-045,Detroit Depot,Detroit Freight Lines,MI,24,98.4,1,96,16993,84,Net New,No confirmed Electrada match,Inspiration only,,06/30/2026
INS-046,Austin Fleet Center,Austin Construction Supply,TX,12,96.3,2,48,21793,65,Net New,No confirmed Electrada match,Inspiration only,,06/30/2026
INS-047,Brooklyn Fleet Center,Brooklyn Transit Authority,NY,13,91.5,5,26,57728,77,Net New,No confirmed Electrada match,Inspiration only,,06/30/2026
INS-050,Aurora Service Center,Aurora Grocery Supply,CO,27,90.9,6,108,28713,26,Net New,No confirmed Electrada match,Inspiration only,,06/30/2026
INS-051,Houston Logistics Center,Houston Cold Storage Logistics,TX,12,94.2,4,48,24810,33,Net New,No confirmed Electrada match,Inspiration only,,06/30/2026
INS-052,Charleston Depot,Charleston Distribution,SC,9,95.6,1,18,25966,76,Net New,No confirmed Electrada match,Inspiration only,,06/30/2026
INS-054,Colorado Springs Fleet Center,Colorado Springs Logistics,CO,12,97.2,0,24,21454,56,Net New,No confirmed Electrada match,Inspiration only,,06/30/2026
INS-055,Philadelphia Charging Hub,Philadelphia Cold Storage Logistics,PA,6,90.9,5,12,61373,86,Net New,No confirmed Electrada match,Inspiration only,,06/30/2026
INS-056,Greensboro Charging Hub,Greensboro Auto Parts Distribution,NC,8,92,3,16,27023,50,Net New,No confirmed Electrada match,Inspiration only,,06/30/2026
INS-057,Charlotte Depot,Charlotte Regional Grocery Chain,NC,29,99.1,1,116,26371,26,Net New,No confirmed Electrada match,Inspiration only,,06/30/2026
INS-058,St. Paul Charging Hub,St. Paul Waste & Recycling,MN,30,91.5,4,90,30260,70,Net New,No confirmed Electrada match,Inspiration only,,06/30/2026
INS-059,St. Louis Fleet Center,St. Louis Logistics,MO,29,98.8,3,116,32218,85,Net New,No confirmed Electrada match,Inspiration only,,06/30/2026
INS-060,Brooklyn Charging Hub,Brooklyn Freight Lines,NY,27,98.8,1,54,72371,79,Net New,No confirmed Electrada match,Inspiration only,,06/30/2026
INS-062,Milwaukee Charging Hub,Milwaukee Logistics,WI,5,96.4,1,15,31340,68,Net New,No confirmed Electrada match,Inspiration only,,06/30/2026
INS-064,Worcester Distribution Hub,Worcester Logistics,MA,18,99.4,2,36,13169,68,Net New,No confirmed Electrada match,Inspiration only,,06/30/2026
INS-065,Boston Logistics Center,Boston Beverage Co.,MA,6,98.5,2,18,28692,41,Net New,No confirmed Electrada match,Inspiration only,,06/30/2026
INS-066,Aurora Distribution Hub,Aurora Courier Services,CO,4,99.1,0,8,26642,74,Net New,No confirmed Electrada match,Inspiration only,,06/30/2026
INS-068,Columbia Logistics Center,Columbia Equipment Rental,SC,15,99.7,0,30,12954,82,Net New,No confirmed Electrada match,Inspiration only,,06/30/2026
INS-069,Lexington Yard,Lexington Distribution,KY,7,99.9,1,28,13573,87,Net New,No confirmed Electrada match,Inspiration only,,06/30/2026
INS-070,Chicago Fleet Center,Chicago Utility Cooperative,IL,4,96.1,1,16,31789,60,Net New,No confirmed Electrada match,Inspiration only,,06/30/2026
INS-071,Bakersfield Fleet Center,Bakersfield Airport Authority,CA,23,95.8,4,69,22797,85,Net New,No confirmed Electrada match,Inspiration only,,06/30/2026
INS-072,Grand Rapids Charging Hub,Grand Rapids Equipment Rental,MI,12,89.1,7,48,13327,70,Net New,No confirmed Electrada match,Inspiration only,,06/30/2026
INS-073,Philadelphia Logistics Center,Philadelphia Construction Supply,PA,16,99.9,1,32,24017,32,Net New,No confirmed Electrada match,Inspiration only,,06/30/2026
INS-074,Trenton Depot,Trenton Municipal Fleet Services,NJ,8,98.8,0,32,25602,60,Net New,No confirmed Electrada match,Inspiration only,,06/30/2026
INS-075,Chicago Distribution Hub,Chicago Utility Cooperative,IL,29,88.2,8,116,16109,88,Net New,No confirmed Electrada match,Inspiration only,,06/30/2026
INS-076,Tucson Fleet Center,Tucson Freight Lines,AZ,28,91.4,4,56,11031,87,Net New,No confirmed Electrada match,Inspiration only,,06/30/2026
INS-078,Lansing Logistics Center,Lansing Courier Services,MI,19,92,2,38,39711,33,Net New,No confirmed Electrada match,Inspiration only,,06/30/2026
INS-079,New Orleans Logistics Center,New Orleans Parcel Delivery,LA,8,88.4,5,32,45570,57,Net New,No confirmed Electrada match,Inspiration only,,06/30/2026
INS-080,Dallas Yard,Dallas Parcel Delivery,TX,5,94.1,2,20,42309,45,Net New,No confirmed Electrada match,Inspiration only,,06/30/2026
INS-083,Charleston Yard,Charleston Distribution,SC,10,89.2,5,30,21065,69,Net New,No confirmed Electrada match,Inspiration only,,06/30/2026
INS-084,Kansas City Yard,Kansas City Telecom Services,MO,17,94.5,2,51,28059,36,Net New,No confirmed Electrada match,Inspiration only,,06/30/2026
INS-085,Birmingham Service Center,Birmingham Grocery Supply,AL,10,91.8,5,20,21785,86,Net New,No confirmed Electrada match,Inspiration only,,06/30/2026
INS-086,Milwaukee Fleet Center,Milwaukee Parcel Delivery,WI,17,99.9,0,68,26446,58,Net New,No confirmed Electrada match,Inspiration only,,06/30/2026
INS-089,Eugene Distribution Hub,Eugene Utility Cooperative,OR,18,95.8,1,54,14596,68,Net New,No confirmed Electrada match,Inspiration only,,06/30/2026
INS-090,Tacoma Yard,Tacoma Equipment Rental,WA,6,95.3,1,12,28872,83,Net New,No confirmed Electrada match,Inspiration only,,06/30/2026
INS-091,Tucson Depot,Tucson Utility Cooperative,AZ,19,99.5,1,76,15571,47,Net New,No confirmed Electrada match,Inspiration only,,06/30/2026
INS-092,Columbus Service Center,Columbus Freight Lines,OH,27,96.4,1,54,57846,76,Net New,No confirmed Electrada match,Inspiration only,,06/30/2026
INS-093,Milwaukee Logistics Center,Milwaukee Freight Lines,WI,26,92.1,2,78,15397,32,Net New,No confirmed Electrada match,Inspiration only,,06/30/2026
INS-094,Macon Logistics Center,Macon Municipal Fleet Services,GA,29,87.1,6,87,22174,86,Net New,No confirmed Electrada match,Inspiration only,,06/30/2026
INS-095,Nashville Logistics Center,Nashville Equipment Rental,TN,28,96.9,1,84,23386,30,Net New,No confirmed Electrada match,Inspiration only,,06/30/2026
INS-096,Seattle Fleet Center,Seattle Parcel Delivery,WA,6,97.8,1,24,22632,82,Net New,No confirmed Electrada match,Inspiration only,,06/30/2026
INS-097,Las Vegas Distribution Hub,Las Vegas Beverage Co.,NV,23,96.3,3,69,11918,63,Net New,No confirmed Electrada match,Inspiration only,,06/30/2026
INS-098,Grand Rapids Logistics Center,Grand Rapids Auto Parts Distribution,MI,11,96.3,2,44,27775,36,Net New,No confirmed Electrada match,Inspiration only,,06/30/2026
INS-099,Philadelphia Yard,Philadelphia Food Service Distribution,PA,15,94.2,2,45,11256,73,Net New,No confirmed Electrada match,Inspiration only,,06/30/2026
INS-100,Las Vegas Fleet Center,Las Vegas Telecom Services,NV,16,99.3,0,48,25643,61,Net New,No confirmed Electrada match,Inspiration only,,06/30/2026
INS-101,St. Paul Depot,St. Paul Distribution,MN,4,87.4,5,12,18815,62,Net New,No confirmed Electrada match,Inspiration only,,06/30/2026
INS-102,Sacramento Logistics Center,Sacramento Auto Parts Distribution,CA,10,97.5,3,20,39716,34,Net New,No confirmed Electrada match,Inspiration only,,06/30/2026
INS-103,Louisville Yard,Louisville Waste & Recycling,KY,23,93.1,2,46,18341,34,Net New,No confirmed Electrada match,Inspiration only,,06/30/2026
INS-104,San Diego Distribution Hub,San Diego Cold Storage Logistics,CA,30,91.7,6,60,52133,74,Net New,No confirmed Electrada match,Inspiration only,,06/30/2026
INS-105,Cincinnati Yard,Cincinnati Distribution,OH,21,91.4,6,63,30699,65,Net New,No confirmed Electrada match,Inspiration only,,06/30/2026
INS-106,Spokane Depot,Spokane Freight Lines,WA,13,95.5,0,52,32211,77,Net New,No confirmed Electrada match,Inspiration only,,06/30/2026
INS-107,Grand Rapids Distribution Hub,Grand Rapids Logistics,MI,24,96.8,2,48,13471,62,Net New,No confirmed Electrada match,Inspiration only,,06/30/2026
INS-108,Oklahoma City Yard,Oklahoma City Healthcare Network,OK,15,99.9,3,45,26693,27,Net New,No confirmed Electrada match,Inspiration only,,06/30/2026
INS-111,Chicago Yard,Chicago Auto Parts Distribution,IL,16,99.9,3,64,25175,43,Net New,No confirmed Electrada match,Inspiration only,,06/30/2026
INS-112,Milwaukee Fleet Center,Milwaukee Courier Services,WI,22,99,1,44,65138,77,Net New,No confirmed Electrada match,Inspiration only,,06/30/2026
INS-114,Macon Charging Hub,Macon Auto Parts Distribution,GA,21,94.1,4,84,25049,70,Net New,No confirmed Electrada match,Inspiration only,,06/30/2026
INS-115,Grand Rapids Distribution Hub,Grand Rapids Regional Grocery Chain,MI,18,92.7,3,36,11927,83,Net New,No confirmed Electrada match,Inspiration only,,06/30/2026
INS-116,Lexington Service Center,Lexington Transit Authority,KY,16,95.1,3,32,25985,60,Net New,No confirmed Electrada match,Inspiration only,,06/30/2026
INS-117,Baton Rouge Service Center,Baton Rouge Linen & Uniform Services,LA,25,99.9,0,50,26778,50,Net New,No confirmed Electrada match,Inspiration only,,06/30/2026
INS-118,Reno Charging Hub,Reno Cold Storage Logistics,NV,4,96.4,0,8,52694,63,Net New,No confirmed Electrada match,Inspiration only,,06/30/2026
INS-119,Reno Fleet Center,Reno Equipment Rental,NV,25,97.8,1,50,50404,75,Net New,No confirmed Electrada match,Inspiration only,,06/30/2026
INS-120,Reno Distribution Hub,Reno Municipal Fleet Services,NV,12,85.5,8,48,78789,71,Net New,No confirmed Electrada match,Inspiration only,,06/30/2026
INS-121,Milwaukee Charging Hub,Milwaukee Telecom Services,WI,5,97.5,2,20,17335,79,Net New,No confirmed Electrada match,Inspiration only,,06/30/2026
INS-123,Rochester Service Center,Rochester Cold Storage Logistics,NY,27,95.7,2,81,32527,60,Net New,No confirmed Electrada match,Inspiration only,,06/30/2026
INS-124,Newark Fleet Center,Newark Transit Authority,NJ,27,91.8,3,54,35160,38,Net New,No confirmed Electrada match,Inspiration only,,06/30/2026
INS-125,Birmingham Depot,Birmingham Distribution,AL,8,94.1,1,24,72007,69,Net New,No confirmed Electrada match,Inspiration only,,06/30/2026
INS-126,Milwaukee Depot,Milwaukee Logistics,WI,4,99.4,1,16,23750,69,Net New,No confirmed Electrada match,Inspiration only,,06/30/2026
INS-127,Lansing Depot,Lansing Equipment Rental,MI,8,96.2,2,24,29892,46,Net New,No confirmed Electrada match,Inspiration only,,06/30/2026
INS-128,Atlanta Service Center,Atlanta Cold Storage Logistics,GA,25,99.9,1,75,43678,77,Net New,No confirmed Electrada match,Inspiration only,,06/30/2026
INS-130,Denver Yard,Denver Distribution,CO,4,97.3,3,16,21769,67,Net New,No confirmed Electrada match,Inspiration only,,06/30/2026
INS-131,Arlington Depot,Arlington Cold Storage Logistics,VA,24,90.7,5,48,26588,48,Net New,No confirmed Electrada match,Inspiration only,,06/30/2026
INS-132,Columbia Charging Hub,Columbia Healthcare Network,SC,27,89.4,4,81,22873,69,Net New,No confirmed Electrada match,Inspiration only,,06/30/2026
INS-133,Augusta Service Center,Augusta Parcel Delivery,GA,5,99.4,1,20,19357,45,Net New,No confirmed Electrada match,Inspiration only,,06/30/2026
INS-134,Eugene Depot,Eugene Equipment Rental,OR,10,99.9,1,20,19265,33,Net New,No confirmed Electrada match,Inspiration only,,06/30/2026
INS-135,Oklahoma City Logistics Center,Oklahoma City Transit Authority,OK,14,97.3,1,56,22735,18,Net New,No confirmed Electrada match,Inspiration only,,06/30/2026
INS-136,Salt Lake City Logistics Center,Salt Lake City Airport Authority,UT,11,98.2,1,44,21415,22,Net New,No confirmed Electrada match,Inspiration only,,06/30/2026
INS-137,Indianapolis Yard,Indianapolis School District,IN,4,99.5,0,8,15505,57,Net New,No confirmed Electrada match,Inspiration only,,06/30/2026
INS-138,Charlotte Logistics Center,Charlotte Beverage Co.,NC,5,99.2,1,10,18265,22,Net New,No confirmed Electrada match,Inspiration only,,06/30/2026
INS-139,Reno Logistics Center,Reno Waste & Recycling,NV,10,95.6,1,40,71268,61,Net New,No confirmed Electrada match,Inspiration only,,06/30/2026
INS-140,Charlotte Service Center,Charlotte Cold Storage Logistics,NC,13,95.8,0,39,62996,71,Net New,No confirmed Electrada match,Inspiration only,,06/30/2026
INS-141,Worcester Logistics Center,Worcester Distribution,MA,28,92,3,112,25129,19,Net New,No confirmed Electrada match,Inspiration only,,06/30/2026
INS-142,Baton Rouge Charging Hub,Baton Rouge Logistics,LA,20,98.8,3,40,28812,68,Net New,No confirmed Electrada match,Inspiration only,,06/30/2026
INS-143,Columbia Depot,Columbia Food Service Distribution,SC,9,89.6,4,27,12849,86,Net New,No confirmed Electrada match,Inspiration only,,06/30/2026
INS-144,Macon Fleet Center,Macon Transit Authority,GA,22,98.2,2,66,29470,65,Net New,No confirmed Electrada match,Inspiration only,,06/30/2026
INS-145,Pittsburgh Charging Hub,Pittsburgh Parcel Delivery,PA,9,99.7,0,18,30288,75,Net New,No confirmed Electrada match,Inspiration only,,06/30/2026
INS-146,Miami Charging Hub,Miami Healthcare Network,FL,27,98.5,3,54,26094,68,Net New,No confirmed Electrada match,Inspiration only,,06/30/2026
INS-147,Philadelphia Distribution Hub,Philadelphia Airport Authority,PA,20,98.3,0,80,42417,20,Net New,No confirmed Electrada match,Inspiration only,,06/30/2026
INS-148,Tampa Charging Hub,Tampa Linen & Uniform Services,FL,30,99.9,1,90,51111,84,Net New,No confirmed Electrada match,Inspiration only,,06/30/2026
INS-149,Jersey City Yard,Jersey City Freight Lines,NJ,11,97.6,2,44,34879,27,Net New,No confirmed Electrada match,Inspiration only,,06/30/2026
INS-150,Birmingham Yard,Birmingham Parcel Delivery,AL,14,97.3,0,56,20375,30,Net New,No confirmed Electrada match,Inspiration only,,06/30/2026
,Dallas Distribution Center,P&G,TX,20,99.7,1,52,77821,80,Net New,No confirmed Inspiration match,Electrada only,ELC-1191,06/30/2026
,Cincinnati HQ Depot,Electrada Corporate,OH,6,98.8,0,14,15812,69,Net New,No confirmed Inspiration match,Electrada only,ELC-1192,06/30/2026
,Nashville Comcast Service Center,Comcast,TN,9,93,3,21,15763,63,Net New,No confirmed Inspiration match,Electrada only,ELC-1193,06/30/2026
,Vanderbilt Campus Charging Hub,Vanderbilt University,TN,10,95.4,2,19,12372,81,Net New,No confirmed Inspiration match,Electrada only,ELC-1194,06/30/2026
,Columbus Ohio DOT Yard,Ohio Department of Transportation,OH,5,97,1,12,11181,62,Net New,No confirmed Inspiration match,Electrada only,ELC-1195,06/30/2026
,Memphis Freight Yard,FedEx Ground,TN,25,99.2,1,60,76717,66,Net New,No confirmed Inspiration match,Electrada only,ELC-1197,06/30/2026
,Holman Fleet Pilot Site,Ferguson / Holman Pilot Program,VA,7,91.7,4,16,16688,67,Net New,No confirmed Inspiration match,Electrada only,ELC-1198,06/30/2026
,Duke Energy Electrification Center,Duke Energy,NC,30,98.9,0,75,21101,24,Net New,No confirmed Inspiration match,Electrada only,ELC-1199,06/30/2026
,Lexington Depot,Lexington Utility Cooperative,KY,28,92.7,3,112,15912,72,Net New,No confirmed Inspiration match,Electrada only,ELC-1220,06/30/2026
,Orlando Charging Hub,Orlando Cold Storage Logistics,FL,34,87.4,7,102,15400,78,Net New,No confirmed Inspiration match,Electrada only,ELC-1221,06/30/2026
,Greensboro Depot,Greensboro Healthcare Network,NC,24,97.3,3,72,15188,68,Net New,No confirmed Inspiration match,Electrada only,ELC-1222,06/30/2026
,Cleveland Distribution Hub,Cleveland Freight Lines,OH,13,94.3,3,26,27859,64,Net New,No confirmed Inspiration match,Electrada only,ELC-1223,06/30/2026
,Tucson Yard,Tucson Construction Supply,AZ,9,91.8,2,36,31982,23,Net New,No confirmed Inspiration match,Electrada only,ELC-1224,06/30/2026
,Montgomery Logistics Center,Montgomery Regional Grocery Chain,AL,11,87.9,6,33,40507,49,Net New,No confirmed Inspiration match,Electrada only,ELC-1225,06/30/2026
,Baltimore Depot,Baltimore Courier Services,MD,35,97,2,140,61016,84,Net New,No confirmed Inspiration match,Electrada only,ELC-1226,06/30/2026
,Charleston Charging Hub,Charleston Regional Grocery Chain,SC,27,98,3,81,22957,78,Net New,No confirmed Inspiration match,Electrada only,ELC-1227,06/30/2026
,Minneapolis Yard,Minneapolis Logistics,MN,25,96.8,0,75,18495,81,Net New,No confirmed Inspiration match,Electrada only,ELC-1228,06/30/2026
,Minneapolis Fleet Center,Minneapolis Telecom Services,MN,27,94.2,3,81,27625,31,Net New,No confirmed Inspiration match,Electrada only,ELC-1229,06/30/2026
,Philadelphia Fleet Center,Philadelphia Telecom Services,PA,7,96,1,21,17151,87,Net New,No confirmed Inspiration match,Electrada only,ELC-1230,06/30/2026
,Orlando Service Center,Orlando Cold Storage Logistics,FL,25,93.8,4,50,24608,60,Net New,No confirmed Inspiration match,Electrada only,ELC-1231,06/30/2026
,New Orleans Depot,New Orleans Healthcare Network,LA,29,95.2,3,87,40566,21,Net New,No confirmed Inspiration match,Electrada only,ELC-1232,06/30/2026
,Baton Rouge Charging Hub,Baton Rouge Auto Parts Distribution,LA,9,96.1,2,18,25244,29,Net New,No confirmed Inspiration match,Electrada only,ELC-1233,06/30/2026
,Savannah Service Center,Savannah Distribution,GA,4,91.6,6,12,19948,66,Net New,No confirmed Inspiration match,Electrada only,ELC-1234,06/30/2026
,Detroit Depot,Detroit Telecom Services,MI,7,99.9,1,21,21947,81,Net New,No confirmed Inspiration match,Electrada only,ELC-1235,06/30/2026
,Fort Wayne Distribution Hub,Fort Wayne Municipal Fleet Services,IN,28,86.4,8,112,21757,61,Net New,No confirmed Inspiration match,Electrada only,ELC-1236,06/30/2026
,Toledo Charging Hub,Toledo Grocery Supply,OH,4,90.2,5,12,16993,23,Net New,No confirmed Inspiration match,Electrada only,ELC-1237,06/30/2026
,Phoenix Depot,Phoenix School District,AZ,21,94.9,1,84,27681,64,Net New,No confirmed Inspiration match,Electrada only,ELC-1238,06/30/2026
,Birmingham Service Center,Birmingham Equipment Rental,AL,35,93.3,4,105,26047,18,Net New,No confirmed Inspiration match,Electrada only,ELC-1239,06/30/2026
,Los Angeles Logistics Center,Los Angeles Cold Storage Logistics,CA,9,94.4,5,36,40936,21,Net New,No confirmed Inspiration match,Electrada only,ELC-1240,06/30/2026
,Springfield Logistics Center,Springfield Food Service Distribution,IL,34,98.7,1,136,25951,65,Net New,No confirmed Inspiration match,Electrada only,ELC-1241,06/30/2026
,St. Paul Fleet Center,St. Paul Courier Services,MN,21,97,2,63,31522,76,Net New,No confirmed Inspiration match,Electrada only,ELC-1242,06/30/2026
,Salt Lake City Charging Hub,Salt Lake City School District,UT,31,92.7,6,62,14929,69,Net New,No confirmed Inspiration match,Electrada only,ELC-1243,06/30/2026
,Baton Rouge Logistics Center,Baton Rouge Equipment Rental,LA,24,95.4,1,96,15692,73,Net New,No confirmed Inspiration match,Electrada only,ELC-1244,06/30/2026
,Oklahoma City Fleet Center,Oklahoma City Food Service Distribution,OK,35,99.9,0,105,13971,79,Net New,No confirmed Inspiration match,Electrada only,ELC-1245,06/30/2026
,Mesa Fleet Center,Mesa Parcel Delivery,AZ,7,94.3,3,14,25307,42,Net New,No confirmed Inspiration match,Electrada only,ELC-1246,06/30/2026
,Jersey City Fleet Center,Jersey City Beverage Co.,NJ,8,92.9,5,16,17250,88,Net New,No confirmed Inspiration match,Electrada only,ELC-1247,06/30/2026
,Springfield Fleet Center,Springfield Linen & Uniform Services,IL,16,95.7,0,64,63520,80,Net New,No confirmed Inspiration match,Electrada only,ELC-1248,06/30/2026
,Louisville Distribution Hub,Louisville Parcel Delivery,KY,27,97.7,0,54,21339,64,Net New,No confirmed Inspiration match,Electrada only,ELC-1249,06/30/2026
,Peoria Fleet Center,Peoria Logistics,IL,5,97.9,1,20,12143,72,Net New,No confirmed Inspiration match,Electrada only,ELC-1250,06/30/2026
,Detroit Service Center,Detroit Municipal Fleet Services,MI,12,96.1,0,36,30922,42,Net New,No confirmed Inspiration match,Electrada only,ELC-1251,06/30/2026
,Columbus Charging Hub,Columbus Distribution,OH,27,99.9,1,54,28929,23,Net New,No confirmed Inspiration match,Electrada only,ELC-1252,06/30/2026
,Buffalo Yard,Buffalo Food Service Distribution,NY,9,91.3,5,36,28921,28,Net New,No confirmed Inspiration match,Electrada only,ELC-1253,06/30/2026
,Orlando Logistics Center,Orlando Parcel Delivery,FL,20,97.7,0,80,19225,87,Net New,No confirmed Inspiration match,Electrada only,ELC-1254,06/30/2026
,Charleston Charging Hub,Charleston Distribution,SC,24,94.8,3,48,59581,83,Net New,No confirmed Inspiration match,Electrada only,ELC-1255,06/30/2026
,Louisville Yard,Louisville Courier Services,KY,20,94.3,1,60,11172,55,Net New,No confirmed Inspiration match,Electrada only,ELC-1256,06/30/2026
,Jersey City Logistics Center,Jersey City Grocery Supply,NJ,18,98.7,0,36,49159,83,Net New,No confirmed Inspiration match,Electrada only,ELC-1257,06/30/2026
,Macon Charging Hub,Macon Logistics,GA,32,99.1,0,64,17339,76,Net New,No confirmed Inspiration match,Electrada only,ELC-1258,06/30/2026
,Colorado Springs Distribution Hub,Colorado Springs Distribution,CO,32,94.5,4,128,17447,35,Net New,No confirmed Inspiration match,Electrada only,ELC-1259,06/30/2026
,Grand Rapids Depot,Grand Rapids Parcel Delivery,MI,21,92.7,3,42,22474,85,Net New,No confirmed Inspiration match,Electrada only,ELC-1260,06/30/2026
,Savannah Service Center,Savannah Linen & Uniform Services,GA,17,95.4,3,68,19223,30,Net New,No confirmed Inspiration match,Electrada only,ELC-1261,06/30/2026
,Jacksonville Charging Hub,Jacksonville Freight Lines,FL,10,92.6,2,20,49460,56,Net New,No confirmed Inspiration match,Electrada only,ELC-1262,06/30/2026
,Jersey City Fleet Center,Jersey City Telecom Services,NJ,32,99,0,64,52177,78,Net New,No confirmed Inspiration match,Electrada only,ELC-1263,06/30/2026
,Detroit Yard,Detroit Airport Authority,MI,15,98.9,0,30,10649,60,Net New,No confirmed Inspiration match,Electrada only,ELC-1264,06/30/2026
,Reno Charging Hub,Reno Freight Lines,NV,12,97.6,3,48,52594,74,Net New,No confirmed Inspiration match,Electrada only,ELC-1265,06/30/2026
,Phoenix Service Center,Phoenix Beverage Co.,AZ,30,99.9,2,120,28793,49,Net New,No confirmed Inspiration match,Electrada only,ELC-1266,06/30/2026
,Columbus Logistics Center,Columbus Airport Authority,OH,21,90.2,8,42,42403,65,Net New,No confirmed Inspiration match,Electrada only,ELC-1267,06/30/2026
,Charleston Service Center,Charleston Food Service Distribution,SC,26,92.4,4,104,19009,75,Net New,No confirmed Inspiration match,Electrada only,ELC-1268,06/30/2026
,Lexington Fleet Center,Lexington Food Service Distribution,KY,10,95.7,2,40,14345,63,Net New,No confirmed Inspiration match,Electrada only,ELC-1269,06/30/2026
,Dallas Depot,Dallas Beverage Co.,TX,15,97.5,1,60,28161,30,Net New,No confirmed Inspiration match,Electrada only,ELC-1270,06/30/2026
,Brooklyn Distribution Hub,Brooklyn Auto Parts Distribution,NY,33,98.3,1,132,36491,24,Net New,No confirmed Inspiration match,Electrada only,ELC-1271,06/30/2026
,Columbia Depot,Columbia Distribution,SC,33,92.4,5,99,17243,69,Net New,No confirmed Inspiration match,Electrada only,ELC-1272,06/30/2026
,Salt Lake City Logistics Center,Salt Lake City School District,UT,33,95.7,1,132,37738,44,Net New,No confirmed Inspiration match,Electrada only,ELC-1273,06/30/2026
,Milwaukee Fleet Center,Milwaukee Healthcare Network,WI,25,90.7,3,100,17477,75,Net New,No confirmed Inspiration match,Electrada only,ELC-1274,06/30/2026
,Tulsa Yard,Tulsa Construction Supply,OK,13,98.5,0,52,13458,55,Net New,No confirmed Inspiration match,Electrada only,ELC-1275,06/30/2026
,Miami Distribution Hub,Miami Linen & Uniform Services,FL,24,92.5,3,48,27723,84,Net New,No confirmed Inspiration match,Electrada only,ELC-1276,06/30/2026
,Minneapolis Charging Hub,Minneapolis Distribution,MN,21,97.5,2,84,28210,20,Net New,No confirmed Inspiration match,Electrada only,ELC-1277,06/30/2026
,Milwaukee Service Center,Milwaukee Transit Lines,WI,4,86.8,8,12,30471,25,Net New,No confirmed Inspiration match,Electrada only,ELC-1278,06/30/2026
,San Diego Yard,San Diego Linen & Uniform Services,CA,33,99,0,132,17030,87,Net New,No confirmed Inspiration match,Electrada only,ELC-1279,06/30/2026
,Greensboro Distribution Hub,Greensboro Airport Authority,NC,21,96.4,4,84,15692,69,Net New,No confirmed Inspiration match,Electrada only,ELC-1280,06/30/2026
,St. Paul Service Center,St. Paul Grocery Supply,MN,27,97.1,1,81,22829,48,Net New,No confirmed Inspiration match,Electrada only,ELC-1281,06/30/2026
,Tulsa Service Center,Tulsa Logistics,OK,18,97.9,1,72,17060,70,Net New,No confirmed Inspiration match,Electrada only,ELC-1282,06/30/2026
,Peoria Logistics Center,Peoria Telecom Services,IL,22,98.6,3,44,11298,59,Net New,No confirmed Inspiration match,Electrada only,ELC-1283,06/30/2026
,Madison Charging Hub,Madison Municipal Fleet Services,WI,28,97.3,0,56,17531,81,Net New,No confirmed Inspiration match,Electrada only,ELC-1284,06/30/2026
,Peoria Service Center,Peoria Utility Cooperative,IL,16,93.9,3,64,28745,24,Net New,No confirmed Inspiration match,Electrada only,ELC-1285,06/30/2026
,Montgomery Fleet Center,Montgomery Freight Lines,AL,12,94.9,3,36,23157,43,Net New,No confirmed Inspiration match,Electrada only,ELC-1286,06/30/2026
,Indianapolis Charging Hub,Indianapolis Airport Authority,IN,11,97.8,0,33,34439,40,Net New,No confirmed Inspiration match,Electrada only,ELC-1287,06/30/2026
,Philadelphia Distribution Hub,Philadelphia Healthcare Network,PA,28,95.8,2,112,39550,37,Net New,No confirmed Inspiration match,Electrada only,ELC-1288,06/30/2026
,Knoxville Logistics Center,Knoxville School District,TN,28,95.8,1,112,35612,33,Net New,No confirmed Inspiration match,Electrada only,ELC-1289,06/30/2026
,Chicago Logistics Center,Chicago Airport Authority,IL,7,95,0,21,23822,82,Net New,No confirmed Inspiration match,Electrada only,ELC-1290,06/30/2026
,Arlington Charging Hub,Arlington Regional Grocery Chain,VA,33,99.9,3,99,27423,55,Net New,No confirmed Inspiration match,Electrada only,ELC-1291,06/30/2026
,Portland Yard,Portland Linen & Uniform Services,OR,30,93.1,4,120,21901,86,Net New,No confirmed Inspiration match,Electrada only,ELC-1292,06/30/2026
,Tacoma Service Center,Tacoma Auto Parts Distribution,WA,9,98.2,1,18,16766,74,Net New,No confirmed Inspiration match,Electrada only,ELC-1293,06/30/2026
,Richmond Fleet Center,Richmond Waste & Recycling,VA,25,99.2,1,75,16686,87,Net New,No confirmed Inspiration match,Electrada only,ELC-1294,06/30/2026
,Mesa Depot,Mesa Grocery Supply,AZ,7,86.9,7,28,77346,57,Net New,No confirmed Inspiration match,Electrada only,ELC-1295,06/30/2026
,Charleston Charging Hub,Charleston Logistics,SC,4,99.9,3,8,11610,66,Net New,No confirmed Inspiration match,Electrada only,ELC-1296,06/30/2026
,Springfield Fleet Center,Springfield Food Service Distribution,MO,13,94,3,52,17381,28,Net New,No confirmed Inspiration match,Electrada only,ELC-1297,06/30/2026
,Arlington Logistics Center,Arlington Waste & Recycling,VA,8,96.5,1,24,16017,55,Net New,No confirmed Inspiration match,Electrada only,ELC-1298,06/30/2026
,Eugene Service Center,Eugene School District,OR,26,99.9,0,78,46517,59,Net New,No confirmed Inspiration match,Electrada only,ELC-1299,06/30/2026
,Orlando Depot,Orlando Municipal Fleet Services,FL,5,99.4,1,20,20894,70,Net New,No confirmed Inspiration match,Electrada only,ELC-1300,06/30/2026
,Denver Logistics Center,Denver Distribution,CO,15,98.1,1,45,39923,37,Net New,No confirmed Inspiration match,Electrada only,ELC-1301,06/30/2026
,Lansing Service Center,Lansing Freight Lines,MI,19,93.4,2,76,26661,86,Net New,No confirmed Inspiration match,Electrada only,ELC-1302,06/30/2026
,Dallas Service Center,Dallas Beverage Co.,TX,26,91.5,5,78,76800,78,Net New,No confirmed Inspiration match,Electrada only,ELC-1303,06/30/2026
,Augusta Service Center,Augusta Construction Supply,GA,29,92.3,3,87,12006,79,Net New,No confirmed Inspiration match,Electrada only,ELC-1304,06/30/2026
,Tucson Depot,Tucson Equipment Rental,AZ,31,89.4,4,62,50216,70,Net New,No confirmed Inspiration match,Electrada only,ELC-1305,06/30/2026
,Columbia Service Center,Columbia Beverage Co.,SC,12,92.9,4,24,15918,80,Net New,No confirmed Inspiration match,Electrada only,ELC-1306,06/30/2026
,Spokane Logistics Center,Spokane Food Service Distribution,WA,34,95.1,2,136,15532,63,Net New,No confirmed Inspiration match,Electrada only,ELC-1307,06/30/2026
,Charleston Logistics Center,Charleston Auto Parts Distribution,SC,27,93.5,4,108,29023,50,Net New,No confirmed Inspiration match,Electrada only,ELC-1308,06/30/2026
,Dayton Yard,Dayton Freight Lines,OH,5,94.8,2,20,20245,79,Net New,No confirmed Inspiration match,Electrada only,ELC-1309,06/30/2026
,Columbia Logistics Center,Columbia Transit Authority,SC,16,95.6,3,64,16213,74,Net New,No confirmed Inspiration match,Electrada only,ELC-1310,06/30/2026
,Phoenix Distribution Hub,Phoenix Equipment Rental,AZ,22,93.5,3,44,63324,80,Net New,No confirmed Inspiration match,Electrada only,ELC-1311,06/30/2026
,Provo Distribution Hub,Provo Cold Storage Logistics,UT,21,98.3,1,84,70315,70,Net New,No confirmed Inspiration match,Electrada only,ELC-1312,06/30/2026
,Provo Fleet Center,Provo Utility Cooperative,UT,15,97.8,0,45,18591,57,Net New,No confirmed Inspiration match,Electrada only,ELC-1313,06/30/2026
,Seattle Service Center,Seattle Auto Parts Distribution,WA,16,96,0,64,30458,66,Net New,No confirmed Inspiration match,Electrada only,ELC-1314,06/30/2026
,Indianapolis Fleet Center,Indianapolis Food Service Distribution,IN,20,94.9,2,60,15015,25,Net New,No confirmed Inspiration match,Electrada only,ELC-1315,06/30/2026
,Tulsa Yard,Tulsa Distribution,OK,7,99.9,1,14,36326,23,Net New,No confirmed Inspiration match,Electrada only,ELC-1316,06/30/2026
,Lansing Service Center,Lansing Healthcare Network,MI,18,94,4,54,39501,39,Net New,No confirmed Inspiration match,Electrada only,ELC-1317,06/30/2026
,Charleston Yard,Charleston Yard Services,SC,17,93.2,5,34,26513,34,Net New,No confirmed Inspiration match,Electrada only,ELC-1318,06/30/2026
,Memphis Yard,Memphis Cold Storage Logistics,TN,20,97.9,1,40,36378,44,Net New,No confirmed Inspiration match,Electrada only,ELC-1319,06/30/2026
,Cincinnati Yard,Cincinnati Cold Storage Logistics,OH,12,94.6,2,36,73776,83,Net New,No confirmed Inspiration match,Electrada only,ELC-1320,06/30/2026
,Greensboro Service Center,Greensboro Equipment Rental,NC,13,93,4,52,28359,25,Net New,No confirmed Inspiration match,Electrada only,ELC-1321,06/30/2026
,Annapolis Depot,Annapolis Transit Authority,MD,13,94,2,39,19740,18,Net New,No confirmed Inspiration match,Electrada only,ELC-1322,06/30/2026
,Jacksonville Charging Hub,Jacksonville Grocery Supply,FL,21,93,2,63,22340,62,Net New,No confirmed Inspiration match,Electrada only,ELC-1323,06/30/2026
,Knoxville Logistics Center,Knoxville Municipal Fleet Services,TN,27,94.7,1,54,27751,39,Net New,No confirmed Inspiration match,Electrada only,ELC-1324,06/30/2026
,Montgomery Fleet Center,Montgomery Waste & Recycling,AL,31,98.5,1,93,20136,77,Net New,No confirmed Inspiration match,Electrada only,ELC-1325,06/30/2026
,Boston Logistics Center,Boston Cold Storage Logistics,MA,20,95.7,2,80,28755,27,Net New,No confirmed Inspiration match,Electrada only,ELC-1326,06/30/2026
,Philadelphia Logistics Center,Philadelphia Transit Authority,PA,14,94.7,4,28,35704,42,Net New,No confirmed Inspiration match,Electrada only,ELC-1327,06/30/2026
,Knoxville Depot,Knoxville Telecom Services,TN,12,93.1,3,36,14643,80,Net New,No confirmed Inspiration match,Electrada only,ELC-1328,06/30/2026
,Las Vegas Service Center,Las Vegas Grocery Supply,NV,35,96.9,2,140,29521,60,Net New,No confirmed Inspiration match,Electrada only,ELC-1329,06/30/2026
,Raleigh Yard,Raleigh Transit Authority,NC,29,95.8,0,87,26102,55,Net New,No confirmed Inspiration match,Electrada only,ELC-1330,06/30/2026
,San Diego Fleet Center,San Diego Linen & Uniform Services,CA,22,96.7,1,44,67604,76,Net New,No confirmed Inspiration match,Electrada only,ELC-1331,06/30/2026
,Toledo Fleet Center,Toledo Logistics,OH,14,95.4,3,56,70725,60,Net New,No confirmed Inspiration match,Electrada only,ELC-1332,06/30/2026
,Annapolis Fleet Center,Annapolis Linen & Uniform Services,MD,13,97.2,1,39,33289,58,Net New,No confirmed Inspiration match,Electrada only,ELC-1333,06/30/2026
,Montgomery Logistics Center,Montgomery Auto Parts Distribution,AL,30,99.4,2,120,14345,56,Net New,No confirmed Inspiration match,Electrada only,ELC-1334,06/30/2026
,Salt Lake City Charging Hub,Salt Lake City Parcel Delivery,UT,32,96.6,3,128,21095,44,Net New,No confirmed Inspiration match,Electrada only,ELC-1335,06/30/2026
,Orlando Depot,Orlando Food Service Distribution,FL,20,97.4,2,40,34125,71,Net New,No confirmed Inspiration match,Electrada only,ELC-1336,06/30/2026
,Minneapolis Fleet Center,Minneapolis Grocery Supply,MN,20,99.2,1,80,18711,25,Net New,No confirmed Inspiration match,Electrada only,ELC-1337,06/30/2026
,Birmingham Logistics Center,Birmingham Logistics Authority,AL,32,99.1,0,128,25266,87,Net New,No confirmed Inspiration match,Electrada only,ELC-1338,06/30/2026
,Macon Logistics Center,Macon Regional Grocery Chain,GA,14,99.9,2,28,29482,41,Net New,No confirmed Inspiration match,Electrada only,ELC-1339,06/30/2026
,Louisville Depot,Louisville Healthcare Network,KY,27,99.9,1,54,17221,82,Net New,No confirmed Inspiration match,Electrada only,ELC-1340,06/30/2026
,Boston Yard,Boston Auto Parts Distribution,MA,11,97.8,0,44,36186,18,Net New,No confirmed Inspiration match,Electrada only,ELC-1341,06/30/2026
,Tulsa Service Center,Tulsa Waste & Recycling,OK,26,95.6,2,104,12681,62,Net New,No confirmed Inspiration match,Electrada only,ELC-1342,06/30/2026
,Bakersfield Logistics Center,Bakersfield Parcel Delivery,CA,16,95,3,64,13603,62,Net New,No confirmed Inspiration match,Electrada only,ELC-1343,06/30/2026
,New Orleans Charging Hub,New Orleans Courier Services,LA,20,98,2,60,17363,71,Net New,No confirmed Inspiration match,Electrada only,ELC-1344,06/30/2026
,Annapolis Distribution Hub,Annapolis Municipal Fleet Services,MD,25,98.8,0,50,15518,57,Net New,No confirmed Inspiration match,Electrada only,ELC-1345,06/30/2026
,Cincinnati Distribution Hub,Cincinnati Auto Parts Distribution,OH,29,99.7,0,116,29303,22,Net New,No confirmed Inspiration match,Electrada only,ELC-1346,06/30/2026
,Tampa Yard,Tampa Linen & Uniform Services,FL,12,89.1,6,48,16710,78,Net New,No confirmed Inspiration match,Electrada only,ELC-1347,06/30/2026
,Montgomery Service Center,Montgomery Telecom Services,AL,28,99.6,1,84,20336,70,Net New,No confirmed Inspiration match,Electrada only,ELC-1348,06/30/2026
,Jersey City Depot,Jersey City Distribution,NJ,13,95.5,3,39,57174,77,Net New,No confirmed Inspiration match,Electrada only,ELC-1349,06/30/2026
,Indianapolis Logistics Center,Indianapolis Distribution,IN,16,97.1,0,64,27993,70,Net New,No confirmed Inspiration match,Electrada only,ELC-1350,06/30/2026
,Salt Lake City Logistics Center,Salt Lake City Regional Grocery Chain,UT,25,92.1,3,100,12008,77,Net New,No confirmed Inspiration match,Electrada only,ELC-1351,06/30/2026
,Provo Yard,Provo Telecom Services,UT,25,93,5,75,18847,40,Net New,No confirmed Inspiration match,Electrada only,ELC-1352,06/30/2026
,Raleigh Fleet Center,Raleigh Grocery Supply,NC,33,89.8,8,99,19954,28,Net New,No confirmed Inspiration match,Electrada only,ELC-1353,06/30/2026
,Indianapolis Service Center,Indianapolis School District,IN,23,96.1,1,92,18116,23,Net New,No confirmed Inspiration match,Electrada only,ELC-1354,06/30/2026
,Indianapolis Charging Hub,Indianapolis Equipment Rental,IN,33,99.9,0,99,15908,59,Net New,No confirmed Inspiration match,Electrada only,ELC-1355,06/30/2026
,Tulsa Charging Hub,Tulsa Telecom Services,OK,20,91.6,5,80,11788,58,Net New,No confirmed Inspiration match,Electrada only,ELC-1356,06/30/2026
,Tacoma Depot,Tacoma Grocery Supply,WA,10,94.9,2,20,14923,58,Net New,No confirmed Inspiration match,Electrada only,ELC-1357,06/30/2026
,Columbus Charging Hub,Columbus Food Service Distribution,OH,12,99.2,0,48,15451,31,Net New,No confirmed Inspiration match,Electrada only,ELC-1358,06/30/2026
,Springfield Service Center,Springfield Logistics,IL,29,95.4,1,116,20941,81,Net New,No confirmed Inspiration match,Electrada only,ELC-1359,06/30/2026
,New Orleans Distribution Hub,New Orleans Beverage Co.,LA,25,97.3,3,75,25445,19,Net New,No confirmed Inspiration match,Electrada only,ELC-1360,06/30/2026
,Worcester Charging Hub,Worcester Food Service Distribution,MA,7,85.5,7,21,12696,65,Net New,No confirmed Inspiration match,Electrada only,ELC-1361,06/30/2026
,Columbus Fleet Center,Columbus School District,OH,9,94,1,27,76372,64,Net New,No confirmed Inspiration match,Electrada only,ELC-1362,06/30/2026
,Eugene Depot,Eugene Parcel Delivery,OR,20,98.8,0,80,35133,47,Net New,No confirmed Inspiration match,Electrada only,ELC-1363,06/30/2026
,Annapolis Logistics Center,Annapolis Utility Cooperative,MD,21,96,2,63,36878,27,Net New,No confirmed Inspiration match,Electrada only,ELC-1364,06/30/2026
,Minneapolis Fleet Center,Minneapolis Healthcare Network,MN,12,95.3,1,24,24097,66,Net New,No confirmed Inspiration match,Electrada only,ELC-1365,06/30/2026
,Rochester Service Center,Rochester Utility Cooperative,NY,15,98.3,3,30,55898,83,Net New,No confirmed Inspiration match,Electrada only,ELC-1366,06/30/2026
,Provo Logistics Center,Provo Grocery Supply,UT,28,90.4,5,84,10883,55,Net New,No confirmed Inspiration match,Electrada only,ELC-1367,06/30/2026
,Toledo Charging Hub,Toledo Regional Grocery Chain,OH,18,91.8,5,54,18671,56,Net New,No confirmed Inspiration match,Electrada only,ELC-1368,06/30/2026
,Brooklyn Service Center,Brooklyn Freight Lines,NY,19,94.8,3,38,26973,72,Net New,No confirmed Inspiration match,Electrada only,ELC-1369,06/30/2026
,Philadelphia Yard,Philadelphia Grocery Supply,PA,34,99.9,1,102,59666,73,Net New,No confirmed Inspiration match,Electrada only,ELC-1370,06/30/2026
,Cleveland Fleet Center,Cleveland Logistics,OH,14,90.7,5,42,53898,58,Net New,No confirmed Inspiration match,Electrada only,ELC-1371,06/30/2026
,Las Vegas Logistics Center,Las Vegas Utility Cooperative,NV,15,94.4,1,45,22489,55,Net New,No confirmed Inspiration match,Electrada only,ELC-1372,06/30/2026
,Greensboro Distribution Hub,Greensboro School District,NC,26,96.8,0,52,21507,23,Net New,No confirmed Inspiration match,Electrada only,ELC-1373,06/30/2026
,Grand Rapids Yard,Grand Rapids Cold Storage Logistics,MI,29,99.9,0,58,25278,18,Net New,No confirmed Inspiration match,Electrada only,ELC-1374,06/30/2026
,Sacramento Depot,Sacramento Linen & Uniform Services,CA,31,88.6,4,124,60741,59,Net New,No confirmed Inspiration match,Electrada only,ELC-1375,06/30/2026
,Las Vegas Charging Hub,Las Vegas Waste & Recycling,NV,31,96.8,0,124,72815,62,Net New,No confirmed Inspiration match,Electrada only,ELC-1376,06/30/2026
,Norfolk Service Center,Norfolk Courier Services,VA,17,95.7,3,34,11451,55,Net New,No confirmed Inspiration match,Electrada only,ELC-1377,06/30/2026
,Buffalo Service Center,Buffalo Beverage Co.,NY,7,93.7,3,21,42713,84,Net New,No confirmed Inspiration match,Electrada only,ELC-1378,06/30/2026
,Annapolis Distribution Hub,Annapolis Construction Supply,MD,30,98,1,120,20214,44,Net New,No confirmed Inspiration match,Electrada only,ELC-1379,06/30/2026
,Seattle Service Center,Seattle Healthcare Network,WA,13,97.8,3,26,30009,79,Net New,No confirmed Inspiration match,Electrada only,ELC-1380,06/30/2026
,Denver Charging Hub,Denver Regional Grocery Chain,CO,6,93.8,5,24,20314,83,Net New,No confirmed Inspiration match,Electrada only,ELC-1381,06/30/2026
,Annapolis Fleet Center,Annapolis Municipal Fleet Services,MD,34,94.5,3,136,18840,79,Net New,No confirmed Inspiration match,Electrada only,ELC-1382,06/30/2026
,Miami Fleet Center,Miami Healthcare Network,FL,24,89.3,7,48,11828,71,Net New,No confirmed Inspiration match,Electrada only,ELC-1383,06/30/2026
,Albany Fleet Center,Albany Utility Cooperative,NY,34,84.5,9,68,42168,31,Net New,No confirmed Inspiration match,Electrada only,ELC-1384,06/30/2026
,Richmond Distribution Hub,Richmond Utility Cooperative,VA,15,89.5,6,30,25494,20,Net New,No confirmed Inspiration match,Electrada only,ELC-1385,06/30/2026
,Springfield Charging Hub,Springfield Utility Cooperative,IL,30,99.5,2,60,23562,88,Net New,No confirmed Inspiration match,Electrada only,ELC-1386,06/30/2026
,Philadelphia Charging Hub,Philadelphia Regional Grocery Chain,PA,29,99.3,0,87,13680,85,Net New,No confirmed Inspiration match,Electrada only,ELC-1387,06/30/2026
,Birmingham Fleet Center,Birmingham Linen & Uniform Services,AL,12,93,3,24,21244,71,Net New,No confirmed Inspiration match,Electrada only,ELC-1388,06/30/2026
,Fort Worth Service Center,Fort Worth Grocery Supply,TX,20,99.9,1,40,42847,35,Net New,No confirmed Inspiration match,Electrada only,ELC-1389,06/30/2026
,Worcester Distribution Hub,Worcester Freight Lines,MA,32,99.9,0,64,12379,78,Net New,No confirmed Inspiration match,Electrada only,ELC-1390,06/30/2026
,Boston Distribution Hub,Boston Municipal Fleet Services,MA,6,98.7,3,24,15309,71,Net New,No confirmed Inspiration match,Electrada only,ELC-1391,06/30/2026
,Orlando Charging Hub,Orlando Healthcare Network,FL,16,98.8,0,64,61590,59,Net New,No confirmed Inspiration match,Electrada only,ELC-1392,06/30/2026
,Toledo Charging Hub,Toledo Healthcare Network,OH,30,94.9,2,90,25838,24,Net New,No confirmed Inspiration match,Electrada only,ELC-1393,06/30/2026
,Fort Wayne Distribution Hub,Fort Wayne Municipal Fleet Services,IN,30,97.1,0,60,28385,55,Net New,No confirmed Inspiration match,Electrada only,ELC-1394,06/30/2026
,Portland Service Center,Portland Grocery Supply,OR,6,94.8,1,24,37697,47,Net New,No confirmed Inspiration match,Electrada only,ELC-1395,06/30/2026
,Atlanta Depot,Atlanta Parcel Delivery,GA,4,97.2,0,8,31548,39,Net New,No confirmed Inspiration match,Electrada only,ELC-1396,06/30/2026
,Kansas City Distribution Hub,Kansas City Construction Supply,MO,30,97.3,2,120,15820,27,Net New,No confirmed Inspiration match,Electrada only,ELC-1397,06/30/2026
,Springfield Distribution Hub,Springfield Grocery Supply,IL,15,99,2,45,25878,74,Net New,No confirmed Inspiration match,Electrada only,ELC-1398,06/30/2026
,Annapolis Logistics Center,Annapolis Linen & Uniform Services,MD,7,96.9,2,21,28139,45,Net New,No confirmed Inspiration match,Electrada only,ELC-1399,06/30/2026
,Provo Charging Hub,Provo Equipment Rental,UT,7,98,2,21,49259,78,Net New,No confirmed Inspiration match,Electrada only,ELC-1400,06/30/2026
,Worcester Fleet Center,Worcester Grocery Supply,MA,7,99.9,2,28,21699,38,Net New,No confirmed Inspiration match,Electrada only,ELC-1401,06/30/2026
,Fresno Distribution Hub,Fresno Parcel Delivery,CA,16,95,2,64,13644,68,Net New,No confirmed Inspiration match,Electrada only,ELC-1402,06/30/2026
,Las Vegas Depot,Las Vegas Distribution,NV,11,89,5,22,29769,86,Net New,No confirmed Inspiration match,Electrada only,ELC-1403,06/30/2026
,Nashville Yard,Nashville Construction Supply,TN,35,96.7,3,140,50417,64,Net New,No confirmed Inspiration match,Electrada only,ELC-1404,06/30/2026
,Louisville Depot,Louisville Linen & Uniform Services,KY,10,99.2,3,20,23666,71,Net New,No confirmed Inspiration match,Electrada only,ELC-1405,06/30/2026
,Charleston Service Center,Charleston Regional Grocery Chain,SC,7,96.9,2,14,55248,75,Net New,No confirmed Inspiration match,Electrada only,ELC-1406,06/30/2026
,Columbia Charging Hub,Columbia Equipment Rental,SC,17,94.7,2,34,13207,57,Net New,No confirmed Inspiration match,Electrada only,ELC-1407,06/30/2026
,Springfield Charging Hub,Springfield School District,IL,18,93.3,3,36,13521,76,Net New,No confirmed Inspiration match,Electrada only,ELC-1408,06/30/2026
,Eugene Charging Hub,Eugene Waste & Recycling,OR,11,93,3,44,14311,59,Net New,No confirmed Inspiration match,Electrada only,ELC-1409,06/30/2026
,Philadelphia Fleet Center,Philadelphia Utility Cooperative,PA,9,97.6,0,27,21448,67,Net New,No confirmed Inspiration match,Electrada only,ELC-1410,06/30/2026
,Durham Depot,Durham Freight Lines,NC,23,97.5,3,46,36281,30,Net New,No confirmed Inspiration match,Electrada only,ELC-1411,06/30/2026
,Greensboro Depot,Greensboro Distribution,NC,26,93,3,104,16815,74,Net New,No confirmed Inspiration match,Electrada only,ELC-1412,06/30/2026
,New Orleans Distribution Hub,New Orleans Construction Supply,LA,11,96.1,0,22,15552,57,Net New,No confirmed Inspiration match,Electrada only,ELC-1413,06/30/2026
,Arlington Charging Hub,Arlington Waste & Recycling,VA,12,90.5,7,24,17685,41,Net New,No confirmed Inspiration match,Electrada only,ELC-1414,06/30/2026
,Nashville Depot,Nashville Telecom Services,TN,34,98.2,2,102,29402,33,Net New,No confirmed Inspiration match,Electrada only,ELC-1415,06/30/2026
,Savannah Fleet Center,Savannah Courier Services,GA,11,94.4,2,44,37022,30,Net New,No confirmed Inspiration match,Electrada only,ELC-1416,06/30/2026
,Philadelphia Fleet Center,Philadelphia Builders Supply,PA,19,97.6,0,76,46225,55,Net New,No confirmed Inspiration match,Electrada only,ELC-1417,06/30/2026
,Atlanta Service Center,Atlanta Courier Services,GA,17,95.3,2,34,38893,43,Net New,No confirmed Inspiration match,Electrada only,ELC-1418,06/30/2026
,Milwaukee Yard,Milwaukee Equipment Rental,WI,9,92.6,3,36,24753,87,Net New,No confirmed Inspiration match,Electrada only,ELC-1419,06/30/2026
,Columbia Yard,Columbia Parcel Delivery,SC,25,95.8,1,100,34948,39,Net New,No confirmed Inspiration match,Electrada only,ELC-1420,06/30/2026
,Toledo Depot,Toledo Food Service Distribution,OH,24,95.8,0,72,27920,70,Net New,No confirmed Inspiration match,Electrada only,ELC-1421,06/30/2026
,Raleigh Depot,Raleigh School District,NC,17,96.5,2,51,71439,57,Net New,No confirmed Inspiration match,Electrada only,ELC-1422,06/30/2026
,Springfield Depot,Springfield Telecom Services,MO,8,99.2,2,16,36980,44,Net New,No confirmed Inspiration match,Electrada only,ELC-1423,06/30/2026
,Cleveland Charging Hub,Cleveland Food Service Distribution,OH,35,98.7,2,105,33638,65,Net New,No confirmed Inspiration match,Electrada only,ELC-1424,06/30/2026
,Grand Rapids Logistics Center,Grand Rapids Cold Storage Logistics,MI,11,98.7,1,22,12064,69,Net New,No confirmed Inspiration match,Electrada only,ELC-1425,06/30/2026
,Denver Depot,Denver Food Service Distribution,CO,19,99.9,0,76,37937,39,Net New,No confirmed Inspiration match,Electrada only,ELC-1426,06/30/2026
,Tulsa Logistics Center,Tulsa Healthcare Network,OK,25,91.5,4,100,59972,55,Net New,No confirmed Inspiration match,Electrada only,ELC-1427,06/30/2026
,Philadelphia Fleet Center,Philadelphia Auto Parts Distribution,PA,34,92.9,2,102,16361,77,Net New,No confirmed Inspiration match,Electrada only,ELC-1428,06/30/2026
,Tacoma Yard,Tacoma Auto Parts Distribution,WA,25,97.9,0,50,17287,83,Net New,No confirmed Inspiration match,Electrada only,ELC-1429,06/30/2026
,Lansing Service Center,Lansing Construction Supply,MI,17,95.4,2,34,20937,65,Net New,No confirmed Inspiration match,Electrada only,ELC-1430,06/30/2026
,Aurora Fleet Center,Aurora Auto Parts Distribution,CO,35,95.7,2,105,14969,67,Net New,No confirmed Inspiration match,Electrada only,ELC-1431,06/30/2026
,Salt Lake City Logistics Center,Salt Lake City Healthcare Network,UT,4,99,2,8,19109,77,Net New,No confirmed Inspiration match,Electrada only,ELC-1432,06/30/2026
,Portland Service Center,Portland Construction Supply,OR,28,93.6,3,56,38632,22,Net New,No confirmed Inspiration match,Electrada only,ELC-1433,06/30/2026
,Arlington Fleet Center,Arlington Telecom Services,VA,22,92.3,3,88,15542,58,Net New,No confirmed Inspiration match,Electrada only,ELC-1434,06/30/2026
,Worcester Charging Hub,Worcester Courier Services,MA,5,99.9,0,10,24132,42,Net New,No confirmed Inspiration match,Electrada only,ELC-1435,06/30/2026
,Trenton Service Center,Trenton Linen & Uniform Services,NJ,33,99.1,1,66,18074,50,Net New,No confirmed Inspiration match,Electrada only,ELC-1436,06/30/2026
,Oakland Service Center,Oakland Transit Authority,CA,21,96.4,0,84,42835,19,Net New,No confirmed Inspiration match,Electrada only,ELC-1437,06/30/2026
,Lansing Service Center,Lansing Airport Authority,MI,28,86.4,7,84,17652,86,Net New,No confirmed Inspiration match,Electrada only,ELC-1438,06/30/2026
,Oklahoma City Depot,Oklahoma City Construction Supply,OK,16,98.1,2,64,60185,88,Net New,No confirmed Inspiration match,Electrada only,ELC-1439,06/30/2026
,Knoxville Service Center,Knoxville Distribution,TN,28,95.7,0,112,11616,75,Net New,No confirmed Inspiration match,Electrada only,ELC-1440,06/30/2026
,Worcester Distribution Hub,Worcester Healthcare Network,MA,20,93,4,60,22742,35,Net New,No confirmed Inspiration match,Electrada only,ELC-1441,06/30/2026
,Savannah Service Center,Savannah Auto Parts Distribution,GA,30,92.4,6,90,42553,48,Net New,No confirmed Inspiration match,Electrada only,ELC-1442,06/30/2026
,Eugene Fleet Center,Eugene Beverage Co.,OR,27,90.3,4,108,24724,62,Net New,No confirmed Inspiration match,Electrada only,ELC-1443,06/30/2026
,Albany Depot,Albany Logistics,NY,23,91.3,4,69,28158,44,Net New,No confirmed Inspiration match,Electrada only,ELC-1444,06/30/2026
,Oklahoma City Charging Hub,Oklahoma City Equipment Rental,OK,15,99.9,2,60,27691,43,Net New,No confirmed Inspiration match,Electrada only,ELC-1445,06/30/2026
,Spokane Yard,Spokane Telecom Services,WA,35,97.1,0,70,32053,88,Net New,No confirmed Inspiration match,Electrada only,ELC-1446,06/30/2026
,Lansing Distribution Hub,Lansing Equipment Rental,MI,25,93.2,4,100,72907,55,Net New,No confirmed Inspiration match,Electrada only,ELC-1447,06/30/2026
,Salt Lake City Logistics Center,Salt Lake City Food Service Distribution,UT,17,95.2,1,68,22476,69,Net New,No confirmed Inspiration match,Electrada only,ELC-1448,06/30/2026
,Portland Charging Hub,Portland Linen & Uniform Services,OR,6,94.7,1,24,17198,73,Net New,No confirmed Inspiration match,Electrada only,ELC-1449,06/30/2026
,Durham Yard,Durham Auto Parts Distribution,NC,8,96.6,0,32,20066,24,Net New,No confirmed Inspiration match,Electrada only,ELC-1450,06/30/2026
,Miami Service Center,Miami Utility Cooperative,FL,8,91.4,4,16,15056,47,Net New,No confirmed Inspiration match,Electrada only,ELC-1451,06/30/2026
,Minneapolis Depot,Minneapolis Municipal Fleet Services,MN,7,99.6,1,28,40321,25,Net New,No confirmed Inspiration match,Electrada only,ELC-1452,06/30/2026
,Kansas City Yard,Kansas City Equipment Rental,MO,25,95.3,2,100,16500,68,Net New,No confirmed Inspiration match,Electrada only,ELC-1453,06/30/2026
,Allentown Service Center,Allentown Construction Supply,PA,18,95.5,4,72,25322,72,Net New,No confirmed Inspiration match,Electrada only,ELC-1454,06/30/2026
,Birmingham Distribution Hub,Birmingham Food Service Distribution,AL,28,94.7,3,112,30923,58,Net New,No confirmed Inspiration match,Electrada only,ELC-1455,06/30/2026
,Baton Rouge Charging Hub,Baton Rouge Construction Supply,LA,20,99.5,0,40,25120,47,Net New,No confirmed Inspiration match,Electrada only,ELC-1456,06/30/2026
,Tucson Yard,Tucson Auto Parts Distribution,AZ,29,97.1,2,58,27058,88,Net New,No confirmed Inspiration match,Electrada only,ELC-1457,06/30/2026
,San Antonio Service Center,San Antonio Grocery Supply,TX,16,96.1,1,64,27880,19,Net New,No confirmed Inspiration match,Electrada only,ELC-1458,06/30/2026
,Boston Charging Hub,Boston Beverage Co.,MA,30,93.5,1,60,75241,71,Net New,No confirmed Inspiration match,Electrada only,ELC-1459,06/30/2026
,Annapolis Charging Hub,Annapolis Cold Storage Logistics,MD,24,98.9,2,48,38795,19,Net New,No confirmed Inspiration match,Electrada only,ELC-1460,06/30/2026
,Baton Rouge Distribution Hub,Baton Rouge Waste & Recycling,LA,13,96.7,0,39,16355,76,Net New,No confirmed Inspiration match,Electrada only,ELC-1461,06/30/2026
,Baton Rouge Yard,Baton Rouge Courier Services,LA,20,94.8,2,60,19559,88,Net New,No confirmed Inspiration match,Electrada only,ELC-1462,06/30/2026
,Lansing Yard,Lansing Healthcare Network,MI,12,97.9,4,24,29590,79,Net New,No confirmed Inspiration match,Electrada only,ELC-1463,06/30/2026
,Houston Service Center,Houston Beverage Co.,TX,17,99.7,0,34,24168,84,Net New,No confirmed Inspiration match,Electrada only,ELC-1464,06/30/2026
,Springfield Depot,Springfield Grocery Supply,MO,17,93.9,5,51,78746,63,Net New,No confirmed Inspiration match,Electrada only,ELC-1465,06/30/2026
,Tucson Distribution Hub,Tucson Municipal Fleet Services,AZ,32,94.2,0,128,38114,33,Net New,No confirmed Inspiration match,Electrada only,ELC-1466,06/30/2026
,Charleston Depot,Charleston Courier Services,SC,11,91.8,3,33,55636,69,Net New,No confirmed Inspiration match,Electrada only,ELC-1467,06/30/2026
,San Antonio Depot,San Antonio Food Service Distribution,TX,6,97.3,1,12,43190,80,Net New,No confirmed Inspiration match,Electrada only,ELC-1468,06/30/2026
,Denver Distribution Hub,Denver Regional Grocery Chain,CO,30,99.4,0,90,40690,24,Net New,No confirmed Inspiration match,Electrada only,ELC-1469,06/30/2026
,Louisville Distribution Hub,Louisville Transit Authority,KY,14,93.2,5,56,27363,19,Net New,No confirmed Inspiration match,Electrada only,ELC-1470,06/30/2026
,Baltimore Fleet Center,Baltimore Linen & Uniform Services,MD,8,92.8,4,32,34534,47,Net New,No confirmed Inspiration match,Electrada only,ELC-1471,06/30/2026
,Spokane Charging Hub,Spokane Logistics,WA,17,99.9,1,51,27051,31,Net New,No confirmed Inspiration match,Electrada only,ELC-1472,06/30/2026
,Eugene Charging Hub,Eugene Waste & Recycling,OR,26,97,2,104,16661,60,Net New,No confirmed Inspiration match,Electrada only,ELC-1473,06/30/2026
,Tampa Depot,Tampa Equipment Rental,FL,13,91.7,4,39,10614,57,Net New,No confirmed Inspiration match,Electrada only,ELC-1474,06/30/2026
,Savannah Yard,Savannah Linen & Uniform Services,GA,30,96.9,0,120,32004,60,Net New,No confirmed Inspiration match,Electrada only,ELC-1475,06/30/2026
,Boston Depot,Boston Distribution,MA,5,96.2,3,15,25137,36,Net New,No confirmed Inspiration match,Electrada only,ELC-1476,06/30/2026
,Trenton Depot,Trenton School District,NJ,26,94.8,3,52,13628,65,Net New,No confirmed Inspiration match,Electrada only,ELC-1477,06/30/2026
,St. Paul Service Center,St. Paul Auto Parts Distribution,MN,19,99.6,1,57,12692,55,Net New,No confirmed Inspiration match,Electrada only,ELC-1478,06/30/2026
,Louisville Logistics Center,Louisville Telecom Services,KY,14,96.6,1,28,38926,39,Net New,No confirmed Inspiration match,Electrada only,ELC-1479,06/30/2026
,Miami Distribution Hub,Miami Construction Supply,FL,14,97.1,1,56,31301,60,Net New,No confirmed Inspiration match,Electrada only,ELC-1480,06/30/2026
,Minneapolis Yard,Minneapolis Grocery Supply,MN,20,96.9,0,60,22176,65,Net New,No confirmed Inspiration match,Electrada only,ELC-1481,06/30/2026
,Charleston Fleet Center,Charleston Healthcare Network,SC,20,98.1,0,40,15269,64,Net New,No confirmed Inspiration match,Electrada only,ELC-1482,06/30/2026
,Minneapolis Charging Hub,Minneapolis Auto Parts Distribution,MN,29,95.9,4,87,23776,18,Net New,No confirmed Inspiration match,Electrada only,ELC-1483,06/30/2026
,Cleveland Service Center,Cleveland Beverage Co.,OH,11,95.3,2,44,39746,29,Net New,No confirmed Inspiration match,Electrada only,ELC-1484,06/30/2026
,Las Vegas Distribution Hub,Las Vegas Freight Lines,NV,30,91.2,5,120,34386,61,Net New,No confirmed Inspiration match,Electrada only,ELC-1485,06/30/2026
,Provo Logistics Center,Provo Telecom Services,UT,5,91.6,3,10,61990,72,Net New,No confirmed Inspiration match,Electrada only,ELC-1486,06/30/2026
,Milwaukee Service Center,Milwaukee Grocery Supply,WI,14,99.9,0,56,19309,66,Net New,No confirmed Inspiration match,Electrada only,ELC-1487,06/30/2026
,Sacramento Depot,Sacramento Courier Services,CA,28,97.5,1,112,15242,72,Net New,No confirmed Inspiration match,Electrada only,ELC-1488,06/30/2026
,Salt Lake City Charging Hub,Salt Lake City Utility Cooperative,UT,15,98.6,0,30,37139,41,Net New,No confirmed Inspiration match,Electrada only,ELC-1489,06/30/2026
,Nashville Yard,Nashville Parcel Delivery,TN,28,96.7,3,112,13147,78,Net New,No confirmed Inspiration match,Electrada only,ELC-1490,06/30/2026
,Colorado Springs Logistics Center,Colorado Springs Courier Services,CO,7,96.6,2,14,18847,73,Net New,No confirmed Inspiration match,Electrada only,ELC-1491,06/30/2026
,San Antonio Distribution Hub,San Antonio Municipal Fleet Services,TX,11,91.1,4,22,17847,69,Net New,No confirmed Inspiration match,Electrada only,ELC-1492,06/30/2026
,Grand Rapids Distribution Hub,Grand Rapids Distribution,MI,8,98.1,0,24,62187,58,Net New,No confirmed Inspiration match,Electrada only,ELC-1493,06/30/2026
,Dayton Distribution Hub,Dayton Parcel Delivery,OH,17,90.4,8,51,15917,33,Net New,No confirmed Inspiration match,Electrada only,ELC-1494,06/30/2026
,Richmond Distribution Hub,Richmond Linen & Uniform Services,VA,10,92.5,4,20,48633,59,Net New,No confirmed Inspiration match,Electrada only,ELC-1495,06/30/2026
,Baton Rouge Distribution Hub,Baton Rouge Cold Storage Logistics,LA,17,93.6,2,34,19215,66,Net New,No confirmed Inspiration match,Electrada only,ELC-1496,06/30/2026
,Richmond Charging Hub,Richmond Cold Storage Logistics,VA,5,99.7,2,20,42600,32,Net New,No confirmed Inspiration match,Electrada only,ELC-1497,06/30/2026
,Lexington Logistics Center,Lexington Regional Grocery Chain,KY,27,99.8,1,81,64099,66,Net New,No confirmed Inspiration match,Electrada only,ELC-1498,06/30/2026
,Columbia Depot,Columbia Logistics,SC,9,98.8,1,27,27192,63,Net New,No confirmed Inspiration match,Electrada only,ELC-1499,06/30/2026
,Oklahoma City Service Center,Oklahoma City Equipment Rental,OK,16,99.5,1,64,11909,59,Net New,No confirmed Inspiration match,Electrada only,ELC-1500,06/30/2026
,St. Louis Yard,St. Louis Linen & Uniform Services,MO,17,94.3,4,68,27707,67,Net New,No confirmed Inspiration match,Electrada only,ELC-1501,06/30/2026
,Philadelphia Fleet Center,Philadelphia Freight Lines,PA,6,93.4,5,24,16308,65,Net New,No confirmed Inspiration match,Electrada only,ELC-1502,06/30/2026
,Denver Charging Hub,Denver School District,CO,33,97.7,0,99,11127,71,Net New,No confirmed Inspiration match,Electrada only,ELC-1503,06/30/2026
,Colorado Springs Logistics Center,Colorado Springs Waste & Recycling,CO,13,98.9,0,26,22748,69,Net New,No confirmed Inspiration match,Electrada only,ELC-1504,06/30/2026
,Detroit Charging Hub,Detroit Beverage Co.,MI,30,89.7,6,90,34093,64,Net New,No confirmed Inspiration match,Electrada only,ELC-1505,06/30/2026
,Montgomery Depot,Montgomery Airport Authority,AL,31,98.2,0,62,27344,66,Net New,No confirmed Inspiration match,Electrada only,ELC-1506,06/30/2026
,Salt Lake City Charging Hub,Salt Lake City Airport Authority,UT,28,94.3,3,84,41803,25,Net New,No confirmed Inspiration match,Electrada only,ELC-1507,06/30/2026
,Newark Fleet Center,Newark Courier Services,NJ,27,98.4,1,54,43688,42,Net New,No confirmed Inspiration match,Electrada only,ELC-1508,06/30/2026
,Knoxville Logistics Center,Knoxville Cold Storage Logistics,TN,27,89.8,5,108,31485,58,Net New,No confirmed Inspiration match,Electrada only,ELC-1509,06/30/2026
,Madison Yard,Madison Grocery Supply,WI,4,92.4,3,16,17851,75,Net New,No confirmed Inspiration match,Electrada only,ELC-1510,06/30/2026
,New Orleans Charging Hub,New Orleans Airport Authority,LA,30,97.2,2,90,64301,78,Net New,No confirmed Inspiration match,Electrada only,ELC-1511,06/30/2026
,Spokane Yard,Spokane Courier Services,WA,18,91.6,4,36,67576,59,Net New,No confirmed Inspiration match,Electrada only,ELC-1512,06/30/2026
,Springfield Distribution Hub,Springfield Municipal Fleet Services,MO,26,89.9,5,78,30748,48,Net New,No confirmed Inspiration match,Electrada only,ELC-1513,06/30/2026
,Columbia Charging Hub,Columbia Regional Grocery Chain,SC,29,89,6,87,56290,67,Net New,No confirmed Inspiration match,Electrada only,ELC-1514,06/30/2026
,Tampa Charging Hub,Tampa Cold Storage Logistics,FL,8,99.8,1,32,78587,57,Net New,No confirmed Inspiration match,Electrada only,ELC-1515,06/30/2026
,Phoenix Yard,Phoenix Auto Parts Distribution,AZ,21,99.5,0,42,22844,69,Net New,No confirmed Inspiration match,Electrada only,ELC-1516,06/30/2026
,Knoxville Yard,Knoxville Parcel Delivery,TN,11,96.7,1,22,22698,76,Net New,No confirmed Inspiration match,Electrada only,ELC-1517,06/30/2026
,Dayton Depot,Dayton Utility Cooperative,OH,30,96.7,1,90,11330,71,Net New,No confirmed Inspiration match,Electrada only,ELC-1518,06/30/2026
,Columbus Charging Hub,Columbus Auto Parts Distribution,OH,20,88.9,5,40,20598,50,Net New,No confirmed Inspiration match,Electrada only,ELC-1519,06/30/2026
,Kansas City Charging Hub,Kansas City Grocery Supply,MO,7,96.6,1,21,32517,37,Net New,No confirmed Inspiration match,Electrada only,ELC-1520,06/30/2026
,New Orleans Distribution Hub,New Orleans Courier Services,LA,13,89.6,6,26,22674,69,Net New,No confirmed Inspiration match,Electrada only,ELC-1521,06/30/2026
,Milwaukee Logistics Center,Milwaukee Regional Grocery Chain,WI,31,96.5,0,124,39985,33,Net New,No confirmed Inspiration match,Electrada only,ELC-1522,06/30/2026
,Lexington Yard,Lexington Linen & Uniform Services,KY,25,98.7,1,100,25770,32,Net New,No confirmed Inspiration match,Electrada only,ELC-1523,06/30/2026
,Norfolk Charging Hub,Norfolk Grocery Supply,VA,33,91.1,5,66,17150,28,Net New,No confirmed Inspiration match,Electrada only,ELC-1524,06/30/2026
,Sacramento Charging Hub,Sacramento Municipal Fleet Services,CA,23,90.9,7,69,15911,38,Net New,No confirmed Inspiration match,Electrada only,ELC-1525,06/30/2026
,Cleveland Yard,Cleveland Distribution,OH,19,99.9,0,38,28918,50,Net New,No confirmed Inspiration match,Electrada only,ELC-1526,06/30/2026
,Charleston Depot,Charleston Regional Grocery Chain,SC,23,99,1,46,26341,82,Net New,No confirmed Inspiration match,Electrada only,ELC-1527,06/30/2026
,Kansas City Charging Hub,Kansas City Freight Lines,MO,18,90.7,5,72,42530,46,Net New,No confirmed Inspiration match,Electrada only,ELC-1528,06/30/2026
,Lexington Service Center,Lexington Auto Parts Distribution,KY,33,98.7,0,66,15612,63,Net New,No confirmed Inspiration match,Electrada only,ELC-1529,06/30/2026
,Toledo Distribution Hub,Toledo Regional Grocery Chain,OH,23,92,3,92,16404,64,Net New,No confirmed Inspiration match,Electrada only,ELC-1530,06/30/2026
,Spokane Logistics Center,Spokane Waste & Recycling,WA,7,90.3,4,14,17212,24,Net New,No confirmed Inspiration match,Electrada only,ELC-1531,06/30/2026
,Columbia Service Center,Columbia Telecom Services,SC,30,98.4,2,90,32956,47,Net New,No confirmed Inspiration match,Electrada only,ELC-1532,06/30/2026
,Baltimore Yard,Baltimore Beverage Co.,MD,28,98.1,0,84,28285,36,Net New,No confirmed Inspiration match,Electrada only,ELC-1533,06/30/2026
,Lexington Logistics Center,Lexington Healthcare Network,KY,12,95.5,1,36,62206,70,Net New,No confirmed Inspiration match,Electrada only,ELC-1534,06/30/2026
,Austin Yard,Austin Linen & Uniform Services,TX,13,87.8,6,52,27201,39,Net New,No confirmed Inspiration match,Electrada only,ELC-1535,06/30/2026
,Portland Service Center,Portland Regional Grocery Chain,OR,4,99.6,2,8,15644,57,Net New,No confirmed Inspiration match,Electrada only,ELC-1536,06/30/2026
,Chicago Distribution Hub,Chicago Telecom Services,IL,23,91.9,3,69,12326,62,Net New,No confirmed Inspiration match,Electrada only,ELC-1537,06/30/2026
,Denver Charging Hub,Denver Regional Grocery Chain,CO,19,98.1,1,38,27367,27,Net New,No confirmed Inspiration match,Electrada only,ELC-1538,06/30/2026
,Tulsa Service Center,Tulsa Freight Lines,OK,24,90.3,4,72,18928,39,Net New,No confirmed Inspiration match,Electrada only,ELC-1539,06/30/2026
,Portland Depot,Portland Utility Cooperative,OR,12,99.9,1,48,17128,84,Net New,No confirmed Inspiration match,Electrada only,ELC-1540,06/30/2026
,Springfield Depot,Springfield Municipal Fleet Services,IL,25,88.7,7,75,61439,56,Net New,No confirmed Inspiration match,Electrada only,ELC-1541,06/30/2026
,Las Vegas Service Center,Las Vegas Parcel Delivery,NV,8,94.5,4,24,22809,79,Net New,No confirmed Inspiration match,Electrada only,ELC-1542,06/30/2026
,Allentown Service Center,Allentown Cold Storage Logistics,PA,24,97.6,2,72,34318,77,Net New,No confirmed Inspiration match,Electrada only,ELC-1543,06/30/2026
,Indianapolis Yard,Indianapolis Auto Parts Distribution,IN,8,93.5,2,32,42785,41,Net New,No confirmed Inspiration match,Electrada only,ELC-1544,06/30/2026
,Boston Depot,Boston Cold Storage Logistics,MA,33,94.8,0,132,17146,82,Net New,No confirmed Inspiration match,Electrada only,ELC-1545,06/30/2026
,Cincinnati Yard,Cincinnati Linen & Uniform Services,OH,26,98.6,0,104,39203,28,Net New,No confirmed Inspiration match,Electrada only,ELC-1546,06/30/2026
,Spokane Fleet Center,Spokane Beverage Co.,WA,24,99.9,0,72,52243,86,Net New,No confirmed Inspiration match,Electrada only,ELC-1547,06/30/2026
,Baltimore Charging Hub,Baltimore Regional Grocery Chain,MD,28,99.8,0,56,28696,41,Net New,No confirmed Inspiration match,Electrada only,ELC-1548,06/30/2026
,Los Angeles Yard,Los Angeles Grocery Supply,CA,17,95.5,2,68,18496,64,Net New,No confirmed Inspiration match,Electrada only,ELC-1549,06/30/2026
,Durham Distribution Hub,Durham Logistics,NC,20,93.5,3,40,46052,55,Net New,No confirmed Inspiration match,Electrada only,ELC-1550,06/30/2026
,Baton Rouge Yard,Baton Rouge Transit Authority,LA,20,95.3,4,40,79513,66,Net New,No confirmed Inspiration match,Electrada only,ELC-1551,06/30/2026
,Las Vegas Logistics Center,Las Vegas Food Service Distribution,NV,11,97.4,0,44,21953,50,Net New,No confirmed Inspiration match,Electrada only,ELC-1552,06/30/2026
,Oakland Yard,Oakland Logistics,CA,8,91.6,6,32,22536,65,Net New,No confirmed Inspiration match,Electrada only,ELC-1553,06/30/2026
,Minneapolis Distribution Hub,Minneapolis Construction Supply,MN,19,98.4,0,57,25079,65,Net New,No confirmed Inspiration match,Electrada only,ELC-1554,06/30/2026
,Minneapolis Fleet Center,Minneapolis Municipal Fleet Services,MN,16,95.5,1,64,52032,81,Net New,No confirmed Inspiration match,Electrada only,ELC-1555,06/30/2026
,St. Louis Fleet Center,St. Louis Food Service Distribution,MO,21,95.1,3,84,23816,59,Net New,No confirmed Inspiration match,Electrada only,ELC-1556,06/30/2026
,Jacksonville Service Center,Jacksonville Beverage Co.,FL,26,98.2,1,104,26316,80,Net New,No confirmed Inspiration match,Electrada only,ELC-1557,06/30/2026
,Minneapolis Charging Hub,Minneapolis Municipal Fleet Services,MN,4,99.6,0,12,38161,45,Net New,No confirmed Inspiration match,Electrada only,ELC-1558,06/30/2026
,Madison Service Center,Madison Transit Authority,WI,4,97.3,1,16,28952,43,Net New,No confirmed Inspiration match,Electrada only,ELC-1559,06/30/2026
,Baton Rouge Charging Hub,Baton Rouge Food Service Distribution,LA,18,91.4,5,72,19680,25,Net New,No confirmed Inspiration match,Electrada only,ELC-1560,06/30/2026
,Charlotte Fleet Center,Charlotte Auto Parts Distribution,NC,32,99.6,3,96,25731,75,Net New,No confirmed Inspiration match,Electrada only,ELC-1561,06/30/2026
,St. Paul Logistics Center,St. Paul Waste & Recycling,MN,28,93.2,3,84,10550,78,Net New,No confirmed Inspiration match,Electrada only,ELC-1562,06/30/2026
,New Orleans Distribution Hub,New Orleans Freight Lines,LA,35,93.7,4,70,10620,67,Net New,No confirmed Inspiration match,Electrada only,ELC-1563,06/30/2026
,Phoenix Charging Hub,Phoenix School District,AZ,18,95.5,0,36,17757,64,Net New,No confirmed Inspiration match,Electrada only,ELC-1564,06/30/2026